results.address_1,results.city,results.classification,results.code_info,results.country,results.distribution_pattern,event_id,results.initial_firm_notification,results.product_description,results.postal_code,results.product_quantity,results.product_type,results.reason_for_recall,results.recall_number,results.recalling_firm,results.state,results.status,results.voluntary_mandated,recall_initiation_date,report_date,center_classification_date,termination_date
#10  Pictsweet Drive,Bells,Class I,"969 cases of 8 units:   Best if Used by 3/28/2018: 0886KH,0886KQ,0886KR,0886KR,0886KR,0886KT;  Best if Used by 4/5/2018: 0966KB,0966KD,0966KE,0966KJ    6015 Cases of 12 units:  Best if Used by 3/19/2018:  0796KD,0796KE,0796KF,0796KG,0796KJ,0796KK,0796KL,0796KN,0796KP,  0796KQ,0796KR,0796KS,0796KT,0796KU,0796KV;",United States,nationwide,73853,E-Mail,"PICTSWEET(R) Steamables, Seasoned Spring Vegetables, with Asparagus and Ground Peppercorn Seasoning, NET WT 10 OZ (283g), UPC 70560 97826, DISTRIBUTED BY THE PICTSWEET COMPANY, BELLS, TN 38006",38006,79932 units,Food,Products contain onions which were recalled for the possibility of Listeria monocytogenes contamination.,F-1659-2016,The Pictsweet Company,TN,Terminated,Voluntary: Firm initiated,2016-04-09,2016-07-13,2016-07-07,2017-08-03
#10  Pictsweet Drive,Bells,Class I,"a) UPC 11110 89791: Lot Codes:  0896BG, 0896BH, 0896BJ, 0896BK, 0896KA, 0896KB, 0956BA, 0956BB, 0956BC, 0956BD, 0956BG, 0956BJ    b) UPC 70560 96609: Lot Codes:  0826BA, 0826BB, 0826BC, 0826BD, 0826BE, 0826BF, 0826BG, 0826BH, 0906BA, 0906BB",United States,nationwide,73853,E-Mail,"Frozen chopped onions labeled as:    a) Kroger(R) CHOPPED ONIONS, RECIPE BEGINNINGS(R), NET WT 12 OZ (340g), UPC 11110 89791, DISTRIBUTED BY THE KROGER COMPANY, CINCINNATI, OH 45202    b) PICTSWEET(R) Chopped Onions, recipe helper, NET WT 10 OZ (283g), UPC 70560 96609, DISTRIBUTED BY THE PICTSWEET COMPANY, BELLS, TN 38006",38006,81752 units,Food,Products contain onions which were recalled for the possibility of Listeria monocytogenes contamination.,F-1655-2016,The Pictsweet Company,TN,Terminated,Voluntary: Firm initiated,2016-04-09,2016-07-13,2016-07-07,2017-08-03
#10  Pictsweet Drive,Bells,Class I,"BEST IF USED BY: Aug 3 2016, Aug 5 2016, Nov 9 2016, Nov 10 2016; with Mfg Code ### # K # #",United States,nationwide,74123,"Two or more of the following: Email, Fax, Letter, Press Release, Telephone, Visit","Pictsweet(R) Seasoned Summer Vegetables, NET WT 12 OZ. (340g), DISTRIBUTED BY THE PICTSWEET COMPANY, BELLS, TN 38305, UPC 7056097622",38006,"871,952 Cases Total",Food,"Possible Listeria Monocytogenes contamination in bulk vegetables supplied by CRF Frozen Foods, LLC used in manufacturing several Pictsweet products.",F-2232-2016,The Pictsweet Company,TN,Terminated,Voluntary: Firm initiated,2016-05-06,2016-09-21,2016-09-14,2017-08-03
#10  Pictsweet Drive,Bells,Class I,"Sell by SEP-17: 0896BR, 0896BS, 0896BU,0896BT",United States,nationwide,73853,E-Mail,"Kroger(R) CAJUN STYLE MIREPOIX BLEND, onions, celery, and green bell peppers, RECIPE BEGINNINGS(R), NET WT 12 OZ (340g), UPC 11110 89787, DISTRIBUTED BY THE KROGER COMPANY, CINCINNATI, OH 45202",38006,11704 units,Food,Products contain onions which were recalled for the possibility of Listeria monocytogenes contamination.,F-1656-2016,The Pictsweet Company,TN,Terminated,Voluntary: Firm initiated,2016-04-09,2016-07-13,2016-07-07,2017-08-03
07090 68th St,South Haven,Class III,"Catalog number: #65: UPC 771733110372; and lot numbers: 11156,12104, 12222, and 12290.",United States,nationwide,61842,Letter,Middle-Age Energy Booster bottles of 60 tablets taken orally Nokomis Research Inc  Bell Lifestyle Products #65,49090-8119,1981 bottles,Food,"The products contain synthetic equivalents of spermine and/or spermidine, which are constituents or extracts of an herb or other botanical, and the that a synthetic copy of a constituent or extract of an herb or other botanical is not a dietary ingredient, and such ingredients must be approved for use in supplements.  The use has not been approved.",F-1732-2012,"H & L Jerch Sales, Inc.",MI,Terminated,Voluntary: Firm initiated,2012-06-11,2012-07-18,2012-07-06,2013-02-12
1 Blue Bunny Dr SW,Le Mars,Class I,UPC 070640014644  LOT 60001 MM 19115 6228  BEST IF USED BY 02/13/18; and    UPC 070640014651  (High altitude)  LOT 60001 MM 19115 6229  BEST IF USED BY 02/14/18,United States,"Product was distributed to NE, OK, KS, MO, AZ, and TX.",75405,"Two or more of the following: Email, Fax, Letter, Press Release, Telephone, Visit",Blue Bunny Ice Cream Hoppin' Holidoodle ice cream 46 fl. oz. UPC 070640014644 and UPC 070640014651 (high altitude).,51031-2207,7192 cases,Food,Product may be contaminated with Listeria monocytogenes.,F-0479-2017,"Wells Enterprises, Inc.",IA,Terminated,Voluntary: Firm initiated,2016-10-10,2016-11-30,2016-11-18,2017-01-05
1 Coca Cola Plz Nw,Atlanta,Class II,"UPC: 014054 13505 2, Production Date: 09/19/14 and 09/20/14, Best By Date: DEC 18 14 and DEC 19 14 (15.2oz) and UPC: 0 14054 13504 5, Production Date: 09/13/214 and 09/14/14, Best By Date: DEC 12 14 and DEC 13 14 (32.0 oz)",United States,U.S. Nationwide,69801,Visit,"Odwalla Chocolate Protein Shake, 15.2 fl. oz, and 32 fl. oz bottles, Distributed by: Odwalla, Inc., Dinuba, CA 93618.",30313-2420,"30,390 units (32oz) and 158,880 units (15.2oz) total",Food,There is the potential that some of the bottles could exhibit spoilage before end of shelf life.,F-0711-2015,Coca-Cola Company  (The),GA,Terminated,Voluntary: Firm initiated,2014-10-23,2014-12-24,2014-12-12,2015-01-13
1 Dangelo Dr,Marlborough,Class I,Date Code:   MFG: 23/JUL/12,United States,"AL,FL,GA,IL,KY,MS,NC,NE,NM,NV,OH,OK,SC,TN,TX,WI",62680,"Two or more of the following: Email, Fax, Letter, Press Release, Telephone, Visit",Lee's Cole Slaw Dressing 40oz pouches  Product Code: FQ2103,01752-3066,220 cases,Food,Products manufactured with Gills Onions recalled due to potential for Listeria monocytogenes,F-1866-2012,"Ken's Foods, Inc.",MA,Terminated,Voluntary: Firm initiated,2012-07-26,2012-08-15,2012-08-08,2016-03-22
1 E Armour Blvd,Kansas City,Class II,batch and best buy date per UPC:  UPC 888109110499:  D033124000 6/4/2016  D040624000 6/10/2016  D040724000 6/11/2016  D041324000 6/17/2016  D041424000 7/6/2016    UPC 888109010492:    D033124000 6/4/2016  D040624000 6/10/2016  D041324000 6/17/2016  D041424000 6/18/2016  D040724000 6/11/2016,United States,Nationwide distribution.  No foreign or military/government distribution.,74287,"Two or more of the following: Email, Fax, Letter, Press Release, Telephone, Visit","Hostess Chocodile Twinkies, chocolate covered sponge cake with creamy filling, packaged in 9-ct multi-packs of individual cakes, net wt. 13.02 oz (396 g), UPC 888109110499; and 6-ct. single serving fun size snack packs, individual pack net wt. 2.89 oz (82 g), UPC 888109010492.  The responsible firm name on the label is Hostess Brands LLC, Kansas City, MO 64141.",64111-1201,"591,609 units",Food,Product is manufactured with flour known to contain peanut allergen and is not labeled to contain peanuts.,F-2113-2016,"Hostess Brands, LLC",MO,Terminated,Voluntary: Firm initiated,2016-06-03,2016-09-21,2016-09-13,2017-12-01
1 Fun Pl,Sioux City,Class II,Best By 03/31/15  (Julian date) 4090,United States,"Distribution was made to CA, CO, FL, GA, IA, IL, KS, KY, MA, MI, MO, NE, NJ, NY, OH, OK, OR, PA, SD, TX, WA and WI.",68002,Letter,"Jolly Time Microwave popcorn, Extra Butter, 3/3-oz bags/carton. The cartons are packaged 12-cartons/case. Individual carton - UPC 028190008477, on the 12 count case - UPC 10028190008474 and 48 ct shipper with UPC 128190488474    American Pop Corn Company, Sioux City, IA.",51108-1300,148 cases,Food,The product has the potential to be contaminated with stainless steel metal fragments.,F-1884-2014,American Pop Corn Co,IA,Terminated,Voluntary: Firm initiated,2014-04-11,2014-04-30,2014-04-23,2014-07-28
1 General Mills Blvd,Minneapolis,Class II,Best if Used By 01MAY2018,United States,"CA, OR, WA",79025,E-Mail,"Larabar Chocolate Chip Cookie Dough, 5 - 1.6 oz (45g) bars Net Wt 8.0 oz(226g), UPC 21908-48817.  Case UPC 000-21908-41675-5",55426-1347,147 cases,Food,"Larabar Chocolate Chip Cookie Dough, 5 count, are being recalled because they may contain individually wrapped and labeled Coconut Cream Pie Bars.",F-0797-2018,"General Mills, Inc",MN,Terminated,Voluntary: Firm initiated,2018-01-25,2018-02-21,2018-02-12,2020-01-21
1 Highliner Ave,Portsmouth,Class II,Lot Number:  0027031110,United States,nationwide,77489,"Two or more of the following: Email, Fax, Letter, Press Release, Telephone, Visit","Fisherman's Reserve 12/1lb Breaded Haddock Fillets,  Item Number: B1378",03801-4146,"693,408 cases (total for all products)",Food,Product may contain undeclared milk.,F-2665-2017,High Liner Foods Inc.,NH,Terminated,Voluntary: Firm initiated,2017-06-09,2017-08-23,2017-08-15,2017-12-14
1 Highliner Ave,Portsmouth,Class II,Lot Number: 0027049181,United States,nationwide,77489,"Two or more of the following: Email, Fax, Letter, Press Release, Telephone, Visit","Southern Home 12/24oz Breaded Minced Fish Sticks,  Item Number: B1133",03801-4146,"693,408 cases (total for all products)",Food,Product may contain undeclared milk.,F-2656-2017,High Liner Foods Inc.,NH,Terminated,Voluntary: Firm initiated,2017-06-09,2017-08-23,2017-08-15,2017-12-14
1 Highliner Ave,Portsmouth,Class II,Lot Number: 0027051210; 0027072110; 0027023210; 0027072210; 0027023110; 0027051110,United States,nationwide,77489,"Two or more of the following: Email, Fax, Letter, Press Release, Telephone, Visit","HFS 1/10.35 lb Whole Grain Oven Ready Potato Breaded Pollock Wedges 3.6 oz,, Item Number: 53374",03801-4146,"693,408 cases (total for all products",Food,Product may contain undeclared milk.,F-2733-2017,High Liner Foods Inc.,NH,Terminated,Voluntary: Firm initiated,2017-06-09,2017-08-23,2017-08-15,2017-12-14
1 Highliner Ave,Portsmouth,Class II,Lot Number: 0027056190; 0027056290; 0027114190; 0027115290,United States,nationwide,77489,"Two or more of the following: Email, Fax, Letter, Press Release, Telephone, Visit",HLSC 12/10oz Summer Herb Crusted Cod Item Number:    1029449,03801-4146,"693,408 cases (total for all products)",Food,Product may contain undeclared milk.,F-2632-2017,High Liner Foods Inc.,NH,Terminated,Voluntary: Firm initiated,2017-06-09,2017-08-23,2017-08-15,2017-12-14
1 Highliner Ave,Portsmouth,Class II,Lot Number: 0027114130,United States,nationwide,77489,"Two or more of the following: Email, Fax, Letter, Press Release, Telephone, Visit","Whole Foods 12/12oz Oven Ready Breaded Calamari Rings,  Item Number: B1322",03801-4146,"693,408 cases (total for all products)",Food,Product may contain undeclared milk.,F-2662-2017,High Liner Foods Inc.,NH,Terminated,Voluntary: Firm initiated,2017-06-09,2017-08-23,2017-08-15,2017-12-14
1 Highliner Ave,Portsmouth,Class II,Lot Number: 0047038220; 0047121120; 0047009121,United States,nationwide,77489,"Two or more of the following: Email, Fax, Letter, Press Release, Telephone, Visit","HFS 10/6lb Crunchy Row Breaded Cod Rectangles 3 oz.,  Item Number: 10002800",03801-4146,"693,408 cases (total for all products)",Food,Product may contain undeclared milk.,F-2767-2017,High Liner Foods Inc.,NH,Terminated,Voluntary: Firm initiated,2017-06-09,2017-08-23,2017-08-15,2017-12-14
1 Highliner Ave,Portsmouth,Class II,Lot Number: 0047040211; 0047040110,United States,nationwide,77489,"Two or more of the following: Email, Fax, Letter, Press Release, Telephone, Visit",HFS 10/6lb Breaded Crispy Style Cod Fish Portions  Item Number: 10003220,03801-4146,"693,408 cases (total for all products)",Food,Product may contain undeclared milk.,F-2769-2017,High Liner Foods Inc.,NH,Terminated,Voluntary: Firm initiated,2017-06-09,2017-08-23,2017-08-15,2017-12-14
1 Highliner Ave,Portsmouth,Class II,Lot Number: 0047138111; 0047050131; 0047138210; 0047082220; 0047082122; 0047030130; 0047118230; 0047097211; 0047075231; 0047042231,United States,nationwide,77489,"Two or more of the following: Email, Fax, Letter, Press Release, Telephone, Visit","HFS 1/10LB Lightly Breaded Cod Tail Portions 5oz,  Item Number: 02075",03801-4146,"693,408 cases (total for all products)",Food,Product may contain undeclared milk.,F-2680-2017,High Liner Foods Inc.,NH,Terminated,Voluntary: Firm initiated,2017-06-09,2017-08-23,2017-08-15,2017-12-14
1 Ice Cream Dr,Dunkirk,Class I,The recalled products have a production date of May 2017 to August 2017 and a best by date of May 2018 to August 2018.,United States,"Sold to distributors in: MA, IL, CA, PR, CA, FL, MN, IL, OH, CT, MI, MO. Product was distributed nationwide including Puerto Rico.",78876,"Two or more of the following: Email, Fax, Letter, Press Release, Telephone, Visit","RASPBERRY Cream Ice Cream Bars: Sundae SHOPPE, 12 Bars, UPC  041498204631",14048-3300,"639,900 cases (total for all products)",Food,Product may be contaminated with Listeria monocytogenes.,F-0686-2018,Fieldbrook Foods Corporation,NY,Terminated,Voluntary: Firm initiated,2018-01-03,2018-01-24,2018-01-30,2019-02-12
1 Maple Ave,White Plains,Class II,Time Stamp - 13:40-13:55 Expiration 03/13/24,United States,Georgia,93923,E-Mail,Dannon Plain Yogurt packaged in 32oz plastic carton with lid - 6 cartons per case,10605-1476,15 cases (90 units),Food,Potential contamination with sanitizer,F-0871-2024,DANONE US LLC,NY,Terminated,Voluntary: Firm initiated,2024-02-01,2024-02-21,2024-02-13,2024-03-11
1 Persnickety Pl,Plymouth,Class I,Sell By date of  H10APR17,United States,"USA:   AL, AR, AZ, CA, CO, CT, FL, GA, IA, IL, IN, KS, LA, MA, MD, ME, MI, MN, MO, NC, NH, NJ, NV, NY, OH, OK, OR, PA, SC,  PR, TN, TX, UT, VA, VT, WA, WI.    OUS: GUATEMALA, MEXICO, PANAMA, NASSAU",76461,"Two or more of the following: Email, Fax, Letter, Press Release, Telephone, Visit","Sargento Shredded Chef Blends 4 Cheese Pizzeria, 8oz., UPC 4610041105, Sell By date: H10APR17",53073-3544,"116,554 cases  / 2,467,145 units for all products",Food,Sargento Foods Inc. was notified by their supplier that the cheese that was supplied may have been contaminated with Listeria monocytogenes.,F-1656-2017,"Sargento Foods, Inc.",WI,Terminated,Voluntary: Firm initiated,2017-02-10,2017-03-29,2017-03-21,2017-08-03
1 Persnickety Pl,Plymouth,Class II,Batch # A30205,United States,"AR, IL, WA",81561,E-Mail,"Frozen Unbreaded Egg, Gouda, caramelized onion.  Sample Number 18-0116.01.  Keep Frozen at 0-degrees or below zero.  ""Food for Research or Evaluation Use"".  Sargento Technical Center, Elkhart Lake, WI  53020",53073-3544,12 pieces,Food,"Sargento is recalling Frozen Unbreaded French Onion CC, Frozen Unbreaded Egg 3 cheese and caramelized Onion and Frozen Unbreaded Egg, Gouda, caramelized onion due to potential Listeria monocytogenes or Salmonella contamination.",F-0754-2019,"Sargento Foods, Inc.",WI,Terminated,Voluntary: Firm initiated,2018-11-09,2019-01-02,2018-12-21,2019-08-14
1 Procter And Gamble Plz,Cincinnati,Class II,"Batch Numbers: 0240C60404, 1166C60401, 1218C60401, 1237C60401, 1321C60401,1321C60402, 1321C604Q1, 2038C60401, 2152C60401 , 2153C60401      Lot Numbers: 0240C60404, 1166C60401, 1218C60401, 1237C60401, 1321C60401, 1321C60402, 1321C604Q1, 2038C60401, 2152C60401,  2153C60401     Product Number: 80338364    Item UPC: 323900041066  Case UPC: 10323900041063    Expiration Dates: 0240C60404   07/31/2022, 1166C60401   05/31/2023, 1218C60401   07/31/2023, 1237C60401   07/31/2023, 1321C60401   10/31/2023, 1321C60402   10/31/2023, 1321C604Q1   10/31/2023, 2038C60401   01/31/2024, 2152C60401   05/31/2024,  2153C60401   05/31/2024",United States,"Alaska, Alabama, Arkansas, Arizona, California, Colorado, Connecticut, Delaware, Florida, Georgia, Hawaii, Iowa, Idaho, Illinois, Indiana, Kansas, Kentucky, Louisiana, Maine, Massachusetts, Maryland, Michigan, Minnesota, Missouri, Mississippi, North Carolina, North Dakota, New Hampshire, New Jersey, Nevada, New York, Ohio, Oklahoma, Oregon, Pennsylvania, Rhode Island, South Carolina, South Dakota, Tennessee, Texas, Utah, Virginia, Washington, Wisconsin, and West Virginia.",90615,E-Mail,Vicks Children's Botanicals Liquid Nighttime  4oz plastic bottle,45202-3315,"18,490 cases",Food,Acidified/Low Acid dietary supplement with no approved process.,F-1535-2022,The Procter & Gamble Company,OH,Terminated,Voluntary: Firm initiated,2022-07-12,2022-08-10,2022-08-03,2024-08-15
1 Robert Rich Way,Buffalo,Class II,UPC: 87574 55501   Lot: C189 0239,United States,"OK, MO, NC, MS, LA, KS",87025,E-Mail,"OUR SPECIALTY; Cake Truffles; Variety; Chocolate; Cookies 'N Creme; NO: Artificial Colors, Flavors, or High  Fructose Corn Syrup; Net Wt. 19.5 oz(1 LB 3.5 oz) (552 g)",14213-1701,589 cases,Food,Product contains undeclared wheat.,F-0193-2021,Rich Products Corp,NY,Terminated,Voluntary: Firm initiated,2020-12-22,2021-01-13,2021-01-05,2021-04-30
1 Strawberry Ln,Orrville,Class I,Lot codes: 1274425   2140425 UPC: 5150024548 Best By Dates: 10/01/22 - 05/20/23,United States,"AK, AL, AR, AZ, CA, CO, CT, DE, FL, GA, HI, IA, ID, IL, IN, KS, KY, LA, MA, MD, ME, MI, MN, MO, MS, MT, NC, ND, NE, NH, NJ, NM, NV, NY, OH, OK, OR, PA, RI, SC, TN, TX, UT, VA, VT, WA, WI, WV, WY",90255,"Two or more of the following: Email, Fax, Letter, Press Release, Telephone, Visit",JIF 33.5 OUNCE NO ADDED SUGAR CREAMY PEANUT BUTTER,44667-1241,67504 cases total,Food,Products are potentially contaminated with Salmonella.,F-1116-2022,The JM Smucker Company LLC,OH,Terminated,Voluntary: Firm initiated,2022-05-20,2022-06-08,2022-06-01,2023-03-17
1 Strawberry Ln,Orrville,Class I,Lot codes: 1274425   2140425 UPC: 5150072002 Best By Dates: 10/01/23 - 05/20/24,United States,"AK, AL, AR, AZ, CA, CO, CT, DE, FL, GA, HI, IA, ID, IL, IN, KS, KY, LA, MA, MD, ME, MI, MN, MO, MS, MT, NC, ND, NE, NH, NJ, NM, NV, NY, OH, OK, OR, PA, RI, SC, TN, TX, UT, VA, VT, WA, WI, WV, WY",90255,"Two or more of the following: Email, Fax, Letter, Press Release, Telephone, Visit",JIF 40 OUNCE CRUNCHY PEANUT BUTTER,44667-1241,402038 cases total,Food,Products are potentially contaminated with Salmonella.,F-1126-2022,The JM Smucker Company LLC,OH,Terminated,Voluntary: Firm initiated,2022-05-20,2022-06-08,2022-06-01,2023-03-17
1 Tower Ln,Oakbrook Ter,Class II,"All products shipped on or after January 1, 2016   Batch numbers:  1002316290  1002507410  1002549983  1002563270  1001628780  1001657036  1001701452  1002635170",United States,"US and Canada,  China, Korea and Mexico",81281,"Two or more of the following: Email, Fax, Letter, Press Release, Telephone, Visit",Fire-Roasted Home-Style Green Pepper Strips;:    Sold in 20 lb.  containers. Brand Name: Jon-Lin¿,60181-4671,"7,219 cases",Food,"During an internal audit at the manufacturing location, it was discovered that finished product had been released on numerous occasions after receiving presumptive positive test results for Listeria monocytogenes and Salmonella; confirmation was not conducted.",F-0322-2019,McCain Foods USA,IL,Terminated,Voluntary: Firm initiated,2018-10-13,2018-10-31,2018-10-29,2019-11-01
10 Fairway Ct,Northvale,Class I,Lot #:  0601 Best Buy Date: 09/01/2022 Lot #:  0621  Best Buy Date: 09/03/2022,United States,"Distributed to distributors and retail stores in GA, WA, WI, NJ, FL, SC, IA, CA, TX, MD, CO,",89103,Letter,TaDah! FALAFEL STREET WRAP WITH SPICY BROWN SUGAR HARISSA HUMMUS NET WT. 7.5 OZ. UPC Code:8-5019800307-5,07647-2401,2800 cases,Food,Undeclared milk allergen,F-0268-2022,The Fillo Factory Inc.,NJ,Terminated,Voluntary: Firm initiated,2021-11-15,2021-12-15,2021-12-06,2022-02-11
10 Washington Ave,Fairfield,Class II,a) Crimson Punch - Lot #13086 - exp date 04/01/2015  b) Orange - Lot #13085 - exp date 04/01/2015  c) Raspberry Lemonade - Lot #13087 - exp date 01/01/2015,United States,FL,67842,"Two or more of the following: Email, Fax, Letter, Press Release, Telephone, Visit","Juggernaut     a) Crimson Punch UPC 811020906803  b) Orange UPC  811020906841  c) Raspberry Lemonade UPC 811020906858    Net Wt. 1.76 lbs.   Manufactured in the USA Infinite Labs, LLC  PO Box 533736 Orlando, FL 32853  1-877-455-2271",07004-3843,1990 units,Food,"Command Nutritionals LLC is recalling Hard Blast-Pink Lemonade and Juggernaut- Various flavors due to contaminated L-Citrulline which was received from Axel Chemicals, Brentwood, TN.",F-1818-2014,"Command Nutritionals, LLC",NJ,Terminated,Voluntary: Firm initiated,2014-03-11,2014-04-16,2014-04-10,2015-04-28
100 Bridge St,East Windsor,Class I,expiration 08/12/2022,United States,"MA, CT",90745,Press Release,Spicy tuna roll (9.6 oz) with expiration 08/12/2022,06088-9585,24 rolls total,Food,Contains undeclared egg.,F-1727-2022,EZ Noble Sushi,CT,Terminated,Voluntary: Firm initiated,2022-08-11,2022-09-21,2022-09-09,2022-11-03
100 Corporate Dr,Yonkers,Class I,,United States,"Alabama, California, Georgia, Illinois, Kentucky, Maine, Massachusetts, Michigan, Mississippi, New Jersey, New York, North Carolina, Ohio, Pennsylvania, South Carolina, Tennessee, West Virginia and Virginia",81965,Letter,"Peaches, sold as a bulk retail item, with PLU 4044, and country of origin of Chile.     The peaches sold at Aldi are packaged in a two pound bag with the brand Rio Duero, EAN# 7804650090281.",10701-6807,3299 cartons (total for all products),Food,Product may be contaminated with Listeria monocytogenes.,F-1051-2019,Jac Vandenberg Inc.,NY,Terminated,Voluntary: Firm initiated,2019-01-22,2019-02-06,2019-02-22,2019-07-09
100 Hillside Ave,White Plains,Class II,UPC 36632 00427 Expiration code of NOV 25 2012 MZ,United States,"The product was distributed nationwide including the states of: FL, GA, IL, IN, KY, MD, ME, MI, NC, NY, OH, PA, SC, VA, WI.",63529,"Two or more of the following: Email, Fax, Letter, Press Release, Telephone, Visit",Dannon Light & Fit Carb & Sugar Control Cultured Dairy Snack Vanilla Flavor 4x4oz cups,10603-2861,662 cases / 6 / 4x4 oz cups,Food,The recalled products may potentially contain metal fragment(s) from a faulty manufacturing part.,F-1242-2013,"The Dannon Company, Inc - Discovery & Innovation Center",NY,Terminated,Voluntary: Firm initiated,2012-10-23,2013-03-27,2013-03-20,2013-08-21
100 Hollister Rd Unit C1,Teterboro,Class II,Lot number: 2060; Sell by 031218 thru 031818,United States,"The product was distributed to the following states: CT, DC, DE, MA, MD, ME, NH, NJ, NY, PA,VA, RI, VT",79527,E-Mail,Name: Trader Joe s Chocolate Chip Cookies SKU 68075  Net Weight: 12 oz. (340g)  Number of units per package: 16 cookies  Package type: Kraft paper bag,07608-1139,"2,851 bags",Food,"Food & Beverage Inc., dba Chris's Cookies has initiated a recall of Trader Joe s Peanut Butter Sutter s Formula Cookies  (Trader Joes SKU 93307) that was packed in a Trader Joes branded Chocolate Chip Cookie bag, and sent out as Chocolate Chip Cookies.      Please note the Chocolate Chip Cookie bag has a statement on the back that says:  MAY CONTAIN TRACES OF PEANUTS AND TREE NUTS , but since the wrong product packed is based almost completely in peanut this could represent a bigger risk for those who have peanuts allergies. Thus, prompting the firm to error on the side of public safety and initiate a recall.",F-0979-2018,Food and Beverage Inc.,NJ,Terminated,Voluntary: Firm initiated,2018-03-12,2018-03-28,2018-03-27,2018-05-04
100 Lincoln Way E,Massillon,Class I,"Lot #: OCT 31 2016, Expiration Date: 10/31/16",United States,The product was distributed to the following states: MI.,75140,"Two or more of the following: Email, Fax, Letter, Press Release, Telephone, Visit","Meijer brand No Salt Added Original Kettle Cooked Potato Chips, 8.5oz bag.  15 bags per case.",44646-6673,280 cases (4200 bags),Food,Undeclared allergens: milk (whey) and soy.,F-0617-2017,"Shearers Foods, Llc",OH,Terminated,Voluntary: Firm initiated,2016-09-08,2016-12-14,2016-12-07,2017-08-22
100 Lincoln Way E,Massillon,Class I,UPC: 719283594365    Lot Code 04110831 Sell By 07/16/18  Lot Code 04210831 Sell By 07/16/18  Lot Code 04311632 Sell By 07/16/18  Lot Code 04111732 Sell By 07/16/18  Lot Code 04312430 Sell By 07/23/18  Lot Code 04213135 Sell By 07/30/18  Lot Code 04114434 Sell By 08/13/18,United States,"Products were distributed in Michigan only to their distributor. However, products were eventually distributed to OH, MI, IN, IL, KY and WI.",80191,"Two or more of the following: Email, Fax, Letter, Press Release, Telephone, Visit",Meijer DILL PICKLE FLAVORED CLASSIC CRUNCH POTATO CHIPS***UPC 719283594365***LOT CODE***,44646-6634,2273 Cases with 11 bags (9.5 oz) per case,Food,Milk allergen was not declared on the labeling of the product.,F-1541-2018,"Shearers Foods, Llc",OH,Terminated,Voluntary: Firm initiated,2018-05-29,2018-06-20,2018-06-08,2019-02-14
100 N Point St,San Francisco,Class II,"Lots: PO20710118, PO1351612, PO1351614, PO20710120.  Best Before JAN2018 02118:A1 or Best Before JAN2018 02018:A1.",United States,"Nationwide and one retail  location in British Columbia, Canada",75985,E-Mail,"Williams-Sonoma Meyer Lemon Poppy Quick bread mix, NET WT. 1 LB. 2 OZ (509 g)",94133-1550,"1220 units, 972 units currently at retail outlets",Food,Williams Sonoma was notified by their contract manufacturer that high heat non fat dry milk powder that is now under recall for Salmonella was used in production of one of their quick bread mixes.,F-1236-2017,Williams-Sonoma,CA,Terminated,Voluntary: Firm initiated,2016-12-13,2017-01-18,2017-01-12,2017-01-24
100 Pirson Pkwy,Tonawanda,Class I,Best By 4/20/17,United States,"IN, LA, MA, MD, MI, NJ, NY, PA,VA, WV & SC via retail stores",74112,"Two or more of the following: Email, Fax, Letter, Press Release, Telephone, Visit","Flave! TROPICAL TRAIL MIX, NET WT 8OZ (226g), shipped 12 packs per case",14150-6727,953 cases total,Food,Product has the potential to be contaminated with Listeria monocytogenes,F-0699-2017,First Source Llc,NY,Terminated,Voluntary: Firm initiated,2016-05-23,2016-12-21,2016-12-12,2018-06-14
100 Pirson Pkwy,Tonawanda,Class II,All date codes,United States,"AR, AZ, CA, CO, FL, GA, IL, KY, LA, MA, MD, ME, MN, NC, NJ, NM, NV, NY, TX, UT, VA, VT, and WV  Foreign: Canada",78399,"Two or more of the following: Email, Fax, Letter, Press Release, Telephone, Visit","Wegmans Dark Chocolate Strawberries 13.5oz (383g) tub, UPC: 0 77890 38187 8",14150-6727,775 cases,Food,Chocolate products contain undeclared milk,F-0482-2018,"First Source, LLC",NY,Terminated,Voluntary: Firm initiated,2017-10-30,2017-12-20,2017-12-13,2018-08-16
1000 Wild Iris Ln,Moscow,Class I,Lot # 021091  Lot # 022492  Product was made on 02/10/16 and 02/24/16.,United States,"sold on  AK, AL, AZ, CA, FL, GA, ID, IN, MA, MN, NJ, NY, OR, UT, and WA and in Netherland. Products were sold from www.maryjanesfarm.org.",73558,Visit,"Thai Fusion Outpost, net weight 5.1 oz.  UPC 0 99853 34255 9.    Thai Fusion Bulk bag, packaged in a ziploc plastic bag, net weight 3 lbs. UPC 0 99853 35255 8.    Thai Fusion On the Go, packaged in microwave able paper cup with plastic lid, net wt. 3.4 oz. UPC 0 99853 38255 5.",83843,15/5.1 oz. pouches of Outpost; 6/3.4 oz. cups of On the Go; and 12/3 lbs bags.,Food,"Organic Thai Fusion Outpost 5.1 oz. packages, Organic Thai Fusion 3 lbs. bulk bags, and  Organic On the Go Thai Fusion 3.4 oz cups are recalled due to undeclared milk.",F-0818-2016,Paradise Farm Organics Inc,ID,Terminated,Voluntary: Firm initiated,2016-03-17,2016-04-06,2016-03-28,2016-08-18
10001 Industrial Blvd,Lenexa,Class II,Oct 08 18 LXC,United States,"Distributed to retail stores in AR, IA, IL, KS, MO, and NE.",79216,Letter,"Grape Fanta, Grape Flavored Soda, 12 oz (355 mL) cans, packed in 12 packs, Canned under the authority of the Coca-Cola Company, Atlanta, GA",66215-1209,"766,271 Cases Total",Food,Sharp edges were observed on several of the cans which have the potential of causing cuts on the mouths of consumers who use the product.,F-0894-2018,Heartland Coca-Cola Bottling Company,KS,Terminated,Voluntary: Firm initiated,2018-02-12,2018-03-14,2018-03-07,2018-07-05
1002B Sunburst Dr,Goldsboro,Class I,See product description for lot numbers,United States,"NC, NJ & SC",69555,"Two or more of the following: Email, Fax, Letter, Press Release, Telephone, Visit","Sausage, Egg & Cheese Croissant, Net Wt. 5.00 oz., UPC 7-01248-00523-8, MFG Code 623",27534-8667,,Food,Listeria monocytogenes,F-0852-2015,"SunBurst Foods, Inc.",NC,Terminated,Voluntary: Firm initiated,2014-10-10,2015-02-04,2015-01-26,2015-06-18
1005 North Cockrell Hill Rd,Dallas,Class I,1899,United States,"Dallas, TX",72041,Telephone,"FRESH ORIGINS Microgreens Celery NET WT 4 OZ San Marcos, CA 92069 packed in clear plastic clam shell.",75211,1 box,Food,Tested positive for Salmonella,F-3244-2015,"Hardies Fruit & Vegetable Co., LP",TX,Terminated,Voluntary: Firm initiated,2015-08-25,2015-09-30,2015-09-22,2016-04-11
101 Kappa Dr,Pittsburgh,Class II,22765200000 MULTIGRAIN SOURDOUGH FRESHLY BAKED 21762500000 HALF MULTIGRAIN SOURDOUGH ARTISAN BREAD,United States,"The recalled product was distributed to the following states: PA, OH, MD, IN, WV",96710,E-Mail,"Multigrain Sourdough Freshly Backed, and Half Multigrain Sourdough Artisan Bread, 15 oz; 7 oz, Bag, 1 unit",15238-2809,240 cases,Food,Firm is recalling product due to the potential of foreign material (glass),F-0745-2025,"Giant Eagle, Inc.",PA,Terminated,Voluntary: Firm initiated,2025-04-12,2025-05-07,2025-04-29,2025-05-02
101 Kappa Dr,Pittsburgh,Class II,PLU: 45511; Sell By: (up to and including) 03/30/2015,United States,MD OH PA WV,70879,E-Mail,"Giant Eagle P5 Buffalo Boneless Wings; PLU: 45511; Sell By: (up to and including) 03/30/2015; Contains: Wheat, Soy; Keep Refrigerated;  Distributed by: Giant Eagle, Inc., Pittsburgh, PA 15238    Packed in rigid plastic Clear/Black container  Prepared and packaged at retail store.  FINISHED PRODUCT IS NOT A USDA INSPECTED PRODUCT",15238-2809,827 units,Food,Giant Eagle Chicken products made with buffalo sauce (in natural flavor) contains undeclared milk,F-2006-2015,"Giant Eagle, Inc.",PA,Terminated,Voluntary: Firm initiated,2015-03-25,2015-05-06,2015-04-28,2015-05-18
101 Kappa Dr,Pittsburgh,Class I,All date codes,United States,"IN, OH, MD, PA, WV",73975,E-Mail,"Walnut Delights 6 Pack  Net Weight: 9 oz.  PLU #69690  UPC: 2 69690 20399 7  Giant Eagle, LLC, Pittsburgh, PA",15238-2809,288 units,Food,Giant Eagle discovered that the scale label fails to declare the milk ingredient. The allergen statement does not declare the milk allergen.,F-1408-2016,"Giant Eagle, Inc.",PA,Terminated,Voluntary: Firm initiated,2016-04-28,2016-06-08,2016-05-31,2016-12-12
101 Kappa Dr,Pittsburgh,Class I,all dates up to 3/23/2015,United States,MD OH PA WV,70792,E-Mail,"Apricot Filled Cookie OTC  Sell By: (all dates up to) 3/23/2015  Net WT. 1 OZ  Contains:Egg, Wheat, Soy  ;   Cookies affected are only sold direct from bakery counter and packaged at time per customer request and packed either in clam shell plastic or wax paper.  ;   Net Weight on label may differ depending on number of cookies a customer requested. Net Weights listed above are for 1 cookie.",15238-2809,Apricot Filled 2731 cookies,Food,"On 3/20/2015, it was discovered that the labels for Apricot Filled Cookie, served over the counter at retail Eagle and affiliate stores, did not declare the milk allergen. Milk was not included on the labels which state ""contains: egg, wheat, soy.""",F-2187-2015,"Giant Eagle, Inc.",PA,Terminated,Voluntary: Firm initiated,2015-03-20,2015-06-10,2015-06-04,2015-08-17
101 Kappa Dr,Pittsburgh,Class II,Coffee Beans UPC: 30034 09851;  Almonds UPC: 30034 09852;   Powerberry UPC: 30034 09857,United States,IN  MD  OH  PA  WV,78423,E-Mail,"Market District Coffee Beans covered in Dark Chocolate; Net Wt. 8 OZ.; Contains Soy; May Contain: Milk  Manufactured in a plant that processes wheat, peanuts, tree nuts and eggs.; Distributed by Giant Eagle, Inc., Pittsburgh, PA 15238-2809",15238-2809,6234 units,Food,"On 10/30/2017, Giant Eagle received notice from their contract manufacturer to recall Market District Coffee Beans Covered in Dark Chocolate due to undeclared milk in the dark chocolate. Giant Eagle product labels do carry the advisory statement ""May Contain Milk"".",F-0353-2018,"Giant Eagle, Inc.",PA,Terminated,Voluntary: Firm initiated,2017-10-30,2017-11-15,2017-11-17,2020-05-15
101 Kentile Rd,South Plainfield,Class III,"AGG-072802,AGG-090104, AGG-1022040, AGG-090105, AGG-1022043, AGG-1122046",United States,Distributed to distributors in WI and WA and distributed nationwide to consumers.,91570,Press Release,"Cold Stone Creamery Hot Cocoa Peanut Butter Cup Perfection packaged in single serve pods.   Pods are packaged in the following Two Rivers Variety Pack boxes: -Two Rivers Coffee Hot Cocoa Pods, Single Serve Variety Sampler Pack , 40 Count UPC: 810683022554 -Two Rivers Coffee Hot Cocoa Pods Variety Sampler, 52 Count UPC:850027429601 -Two Rivers Coffee Hot Cocoa Pods Variety Sampler, 52 Count	UPC: 810683027030 -Two Rivers Coffee Coffee, Tea, Cocoa, Cider, Cappuccino Bit Of Everything Variety Sampler Pack, 40 count UPC: 810683022608 -Two Rivers Coffee Coffee, Tea, Cocoa, Cider, Cappuccino Bit Of Everything Variety Sampler Pack, 100 count UPC: 810683027009 -Two Rivers Coffee Coffee & Hot Cocoa Chocoholics, 40 Count UPC: 810683025197 -Two Rivers Coffee Hot Chocolate Variety, Gift Box, 12 Count UPC: 810683026989 -Two Rivers Coffee Best of The Best Pods Variety Sampler Assorted Cocoa, 40 Count UPC: 810683029744",07080-4805,"Approximately 90,000 cups total",Food,Coffee pods may contain undeclared peanut residue,F-0580-2023,TWO RIVERS COFFEE LLC,NJ,Terminated,Voluntary: Firm initiated,2023-01-31,2023-03-22,2023-03-10,2023-08-16
10108 97th St,Jamaica,Class II,Expiration date: 12/2026,United States,New York,95061,"Two or more of the following: Email, Fax, Letter, Press Release, Telephone, Visit",Spice Class brand Ground Cinnamon packed in 7oz and 11oz PET jars,11416-2549,"1,224 units",Food,"Product contains elevated levels of lead (2,040ppb).",F-1745-2024,American Spice LLC,NY,Terminated,Voluntary: Firm initiated,2024-05-28,2024-09-04,2024-08-23,2025-11-04
1011 S Acme Rd,San Antonio,Class II,Lot # 218BZ4A,United States,"TX, LA, TN, AZ, IA",70429,Telephone,"Maria's Picante Sauce NEt WT. 12 OZ. (342g) Distributed by Maria's Mexican Restaurante Bogalusa, LA 70427",78237-3218,768 units,Food,Product may contain undeclared peanuts.,F-1835-2015,"Creative Foodworks, Inc",TX,Terminated,Voluntary: Firm initiated,2015-02-02,2015-04-08,2015-03-31,2015-08-21
1011 S Acme Rd,San Antonio,Class II,Lot # 260AMR4A,United States,"TX, LA, TN, AZ, IA",70429,Telephone,"STAGECOACH SALSA CLASSIC SAN ANTONIO SALSAS MISS MICHELE'S PEACH SALSA Net Wt. 16 oz. (454g) Manufactured Exclusively for: Stagecoach Salsa Company 25011 Saddle Trail San Antonio, Texas 78255",78237-3218,1344 units,Food,Product may contain undeclared peanuts.,F1843-2014,"Creative Foodworks, Inc",TX,Terminated,Voluntary: Firm initiated,2015-02-02,2015-04-08,2015-03-31,2015-08-21
10110 San Jose Blvd,Jacksonville,Class II,Batch #0119230119,United States,Domestic consignee only.,92134,"Two or more of the following: Email, Fax, Letter, Press Release, Telephone, Visit",Coffee Bonbon,32257-5838,192 cello packs/2 units each and 40 units/3 cookies per unit (Oreo) -total,Food,"Undeclared Allergens: Soy, Milk and Tree Nuts",F-0846-2023,Windy Hill Chocolate LLC,FL,Terminated,Voluntary: Firm initiated,2023-03-22,2023-05-17,2023-05-10,2023-07-31
1014 Vine St,Cincinnati,Class I,"Sell by: Dec 2016, Jan 2017",United States,"Product was shipped to the following states: AK, AL, AR, AZ, CA, CO, GA, ID, IL, IN, KS, KY, LA, MI, MO, MS, MT, NC, NE, NM, NV, OH, OR, SC, TN, TX, UT, VA, WA, WV & WY.",74110,E-Mail,"simple truth organic Mixed Vegetables NET WT 10 OZ (283g) KEEP FROZEN INGREDIENTS: ORGANIC CARROTS, ORGANIC CORN ORGANIC PEAS, GREEN BEANS.",45202-1141,"2,447 cs/12/10 oz bags",Food,The firm was notified by their supplier that the product maybe contaminated with Listeria monocytogenes.,F-1592-2016,The Kroger Co,OH,Terminated,Voluntary: Firm initiated,2016-05-06,2016-07-06,2016-06-28,2017-06-01
1014 Vine St,Cincinnati,Class I,BEST BY: 06-19-20; UPC: 0001111087808,United States,"Product was sent to nine distributors in the states of Indiana, Oregon, Washington, Arizona, Colorado, California and Utah.  (The distribution center in Indiana further distributed the product to eight Kroger distribution centers.)  Product was then distributed to 2301 retail locations in the states of Alabama, Alaska, Arizona, Arkansas, California, Colorado, Georgia, Idaho, Illinois, Indiana, Kansas, Kentucky, Louisiana, Michigan, Mississippi, Missouri, Montana, Nebraska, Nevada, New Mexico, Ohio, Oregon, South Carolina, Tennessee, Texas, Utah, Virginia, Washington, West Virginia, and Wyoming",83083,Other,"PRIVATE SELECTION FROZEN TRIPLE BERRY MEDLEY, 16 oz",45202-1141,"192 cases (1,920-pounds)",Food,Possible Hepatitis A contamination.,F-2075-2019,The Kroger Co,OH,Terminated,Voluntary: Firm initiated,2019-06-07,2019-08-28,2019-08-20,2019-09-20
1014 Vine St,Cincinnati,Class II,"Plant Code:: 51-4140 SELL BY: 05/18/18, SELL BY APR 26 18 THRU OCT 10 18",United States,"Product was shipped to the following states: AL, AR, GA, IL, IN, KY, MI, MO, MS, NC, OH, SC, TN, VA & WV.",78593,E-Mail,"Comforts FOR BABY Purified Water with Flouride Added. 1 GAL (3.78 L)  DISTRIBUTED BY THE KROGER CO., CINCINNATI, OHIO 45202",45202-1141,"107,874 cs/ (4 x 1 gallon jugs) and 1 gallon jugs",Food,the firm received a complaint of mold found in the product.,F-0493-2018,The Kroger Co,OH,Terminated,Voluntary: Firm initiated,2017-07-03,2017-12-13,2017-12-14,2018-03-14
1020 Illinois St,San Francisco,Class II,no codes,United States,"CA, AZ, CO. CT, DC, FL, GA, IL, MA, MD, MD, MI, NJ, NM, NY, OR, PA, UT and WA",71144,"Two or more of the following: Email, Fax, Letter, Press Release, Telephone, Visit","Poco Dolce Bittersweet Chocolate:  Ginger Tile, sea salt topped;  0.6 oz (17 grams)  San Francisco CA.  Ingredients:  Bittersweet Chocolate (Chocolate Liquor, Sugar, Cocoa Butter, Butter, Soy Lecithin, Pure Vanilla) Ginger, Sugar, Grey Sea Salt. May contain traces of peanuts, tree nuts or milk proteins.",94107-3120,"34, 641 individual tiles, all varieties",Food,California Department of Public Health conducted and inspection of the firm and found that milk was missing from the label as an ingredient of butter.,F-2254-2015,"Poco Dolce Confections, Inc.",CA,Terminated,Voluntary: Firm initiated,2015-05-01,2015-05-20,2015-05-12,2015-07-23
10203 State Highway 76,Forsyth,Class II,Lot #: 53373006,United States,"Domestic distribution of the product is nationwide with direct accounts in 27 states in all geographical regions. Foreign distribution consists of direct accounts in the following countries: Canada, China, Malaysia, Norway, Slovakia, South Korea, Sweden, Taiwan, and the United Kingdom.",66658,"Two or more of the following: Email, Fax, Letter, Press Release, Telephone, Visit","Northern Nutrition, Pro-3-Zyme, packaged in 180-capsule bottles (SKU 53373). Firm name on the label is Northern Nutrition, LLC, Shipshewana, IN;",65653-5445,598 bottles,Food,Firm is recalling dietary supplements containing a raw material which may contain >0.3 ppb chloramphenicol,F-0760-2014,National Enzyme Co,MO,Terminated,Voluntary: Firm initiated,2013-10-30,2013-12-25,2013-12-13,2015-03-03
10203 State Highway 76,Forsyth,Class II,Lot #: 83377001,United States,"Domestic distribution of the product is nationwide with direct accounts in 27 states in all geographical regions. Foreign distribution consists of direct accounts in the following countries: Canada, China, Malaysia, Norway, Slovakia, South Korea, Sweden, Taiwan, and the United Kingdom.",66658,"Two or more of the following: Email, Fax, Letter, Press Release, Telephone, Visit","Bulk B807 True Botanica Digestive, packaged in varying quantities within poly bags within corrugated boxes (for domestic distribution) or fiber drums (for international distribution) (SKU 83377);",65653-5445,25.9 kg of powder,Food,Firm is recalling dietary supplements containing a raw material which may contain >0.3 ppb chloramphenicol,F-0789-2014,National Enzyme Co,MO,Terminated,Voluntary: Firm initiated,2013-10-30,2013-12-25,2013-12-13,2015-03-03
10203 State Highway 76,Forsyth,Class II,Lot #: 83438000,United States,"Domestic distribution of the product is nationwide with direct accounts in 27 states in all geographical regions. Foreign distribution consists of direct accounts in the following countries: Canada, China, Malaysia, Norway, Slovakia, South Korea, Sweden, Taiwan, and the United Kingdom.",66658,"Two or more of the following: Email, Fax, Letter, Press Release, Telephone, Visit","Bulk C812 ZoiVi Digestive Formula powder, packaged in varying quantities within poly bags within corrugated boxes (for domestic distribution) or fiber drums (for international distribution) (SKU 83438)",65653-5445,77.85 kg of powder,Food,Firm is recalling dietary supplements containing a raw material which may contain >0.3 ppb chloramphenicol,F-0809-2014,National Enzyme Co,MO,Terminated,Voluntary: Firm initiated,2013-10-30,2013-12-25,2013-12-13,2015-03-03
10203 State Highway 76,Forsyth,Class II,"Lot #'s: 83274014, 83274015, 83274016, 83274017, 83274018, 83274019, 83274020, 83274021, 83274022, 83274023, 83274025, 83274026, 83274027, 83274028, 83274035, 82426059, and 82426060",United States,"Domestic distribution of the product is nationwide with direct accounts in 27 states in all geographical regions. Foreign distribution consists of direct accounts in the following countries: Canada, China, Malaysia, Norway, Slovakia, South Korea, Sweden, Taiwan, and the United Kingdom.",66658,"Two or more of the following: Email, Fax, Letter, Press Release, Telephone, Visit","Dietary Supplements packaged in the following configurations:   (1) Bulk 6916 Shanghai DigestiveBlend powder, packaged in varying quantities in poly bags within fiber drums (SKU 83274);  (2) Bulk 6916 WEDAR DIGESTIVEBLEND powder, packaged in varying quantities in poly bags within fiber drums (SKU 82426);",65653-5445,6657.39 kg of powder,Food,Firm is recalling dietary supplements containing a raw material which may contain >0.3 ppb chloramphenicol,F-0753-2014,National Enzyme Co,MO,Terminated,Voluntary: Firm initiated,2013-10-30,2013-12-25,2013-12-13,2015-03-03
10203 State Highway 76,Forsyth,Class II,"Lot #'s: 92103002, 92103004, 92103005, 92103006, 92103007, and 92103008",United States,"Domestic distribution of the product is nationwide with direct accounts in 27 states in all geographical regions. Foreign distribution consists of direct accounts in the following countries: Canada, China, Malaysia, Norway, Slovakia, South Korea, Sweden, Taiwan, and the United Kingdom.",66658,"Two or more of the following: Email, Fax, Letter, Press Release, Telephone, Visit","Bulk 9730 BIOSANLABS GLUTENEZYME capsules, packaged in poly bags in corrugated boxes (for domestic distribution) or fiber drums (for international distribution) (SKU 92103).",65653-5445,"835,013 bulk capsules",Food,Firm is recalling dietary supplements containing a raw material which may contain >0.3 ppb chloramphenicol,F-0767-2014,National Enzyme Co,MO,Terminated,Voluntary: Firm initiated,2013-10-30,2013-12-25,2013-12-13,2015-03-03
10203 State Highway 76,Forsyth,Class II,"Lot #'s: 92115011, 92115012, 92115013, 92115014, 92115015, and 92115016",United States,"Domestic distribution of the product is nationwide with direct accounts in 27 states in all geographical regions. Foreign distribution consists of direct accounts in the following countries: Canada, China, Malaysia, Norway, Slovakia, South Korea, Sweden, Taiwan, and the United Kingdom.",66658,"Two or more of the following: Email, Fax, Letter, Press Release, Telephone, Visit","Bulk 9896 BIOMEDICALRESEARCH DIGE capsules, packaged in poly bags in corrugated boxes (for domestic distribution) or fiber drums (for international distribution) (SKU 92115).",65653-5445,"6,139,669 bulk capsules",Food,Firm is recalling dietary supplements containing a raw material which may contain >0.3 ppb chloramphenicol,F-0771-2014,National Enzyme Co,MO,Terminated,Voluntary: Firm initiated,2013-10-30,2013-12-25,2013-12-13,2015-03-03
1022 W Morena Blvd,San Diego,Class I,Lot code: 13717,United States,US only - to direct accounts and online customers and sample,77705,E-Mail,Bhufit Bar Chocolate Tart Cherry Pistachio;  Vegan Organic Pea Protein  Net Wt. 1.6 oz. (45G),92110-3919,62951 total bars,Food,Potential Listeria monocytogenes contamination.,F-3376-2017,Laura's Boston Brownies,CA,Terminated,Voluntary: Firm initiated,2017-06-14,2017-08-23,2017-08-15,2017-09-08
10220 Nw Ambassador Dr,Kansas City,Class II,Sell By/Use By 8/10/2015 to 4/30/2016,United States,"US: AL, AR, AZ, CA, CT, FL, GA, IA, IL, IN, KS, KY, LA, MA, MD, ME, MI, MO, MS, NC, NE, NJ, NM, NV, NY, OH, OK, OR, PA, PR, SC, TN, TX, UT, VA, WA, WI, WV, WY.    OUS: Libya, Colombia.",71482,"Two or more of the following: Email, Fax, Letter, Press Release, Telephone, Visit","Pasteurized Prepared Cheese Product:    BORDEN 12/13.12OZ DTT AMERICAN CHEDDAR  PROD, 45110155767.3  .",64153-1367,"953,720 cases total for all product",Food,Dairy Farmers of America Inc. is recalling a number of cheese products due  that a piece of plastic  film strip might remain attached to the cheese slice upon peeling the film from the product.,F-2892-2015,Dairy Farmers OF America Inc,MO,Terminated,Voluntary: Firm initiated,2015-06-12,2015-08-05,2015-07-29,2015-12-02
1035 Mill Rd,Allentown,Class I,Date Code 1J268  Best By 6/25/2019  Date Code 1J249  Best By 6/6/2019,United States,"Product has been shipped to the following states : NJ, NY, MA, PA, MD, VT, FL, TX, VA, CT, DE, OH",81295,"Two or more of the following: Email, Fax, Letter, Press Release, Telephone, Visit",BAZZINI S ROASTED & SALTED IN-SHELL SUPER COLOSSAL PISTACHIOS 25 LB BULK BOX   UPC #0 75062 30700 8,18106-3101,4000 lbs total,Food,The product tested positive for Salmonella.,F-0651-2019,Bazzini LLC,PA,Terminated,Voluntary: Firm initiated,2018-10-06,2018-11-28,2018-11-20,2022-03-15
1045 S Highland Ave,Tucson,Class I,"Lot # 13047-1, 13048-1, and 13048-3",United States,"The 16-20 EZ Peel Shrimp was distributed by Perishable Distributors of Iowa (PDI) and sold from February 12 to May 23, 2013 at the seafood display counters in the retail markets seafood section of Hy-Vee stores located in eight states: Iowa, Nebraska, Kansas, Illinois, Missouri, South Dakota, Minnesota, and Wisconsin, and at Cedar Valley Fish Market in Waterloo, Iowa.",65291,E-Mail,"Blessing Brand Wild White EZ Peel Shrimp, 16/20 CT.    4 x 5 lbs cartons. The product is bagged in 5 lbs clear plastic bags, the only label iss on the master carton.  The product is sold in a seafood retail case.    Product labeled as:""WILD WHITE EZ PEEL SHRIMP 16/20 CT WILD CAUGHT PRODUCT OF USA CHEM FREE INGREDIENTS: Shrimp, Salt***PACKED BY: BLESSINGS, INC.***.",85719-6728,"36,920 lbs",Food,"Blessing Seafood, Inc. is voluntarily recalling one lot of Blessing Inc. Wild White EZ Peel Shrimp due to undeclared sulfites.",F-1528-2013,"Blessing Seafood, Inc.",AZ,Terminated,Voluntary: Firm initiated,2013-05-24,2013-06-19,2013-06-13,2013-07-30
105 H Street,Petaluma,Class II,"All product cut and wrapped on July 24 and 25, 2012.",United States,"Part One:  CA, VA, VT, WI, OR, UT and Italy, Spain, Switzerland, France, Holland, Greece.  Part Two:  Dates of Distribution: 6/2512 - 7/27/12  Pattern: CA, NC, FL",62710,"Two or more of the following: Email, Fax, Letter, Press Release, Telephone, Visit","Tomales Bay Foods brand Artisan Cheese in PARTIAL WHEELS of Cheese,   from cheese makers in US (VA, VT, Ca, WI, OR, WA and UT) and Ireland, Italy, Switzerland, France, Holland and Greece.  Varieties include Appalachian, Coolea, Cabot clothbound Cheddar, Big Rock Blue, Goat Gouda, Holey Cow, Big Woods Blue, Fiore Sardo,, Valdeon, Pecorino Romano, Sottocenere, Capriago, Capricious, Cave Aged Gruyere, Cave Aged Marisa, Fenacho, Pondhopper, Comte, L'Amuse Signature Gouda, Dante Waxed Rind, Dry Jack Special Reserve, Mezzo Secco,  Extra Mature Bandage Cheddar,  San Joaquin Gold, Flagship Reserve Truckle, Fontina Vallet Pietro, Grana Padano, Parmigiano Reggiano Organic,  Taleggio Organic,  Comte Reserve Ete, Loma Alta,  Mt. Viko Barrel Aged Feta,  Pepato, San Andreas Bellwether Farms, Reading, Tarentaise, Seahive, St. George, Toma and Wagon Wheel.  Cheese is cut per order and wrapped in cheese paper and marked with a magic marker indicating the type of cheese, poundage and pack date as well as a Tomales Bay Foods label. There are no code numbers or expiration dates marked on the product.",94952-5125,"562.74 pounds original recall, 101.1 pounds of Pondhopper and  31.41 pounds of Big Woods Blue",Food,Firm received a positive environmental for Listeria Monocytogenes from their internal testing samples.,F-1985-2012,"Tomales Bay Foods, Inc.",CA,Terminated,Voluntary: Firm initiated,2012-07-28,2012-12-12,2012-12-04,2012-12-06
1051 Pacific Ave,Oxnard,Class I,Product 6514182006CV; Finished product lots: 223YAC2A1P205 223YAC2A2R202 223YAM4A1P220 223YAM4B1P213 223YAS3A1P207 223YAS3A1P209 223YAS3A1P215 223YAS3A1P219,United States,"Distributors in Canada   AB, BC, NB, NS, ON; and the United States   AZ, CA, CO, CT, FL, GA, IA, ID, IL, IN, KY, LA, MA, MD, ME, MI, MN, MO, MS, MT, NC, ND, NE, NM, NV, OH, OK, OR, PA, SC, TN, TX, UT, VA, WA and WI.",93290,"Two or more of the following: Email, Fax, Letter, Press Release, Telephone, Visit","Cross Valley Farms 4/5 LB CTN FRESH 1/8"" SLIVERED YELLOW ONIONS W/ZIPPER",93030-7254,"6,400 lb",Food,Potential contamination with Salmonella Thompson,F-0346-2024,"Gills Onions, LLC",CA,Terminated,Voluntary: Firm initiated,2023-10-23,2023-11-15,2023-11-08,2024-09-20
1051 Pacific Ave,Oxnard,Class I,"USA Lot code: 22RAA1A2184 for 7oz., and   Canada Lot code: 22RAA1A2184 for 198g.    Recall expanded to include following lots:    USA lot code:  All lots on or before August 3, 2012.    Canada Lot code:  all lot codes on or before August 3, 2012.",United States,Nationwide in the US and to Canada,55924,Letter,"Diced Red Onions, 7oz, UPC 643550000412;  Diced Red Onions, Oignons rouge frais, en des, 198 grams, UPC 643550000450.  Diced Red Onions, 5lbs., ""Gills Onions"" Label, no UPC;  Diced Red Onions, 5lbs, ""Crossvalley"" label, no UPC.  Diced Red Onions, 5lbs, ""Markon"" label, no UPC.  Diced Red Oninos, 5lbs, ""Cisco"" label, no UPC.",93030-7254,"787,457 lbs total",Food,Gills Onions is recalling diced and slivered red and yellow onions and diced celery and onion mix because they may be contaminated by Listeria monocytogenes.,F-1848-2012,"Gills Onions, LLC",CA,Terminated,Voluntary: Firm initiated,2012-07-17,2012-08-15,2012-08-06,2012-10-25
106 Wildwood Rd,Willernie,Class I,Sandwiches Purchased before 9/15/2021,United States,"MN, UT, WA",88744,E-Mail,"Earle of Sandwiches Mild Smoked Jalapeno Sub, Smoked Jalapeno Sausage and Peperjack Cheese on Parmasan Crusted French Bread.  Net Wt. 7oz (198g), UPC 97256 75671, Keep Refrigerated.  Earle of Sandwiches, Willernie, MN  55090",55090-7711,2776 units,Food,Sandwiches may contain undeclared soy and egg.,F-0001-2022,The Earl of Sandwiches,MN,Terminated,Voluntary: Firm initiated,2021-09-16,2021-10-13,2021-10-01,2022-04-21
10600 E 54th Ave,Denver,Class I,"Lot: 64229, 65182",United States,"Nationwide to FL, CA, UT, AZ, MN, IL, CO, NM , OH, MO, ID. Canadian consignees. No other foreign or VA/govt/military consignees.",75894,Letter,Nacho Snack Seasoning / Harvest Pride /Tom Smith. Product Code: T3809. 50 lb bags,80239-2145,~29 bags,Food,Products have been recalled due to potential for Salmonella contamination.,F-1199-2017,"All American Seasonings, Inc.",CO,Terminated,Voluntary: Firm initiated,2016-12-07,2017-01-18,2017-01-09,2017-05-08
1061 Commerce Ave,Chipley,Class II,"UPC #70582-10001  Lot # ""Sell By 2-21-14""  Exp date 2-21-14",United States,Alabama,65446,E-Mail,ARNETT'S PLAIN CORN MEAL NET WT. 24 OZ. (1lb. 8 oz)(680g,32428-6395,"6,084 bags",Food,Due to high levels of aflatoxin,F-1578-2013,"Hoover Mill, Inc.",FL,Terminated,Voluntary: Firm initiated,2013-04-10,2013-07-10,2013-06-28,2013-07-03
1061 W 2nd Ave,Eugene,Class I,"lot numbers are 23122, 23287, 23412, 23520, and 23578.    LOT OTM 23122 expires on 8/11/18.  LOT OTM 23287 expires on 9/19/18.  LOT OTM 23412 expires on 10/19/18.  LOT OTM 23520 expires on 11/16/18.  LOT OTM 23578 expires on 12/1/18.",United States,"Idaho, Illinois, Oregon, and Washington",80587,E-Mail,"Grizzlies Brand and Grizzlies Granolas Oregon Trail Mix consisting of chocolate chips, fruit, seeds, and nuts.      Product packaged in a cardboard box with a liner bag, net wt. 20 lbs., and was distributed to retailers for sale from their bulk bins.      The product's ingredients statement on the green label is read ""***Semi-sweet chocolate chips (sugar, chocolate, cocoa butter, soy lecithin, vanilla), hazelnuts, almonds, walnuts, pumpkin seeds, unsulphured peaches, sunflower seeds, raisins, cranberries (apple juice concentrate, sunflower oil)***"".    The product's ingredients statement on the ivory label is read ""***Semi-sweet chocolate chips (sugar, chocolate, cocoa butter, soy lecithin, vanilla), hazelnuts, almonds, walnuts, pumpkin seeds, sunflower seeds, raisins, cranberries (cranberries, apple juice, sunflower oil), Peaches, Raisins (Raisins, Sunflower Oil). No GMOs***"".",97402-4947,900 lbs.,Food,Grizzlies Brand and Grizzlies Granolas Oregon Trail Mix are recalled due to undeclared milk.,F-1759-2018,"Green Valley Group, LLC",OR,Terminated,Voluntary: Firm initiated,2018-07-19,2018-08-15,2018-08-07,2018-09-14
1065 N 1150 W,Middlebury,Class I,"no code, manufactured 1/13/14 or before",United States,"Rise N Roll and Amish Wedding Nutty Crunch and Crunch N Nutter  Distributors in PA, OH, WI, NJ, and retail PA, IL, KS, MI, OH, WI, IN, MN, MO, VA;  Product also sold on the website  www.risenrollbakery.com    Bakery products sold in retail stores in Indiana.",67299,Telephone,"Rise n Roll Bakery & Deli, Bavarian Creme Donuts, sold individually and  found in 6 count (436 g) UPC Code 6 26570 61744 0  or 12 count (861.83 g) UPC Code 6 26570 617457,    variety donut box identifying all donut varieties     Bavarian Creme Donuts  Enriched wheat flour, soybean oil, dextrose, salt, leaving, soy flour, dry whey, mono and diglycerides with BHT, sodium stearoyl, latylate, guar gum wheat starch, ascorbic acid, corn oil, beta carotene, citric acid, silicon dioxide, alpha tocopherols, tricalcium phosphate, soy shortening (palm oil, soybean oil, vitamin E)     FILLING: High fructose corn syrup, sugar, food starch modified, palm oil, salt, titanium dioxide, agar sorbic acid, sodium benzoate, potassium sorbate, artificial flavor, modified cellulose, propylene glyocol, glycerin, corn starch, dextrose, polysorbate 80 & 60, sorbitan monostearate, sodium citrate, xanthangum, annatto, caramel color, yellow 5, yellow 6.     Contains wheat, soy and milk",46540-9340,unknown,Food,Undeclared egg ingredient,F-1595-2014,"Rise'n Roll Bakery, LLC",IN,Terminated,Voluntary: Firm initiated,2014-01-15,2014-03-12,2014-02-28,2014-04-23
1065 N 1150 W,Middlebury,Class I,"no code, produced 1/13/14 or before",United States,"Rise N Roll and Amish Wedding Nutty Crunch and Crunch N Nutter  Distributors in PA, OH, WI, NJ, and retail PA, IL, KS, MI, OH, WI, IN, MN, MO, VA;  Product also sold on the website  www.risenrollbakery.com    Bakery products sold in retail stores in Indiana.",67299,Telephone,"Rise n Roll Bakery & Deli, White Powdered Donuts, sold individually and  found in 6 count (436 g) UPC Code 6 26570 61744 0  or 12 count (861.83 g) UPC Code 6 26570 617457,    variety donut box identifying all donut varieties:  White Powdered Donut : Enriched wheat flour, soybean oil, dextrose, salt, leaving, soy flour, dry whey, mono and diglycerides with BHT, sodium stearoyl, latylate, guar gum wheat starch, ascorbic acid, corn oil, beta carotene, citric acid, silicon dioxide, alpha tocopherols, tricalcium phosphate, soy shortening (palm oil, soybean oil, vitamin E)   COATING:  Dextrose, cornstarch, partially hydrogenated vegetable oil, titanium dioxide, rice flour, hydrogenated cottonseed oil, artificial flavor, silicon dioxide.    Contains wheat, soy and milk",46540-9340,unknown,Food,Undeclared egg ingredient,F-1593-2014,"Rise'n Roll Bakery, LLC",IN,Terminated,Voluntary: Firm initiated,2014-01-15,2014-03-12,2014-02-28,2014-04-23
10813 Castolon Dr,Dallas,Class II,all best by dates until a best by date later than 05/16/2023.,United States,Texas,91234,Letter,Take & Bake Sourdough Biscuits UPC 44216-26512 packaged in metal tin with clear plastic nonflexible lid,75228-2515,114 units,Food,Label does not include the common name for the allergens milk and wheat,F-0257-2023,Hippos and Hashbrowns,TX,Terminated,Voluntary: Firm initiated,2022-11-21,2023-01-18,2023-01-12,2024-04-30
1085 Abbott St,Salinas,Class I,Best By code dates between 12MAY2012 - 29MAY2012; 12MAY2012 - 22MAY2012. The code date is located in the upper right hand corner of the bags.,United States,Products were released for distribution in US and Canada.,61901,Press Release,"Sysco brand Garden with Romaine, 4 x 5 lb bag, UPC: n/a; Product is a salad item; bagged in clear polyethylene film (foodservice) and polypropylene/polyethylene (retail). Refrigerate and consume within Best By date. Product is processed and packaged by River Ranch Fresh Foods, LLC",93901-4501,,Food,"River Ranch was notified that two separate samples of products pulled by the FDA which were produced by River Ranch, tested positive for Listeria monocytogenes.",F-1626-2012,River Ranch Fresh Foods  LLC,CA,Terminated,Voluntary: Firm initiated,2012-05-18,2012-08-15,2012-08-08,2012-09-19
1086 N 450 W,Springville,Class I,Everything manufactured between 1/1/18 to 4/12/18.,United States,nationwide,80025,Press Release,"Acadica Kratom:  Green Suma, 250g bags",84663-5914,,Food,"Recalling Red Suma, Green Suma, Red Hulu 2, Green Hulu 2 Kratom products due to potential salmonella.",F-1463-2018,Badger Botanicals LLC,UT,Terminated,Voluntary: Firm initiated,2018-05-02,2018-05-16,2018-05-15,2022-04-19
10888 7th St,Rancho Cucamonga,Class I,"Item 1485 - Surimi Seafood Shred Miyako: Lot numbers (expiration dates): 02/13/23, 03/07/23, 03/14/23, 04/17/23, 05/08/23, 05/23/23, 06/06/23, 06/20/23, 07/10/23, 07/26/23  Item 91403   AS10C ICM Shred 4/2.5Lb KS10-0440-C: Lot numbers (expiration dates) 02/08/23, 11/01/22, 11/29/22, 12/12/22, 12/22/22.  Item 91408 KSA ICM Shred 12/2.5Lb KS22-1240-C: Lot numbers (expirations dates) 12/13/23, 02/21/23, 03/28/23, 04/19/23, 05/24/23, 06/26/23, 08/08/23  Item 92407 KS21 ICM Shred 12/2.5Lb KS23-1240-Z, Frozen Lot numbers (production dates julian code) 10223, 03923, 25723, 30522, 23022",United States,"U.S. distribution to the following: AZ, CA, NV, TX, WA, GA, IL, MN, NC, CO, NJ, FL  Foreign distribution to the following: CA (British Columbia, Alberta)",92381,E-Mail,"Miyako Select Shredded Crab Meat Keep Refrigerated #1485 Ingredients: Fish Protein (Pollock, Threadfin Bream and/or Flying Fish), Water, Potato Starch, Modified Food Starch, Contains less than 2% of the following: Sugar, Salt, Sorbitol, Carrageenan, Natural and Artificial Flavors (Hydrolyzed Soy Protein, Qab Extract), Carrageenan, Sodium Tripolyphosphate, Tetrasodium Pyrophosphate, Carmine, Natural and Artificial Color. Contains: Fish (Pollock, Threadfin Bream and/or Flying Fish), Soy, Crustacean Shellfish (Swimming Crab) Net Weight 12/2.5 Ib Distributed By: MUTUAL TRADING CO, El MONTCAE 91731 30 lbs. (12 packages/2.5 lb vacuum sealed in clear film, pasteurized)  Crab Flavored Seafood Shred Style 91403 AS10C Ingredients: Fish Protein (Pollock, Whiting and or Threadfin Bream), Water, Potato Starch, Modified Food Starch, Contains less than 2% of the following: Sugar, Sat, Sorbitol, Natural and Artificial Flavors (Hydrolyzed Soy Protein, Crab Extract), Carrageenan, Sodium Tripolyphosphate, Tetrasodium Pyrophosphate, Carmine, Natura and Artificial Color. Contains: Fish Pollock, Whiting and or Threadfin Bream), Soy, Crustacean Shellfish Swimming Crab) Net Weight 4/2.5 lb Keep Refrigerated Product of U.S.A. Aquamar, Rancho Cucamonga, CA 91730 30 lbs. (12 packages/2.5 lb vacuum sealed in clear film, pasteurized)  Crab Flavored Seafood Shred Style 92407 KS21 Ingredients: Fish Protein (Pollock, Threadfin Bream and or Flying Fish), Water Potato Starch, Modified Food Starch, Contains less than 2% of the following: Sugar, Salt, Sorbitol, Carrageenan.  Natural and Artificial Flavors (Hydrolyzed Soy Protein, Crab Extract), Carrageenan, Sodium Tripolyphosphate, Tetrasodium, Carmine, Natural and Artificial Color Contains: Fish (Pollock, Threadfin Bream and/or Flying Fish), Soy, Crustacean Shellfish (Swimming Crab). Net Weight 12/2.5 lb Keep Frozen Product of U.S.A. Aquamar, Rancho Cucamonga, CA 91730 30 lbs. (12 packages/2.5 lb vacuum sealed in clear film, pasteurized)  Crab Flavored Seafood  Shred Style  91408  KSA Ingredients: Fish Protein (Pollock, Threadfin Bream and or Flying Fish), Water Potato Starch, Modified Food Starch, Contains less than 2% of the following: Sugar, Salt, Sorbitol, Carrageenan.  Natural and Artificial Flavors (Hydrolyzed Soy Protein, Crab Extract), Carrageenan, Sodium Tripolyphosphate, Tetrasodium Pyrophosphate, Carmine, Natural and Artificial Color Contains: Fish (Pollock, Threadfin Bream and/or Flying Fish), Soy, Crustacean Shellfish (Swimming Crab). Net Weight 12/2.5 lb Keep Refrigerated Product of U.S.A. 30 lbs. (12 packages/2.5 lb vacuum sealed in clear film, pasteurized)",91730-5421,"31,079 cases",Food,Product found to contain undeclared wheat and eggs,F-0990-2023,Aquamar Inc,CA,Terminated,Voluntary: Firm initiated,2023-05-19,2023-06-28,2023-06-20,2025-01-07
1090 Springfield Rd,Union,Class I,"IN24330,25072,25108,24353,25171,24297,25058,25078,24291,25107,24354 AND 24292",United States,"Th recalled product was distributed to the following States: CA, NJ, IL, FL, TX",97300,E-Mail,Deep Sprouted Mat 16 oz.,07083-8119,5232 PACKET/BAG OF SPROUTED MAT,Food,Product tested positive Salmonella .,H-0574-2025,CHETAK NEW YORK LLC,NJ,Terminated,Voluntary: Firm initiated,2025-06-28,2025-09-03,2025-09-08,2025-10-28
1090 Springfield Rd,Union,Class I,"Lot: 25020, 25021",United States,United States,97631,"Two or more of the following: Email, Fax, Letter, Press Release, Telephone, Visit",Deep-brand Indian Kitchen Quick Cubes Ready For Cooking Green Chili of India Net Wt. 10 oz. (283 g) KEEP FROZEN,07083-8119,3509532 bags,Food,Product tested positive Salmonella .,H-0272-2026,CHETAK NEW YORK LLC,NJ,Terminated,Voluntary: Firm initiated,2025-09-05,2025-12-17,2025-12-11,2026-02-12
1090 Springfield Rd,Union,Class I,"Lot: a) 25008, 25020, 25027, 25036, 25044, 25049, 25086, 25099, 25118, 25121, 25122, 25132, 25134, 25170, 25063, 25071, 25083; b)25003, 25030, 25044, 25053, 25085, 25099, 25118, 25120, 25122, 25132, 25149, 25164, 25198; c) 24362, 25010, 25027, 25044, 25079, 25099, 25140, 25150, 25156, 25190",United States,United States,97631,"Two or more of the following: Email, Fax, Letter, Press Release, Telephone, Visit",Deep-brand Select Bhindi Cut Okra KEEP FROZEN a) Net Wt. 12 oz (340 g); b) Net Wt. 1 LB 8 oz. (24 oz.) (680 g); c) Net Wt. 2 LB (907 g),07083-8119,3509532 bags,Food,Product tested positive Salmonella .,H-0270-2026,CHETAK NEW YORK LLC,NJ,Terminated,Voluntary: Firm initiated,2025-09-05,2025-12-17,2025-12-11,2026-02-12
1090 Springfield Rd,Union,Class I,"Lots: 25006, 25035, 25044, 25072, 25080, 25104, 25114, 25140, 25167",United States,United States,97631,"Two or more of the following: Email, Fax, Letter, Press Release, Telephone, Visit",Deep-brand PREMIUM Select Peas and Carrots KEEP FROZEN Net Wt. 2 LB (907 g),07083-8119,3509532 bags,Food,Product tested positive Salmonella .,H-0286-2026,CHETAK NEW YORK LLC,NJ,Terminated,Voluntary: Firm initiated,2025-09-05,2025-12-17,2025-12-11,2026-02-12
1090 Springfield Rd,Union,Class I,"Lots: a) 24354, 25001, 25032, 25035, 25068, 25099, 25100, 25122, 25133, 25160, 25195; b) 25001, 25020, 25032, 25044, 25072, 25080, 25099, 25122, 25133, 25167, 25198",United States,United States,97631,"Two or more of the following: Email, Fax, Letter, Press Release, Telephone, Visit",Deep-brand PREMIUM Select Mixed Vegetables 4 way KEEP FROZEN a) Net Wt. 3.85 LB. (1.75 kg); b) Net Wt. 2 LB (907 g),07083-8119,3509532 bags,Food,Product tested positive Salmonella .,H-0284-2026,CHETAK NEW YORK LLC,NJ,Terminated,Voluntary: Firm initiated,2025-09-05,2025-12-17,2025-12-11,2026-02-12
1099 W Front St,Boise,Class II,Lote Code: 001 JUN 05 24,United States,Distributed in PA only.,95651,E-Mail,"Item #473015 Simplot seasoned CRISP Delivery+ Savory 6 Cut Crinkle Cut Wedge, Frozen Potatoes, 5lb. bag without any labeling, 6 bags per case, SKU 10071179473015. Packaging Distribution Information: J.R. Simplot Company P.O. Box 9386, Boise, ID 83707.  Ingredients: POTATOES, VEGETABLE OIL (SOYBEAN, CANOLA, AND/OR COTTONSEED OILS), FOOD STARCH-MODIFIED, CONTAINS LESS THAN 2% OF COLOR (PAPRIKA OLEORESIN, TURMERIC OLEORESIN), CORN STARCH, DEXTRIN, DEXTROSE, GARLIC POWDER, LEAVENING (SODIUM ACID PYROPHOSPHATE, SODIUM BICARBONATE), ONION POWDER, RICE FLOUR, SALT, SPICES, XANTHAN GUM, DISODIUM DIHYDROGEN PYROPHOSPHATE (TO MAINTAIN NATURAL COLOR.  5lb. bag or 30lb. case of product is NOT sold directly to consumers. Product was prepared and sold by retail deli counters.",83702-6924,26 cases,Food,Undeclared wheat. Product contains wheat but was mis-labeled as Savory 6 Cut Crinkle Cut Wedge and label does not declare wheat.,F-0132-2025,JR Simplot Company,ID,Terminated,Voluntary: Firm initiated,2024-10-23,2024-11-20,2024-11-13,2024-11-14
10e E 75th St,New York,Class I,Lot Code: 1770; Expiry Date: 10/23/2020,United States,"GA, NH, IN, NY, TX, CA, WI, SC, WA, CA, FL, PA, NJ",86181,Letter,"HAVEN'S KITCHEN***GOLDEN TURMERIC TAHINI***NET WT 5oz (142g)***Ingredients: Water, Tahini, Extra Virgin Olive Oil, Roasted Garlic, Lemon Juice Concentrate, Date Paste, Sea Salt, Turmeric, Cumin, Ground Sumac (Sumac, Salt), White Pepper***",10021-2609,unknown,Food,"Product is labeled as the wrong sauce, resulting in soy being undeclared on the label.",F-1167-2020,Haven'S Kitchen,NY,Terminated,Voluntary: Firm initiated,2020-08-06,2020-08-26,2020-08-18,2020-11-05
1100 S Santa Fe Ave,Los Angeles,Class I,,United States,U.S. distribution in CA only (Los Angeles and San Diego).  No foreign distribution.,72907,Letter,Masago Lake Smelt Roe  6 oz.  UPC Code:4866010101,90021-1743,504 Packages,Food,Product contains undeclared soy and wheat.,F-0533-2016,Ocean Group Inc.,CA,Terminated,Voluntary: Firm initiated,2015-12-16,2016-02-10,2016-02-02,2016-03-16
1101 S Blue Bell Rd,Brenham,Class I,all lot codes within expiry,United States,"FL, GA, SC, NC, VA, OH, KY, TN, AL, MS, IN, IL, MT, AR, LA, TX, Ok, KS, NM, CO, WY, AZ, NV and Bermuda, Belize, Saudia Arabia, Yemen, Oman, UAE, Qatar, Egypt, Jordan, Kuwait, Dominican Republic, Panama, Turks and Caicos, Haiti, Trinadad and Tobago, Puerto Rico, Chile, Peru, China, Mexico, Philippines, Tortola, St. Thomas and St. Croix, Anguilla, St, Kitts and Nevis, Montserrat, and Dominica",70738,"Two or more of the following: Email, Fax, Letter, Press Release, Telephone, Visit",Blue Bell Ice Cream Blueberry Cheesecake Still a 1/2 Gal (2 QTS),77833-4413,"503,367 units",Food,Five patients who were treated in a single hospital in Kansas were infected with one of four rare strains of Listeria monocytogenes.,F-2543-2015,"Blue Bell Creameries, L.P.",TX,Terminated,Voluntary: Firm initiated,2015-03-13,2015-07-01,2015-06-19,2016-11-03
1101 S Blue Bell Rd,Brenham,Class I,all lot codes within expiry,United States,"FL, GA, SC, NC, VA, OH, KY, TN, AL, MS, IN, IL, MT, AR, LA, TX, Ok, KS, NM, CO, WY, AZ, NV and Bermuda, Belize, Saudia Arabia, Yemen, Oman, UAE, Qatar, Egypt, Jordan, Kuwait, Dominican Republic, Panama, Turks and Caicos, Haiti, Trinadad and Tobago, Puerto Rico, Chile, Peru, China, Mexico, Philippines, Tortola, St. Thomas and St. Croix, Anguilla, St, Kitts and Nevis, Montserrat, and Dominica",70738,"Two or more of the following: Email, Fax, Letter, Press Release, Telephone, Visit",Blue Bell Ice Cream Buttered Pecan Still a 1/2 Gal (2 QTS),77833-4413,"6,147,092 units",Food,Five patients who were treated in a single hospital in Kansas were infected with one of four rare strains of Listeria monocytogenes.,F-2516-2015,"Blue Bell Creameries, L.P.",TX,Terminated,Voluntary: Firm initiated,2015-03-13,2015-07-01,2015-06-19,2016-11-03
1101 S Blue Bell Rd,Brenham,Class I,all lot codes within expiry,United States,"FL, GA, SC, NC, VA, OH, KY, TN, AL, MS, IN, IL, MT, AR, LA, TX, Ok, KS, NM, CO, WY, AZ, NV and Bermuda, Belize, Saudia Arabia, Yemen, Oman, UAE, Qatar, Egypt, Jordan, Kuwait, Dominican Republic, Panama, Turks and Caicos, Haiti, Trinadad and Tobago, Puerto Rico, Chile, Peru, China, Mexico, Philippines, Tortola, St. Thomas and St. Croix, Anguilla, St, Kitts and Nevis, Montserrat, and Dominica",70738,"Two or more of the following: Email, Fax, Letter, Press Release, Telephone, Visit",Blue Bell Ice Cream Chocolate Chip 3 Gallon,77833-4413,"17,368 units",Food,Five patients who were treated in a single hospital in Kansas were infected with one of four rare strains of Listeria monocytogenes.,F-2613-2015,"Blue Bell Creameries, L.P.",TX,Terminated,Voluntary: Firm initiated,2015-03-13,2015-07-01,2015-06-19,2016-11-03
1101 S Blue Bell Rd,Brenham,Class I,all lot codes within expiry,United States,"FL, GA, SC, NC, VA, OH, KY, TN, AL, MS, IN, IL, MT, AR, LA, TX, Ok, KS, NM, CO, WY, AZ, NV and Bermuda, Belize, Saudia Arabia, Yemen, Oman, UAE, Qatar, Egypt, Jordan, Kuwait, Dominican Republic, Panama, Turks and Caicos, Haiti, Trinadad and Tobago, Puerto Rico, Chile, Peru, China, Mexico, Philippines, Tortola, St. Thomas and St. Croix, Anguilla, St, Kitts and Nevis, Montserrat, and Dominica",70738,"Two or more of the following: Email, Fax, Letter, Press Release, Telephone, Visit",Blue Bell Ice Cream Chocolate Chip Cookie Dough 3 Gallon,77833-4413,"56,762 units",Food,Five patients who were treated in a single hospital in Kansas were infected with one of four rare strains of Listeria monocytogenes.,F-2614-2015,"Blue Bell Creameries, L.P.",TX,Terminated,Voluntary: Firm initiated,2015-03-13,2015-07-01,2015-06-19,2016-11-03
1101 S Blue Bell Rd,Brenham,Class I,all lot codes within expiry,United States,"FL, GA, SC, NC, VA, OH, KY, TN, AL, MS, IN, IL, MT, AR, LA, TX, Ok, KS, NM, CO, WY, AZ, NV and Bermuda, Belize, Saudia Arabia, Yemen, Oman, UAE, Qatar, Egypt, Jordan, Kuwait, Dominican Republic, Panama, Turks and Caicos, Haiti, Trinadad and Tobago, Puerto Rico, Chile, Peru, China, Mexico, Philippines, Tortola, St. Thomas and St. Croix, Anguilla, St, Kitts and Nevis, Montserrat, and Dominica",70738,"Two or more of the following: Email, Fax, Letter, Press Release, Telephone, Visit",Blue Bell Ice Cream Mango 3 Gallon,77833-4413,"8,277 units",Food,Five patients who were treated in a single hospital in Kansas were infected with one of four rare strains of Listeria monocytogenes.,F-2639-2015,"Blue Bell Creameries, L.P.",TX,Terminated,Voluntary: Firm initiated,2015-03-13,2015-07-01,2015-06-19,2016-11-03
1101 S Blue Bell Rd,Brenham,Class I,all lot codes within expiry,United States,"FL, GA, SC, NC, VA, OH, KY, TN, AL, MS, IN, IL, MT, AR, LA, TX, Ok, KS, NM, CO, WY, AZ, NV and Bermuda, Belize, Saudia Arabia, Yemen, Oman, UAE, Qatar, Egypt, Jordan, Kuwait, Dominican Republic, Panama, Turks and Caicos, Haiti, Trinadad and Tobago, Puerto Rico, Chile, Peru, China, Mexico, Philippines, Tortola, St. Thomas and St. Croix, Anguilla, St, Kitts and Nevis, Montserrat, and Dominica",70738,"Two or more of the following: Email, Fax, Letter, Press Release, Telephone, Visit",Blue Bell Ice Cream Purple Homemade Vanilla 3 Gallon,77833-4413,792 units,Food,Five patients who were treated in a single hospital in Kansas were infected with one of four rare strains of Listeria monocytogenes.,F-2686-2015,"Blue Bell Creameries, L.P.",TX,Terminated,Voluntary: Firm initiated,2015-03-13,2015-07-01,2015-06-19,2016-11-03
1101 S Blue Bell Rd,Brenham,Class I,all lot codes within expiry,United States,"FL, GA, SC, NC, VA, OH, KY, TN, AL, MS, IN, IL, MT, AR, LA, TX, Ok, KS, NM, CO, WY, AZ, NV and Bermuda, Belize, Saudia Arabia, Yemen, Oman, UAE, Qatar, Egypt, Jordan, Kuwait, Dominican Republic, Panama, Turks and Caicos, Haiti, Trinadad and Tobago, Puerto Rico, Chile, Peru, China, Mexico, Philippines, Tortola, St. Thomas and St. Croix, Anguilla, St, Kitts and Nevis, Montserrat, and Dominica",70738,"Two or more of the following: Email, Fax, Letter, Press Release, Telephone, Visit",DZ Coconut Bar- Single Serve Snack and 6 Pak Coconut Fruit Bars and 6 Pak Dipped Coconut Fruit Bars,77833-4413,"3,216,470 units",Food,Five patients who were treated in a single hospital in Kansas were infected with one of four rare strains of Listeria monocytogenes.,F-2690-2015,"Blue Bell Creameries, L.P.",TX,Terminated,Voluntary: Firm initiated,2015-03-13,2015-07-01,2015-06-19,2016-11-03
1101 S Blue Bell Rd,Brenham,Class I,all lot codes within expiry,United States,"FL, GA, SC, NC, VA, OH, KY, TN, AL, MS, IN, IL, MT, AR, LA, TX, Ok, KS, NM, CO, WY, AZ, NV and Bermuda, Belize, Saudia Arabia, Yemen, Oman, UAE, Qatar, Egypt, Jordan, Kuwait, Dominican Republic, Panama, Turks and Caicos, Haiti, Trinadad and Tobago, Puerto Rico, Chile, Peru, China, Mexico, Philippines, Tortola, St. Thomas and St. Croix, Anguilla, St, Kitts and Nevis, Montserrat, and Dominica",70738,"Two or more of the following: Email, Fax, Letter, Press Release, Telephone, Visit",DZ Lime Fruit Bar - Single Serve Snack; 6 Pak Lime Fruit Bars,77833-4413,"1,412,840 units",Food,Five patients who were treated in a single hospital in Kansas were infected with one of four rare strains of Listeria monocytogenes.,F-2693-2015,"Blue Bell Creameries, L.P.",TX,Terminated,Voluntary: Firm initiated,2015-03-13,2015-07-01,2015-06-19,2016-11-03
1101 S Blue Bell Rd,Brenham,Class I,All lots within expiry,United States,"FL, GA, SC, NC, VA, OH, KY, TN, AL, MS, IN, IL, MT, AR, LA, TX, Ok, KS, NM, CO, WY, AZ, NV and Bermuda, Belize, Saudia Arabia, Yemen, Oman, UAE, Qatar, Egypt, Jordan, Kuwait, Dominican Republic, Panama, Turks and Caicos, Haiti, Trinadad and Tobago, Puerto Rico, Chile, Peru, China, Mexico, Philippines, Tortola, St. Thomas and St. Croix, Anguilla, St, Kitts and Nevis, Montserrat, and Dominica",70738,"Two or more of the following: Email, Fax, Letter, Press Release, Telephone, Visit",Blue Bell  Sherbert Orange One Quart Naturally Low Fat,77833-4413,"2,033,646 units",Food,Five patients who were treated in a single hospital in Kansas were infected with one of four rare strains of Listeria monocytogenes.,F-2466-2015,"Blue Bell Creameries, L.P.",TX,Terminated,Voluntary: Firm initiated,2015-03-13,2015-07-01,2015-06-19,2016-11-03
1101 S Blue Bell Rd,Brenham,Class I,All lots within expiry,United States,"FL, GA, SC, NC, VA, OH, KY, TN, AL, MS, IN, IL, MT, AR, LA, TX, Ok, KS, NM, CO, WY, AZ, NV and Bermuda, Belize, Saudia Arabia, Yemen, Oman, UAE, Qatar, Egypt, Jordan, Kuwait, Dominican Republic, Panama, Turks and Caicos, Haiti, Trinadad and Tobago, Puerto Rico, Chile, Peru, China, Mexico, Philippines, Tortola, St. Thomas and St. Croix, Anguilla, St, Kitts and Nevis, Montserrat, and Dominica",70738,"Two or more of the following: Email, Fax, Letter, Press Release, Telephone, Visit",Blue Bell Ice Cream Dutch Chocolate One Pint (473mL) and Half Pint Size,77833-4413,"13,701,935 units",Food,Five patients who were treated in a single hospital in Kansas were infected with one of four rare strains of Listeria monocytogenes.,F-2463-2015,"Blue Bell Creameries, L.P.",TX,Terminated,Voluntary: Firm initiated,2015-03-13,2015-07-01,2015-06-19,2016-11-03
1102 D St NE,Auburn,Class I,"manufacturer codes 7022, 7212, 7272 and 7432.",United States,"Product distributed to distributors, retailers, and restaurants in Oregon and Washington.",63217,"Two or more of the following: Email, Fax, Letter, Press Release, Telephone, Visit","Ricotta Salata Frescolina Brand Soft Cheese.  Product is packaged in a retail package, wedge shaped, size ranges from 6-7 oz.    The product is labeled in parts: ""***Frescolina Ricotta Salata MARTE***IMPORTED BY FOREVER CHEESE,NY 11106***PRODUCT OF ITALY***""",98002-4015,total 390 lbs,Food,Ricotta Salata Frescolina Brand Cheese is recalled due to the potential contamination with Listeria monocytonenes.,F-0122-2013,Floyd Peterson Company Inc.,WA,Terminated,Voluntary: Firm initiated,2012-09-10,2012-10-24,2012-10-16,2012-10-31
1105 Industrial Ave Ste 200,Petaluma,Class II,BEST BY: 26 DEC 26,United States,"Domestic: CA, CO, AZ, CT, FL, GA, IA, IL, IN, MD, NJ, OR, PA, SC, TX, WA, WI. Foreign: Not Applicable.",98982,Letter,"STRAUS FAMILY CREAMERY Cookie Dough ORGANIC SUPER PREMIUM ICE CREAM ONE PINT (473mL)  Produced and Distributed by Straus Family Creamery,  Petaluma, CA 94952  UPC: 784830101044",94952-1141,547.375 cases (8 units/case),Food,Potential contamination with foreign objects (metal pieces).,H-0895-2026,Straus Family Creamery,CA,Ongoing,Voluntary: Firm initiated,2026-05-12,2026-06-10,2026-06-02,
11080 Grader St,Dallas,Class II,No code.  Fresh product,United States,TX,95086,Other,Ham and Cheese Croissant (approximately 6.5 oz) delivered fresh in bins to the firm's Restaurants- no label.  Not individually packaged.,75238-2401,90 croissants,Food,Potential L. monocytogenes,F-1780-2024,WR Coffee Inc,TX,Terminated,Voluntary: Firm initiated,2024-07-30,2024-09-11,2024-09-04,2024-09-04
1109 E Lake St,Streamwood,Class I,Z324-Z350,United States,"Products were distributed to 110 domestic distributors (in CT, IA, IL, IN, KY, MA, MD, ME, MI, MN, MO, ND, NH, NJ, NY, OH, PA, RI, VA, and WI) and 3 foreign distributors (Canada).",89269,"Two or more of the following: Email, Fax, Letter, Press Release, Telephone, Visit","""Chopped Caesar"" (salad product) packed in 9.4oz., 10.4oz., and 10.5oz. packages",60107-4332,"45,639 cases",Food,potential to be contaminated with Listeria monocytogenes,F-0542-2022,Fresh Express Inc (Div of Chiquita Brands),IL,Terminated,Voluntary: Firm initiated,2021-12-18,2022-02-02,2022-01-22,2023-05-17
1109 E Lake St,Streamwood,Class I,Z324-Z350,United States,"Products were distributed to 110 domestic distributors (in CT, IA, IL, IN, KY, MA, MD, ME, MI, MN, MO, ND, NH, NJ, NY, OH, PA, RI, VA, and WI) and 3 foreign distributors (Canada).",89269,"Two or more of the following: Email, Fax, Letter, Press Release, Telephone, Visit","""Chopped Southwest"" (salad product) packed in 10.3oz. packages",60107-4332,"40,867 cases",Food,potential to be contaminated with Listeria monocytogenes,F-0550-2022,Fresh Express Inc (Div of Chiquita Brands),IL,Terminated,Voluntary: Firm initiated,2021-12-18,2022-02-02,2022-01-22,2023-05-17
1109 E Lake St,Streamwood,Class I,Z324-Z350,United States,"Products were distributed to 110 domestic distributors (in CT, IA, IL, IN, KY, MA, MD, ME, MI, MN, MO, ND, NH, NJ, NY, OH, PA, RI, VA, and WI) and 3 foreign distributors (Canada).",89269,"Two or more of the following: Email, Fax, Letter, Press Release, Telephone, Visit","""Organic Baby Arugula"" (salad product) packed in 5oz. and 16oz. packages",60107-4332,"14,743 cases",Food,potential to be contaminated with Listeria monocytogenes,F-0571-2022,Fresh Express Inc (Div of Chiquita Brands),IL,Terminated,Voluntary: Firm initiated,2021-12-18,2022-02-02,2022-01-22,2023-05-17
111 E Elm St,Prescott,Class II,All product on market.,United States,Arkansas,62783,Telephone,"Pineapple Pies    Case Label (side 1)  24 COUNT FRAGILE FLYWHEEL'S PIES PRESCOTT, AR Ingredients:  Cocoa, Coconut, Sugar, Butter, Vanilla, Cornstarch, Eggs    Case Label (side 2) 24 COUNT FRAGILE FLYWHEEL'S PIES PRESCOTT, AR Ingredients:  Fruit, Sugar, Butter, Almond, Salt    Pie Label:  Pineapple",71857-2129,,Food,Undeclared partially hydrogenated soybean oil and wheat.,F-1963-2012,Flywheel's Pies,AR,Terminated,Voluntary: Firm initiated,2012-07-16,2012-08-29,2012-08-21,2015-10-08
1110 Se Centennial St Ste 6,Bend,Class III,Batch numbers and Expiration Dates:  RC080321-BANASM 8/3/23 RC060321-BANASM 6/3/23 RC111921-BANASM 11/19/23 AH042822-BANASM 4/27/24 RC062422-BANASM 6/23/24 RC091622-BANASM 9/15/24 RC071523-BANASM 7/14/25 RC112023-BANASM 11/19/26,United States,nationwide,95346,Telephone,"Oregon Orchards Banana Smoothie Mix. Product is packaged in the same square 0.5gallon HDPE plastic bottles and the volume is 68 fl oz.  Ingredients: Sugar, banana puree, water, natural flavor, citric acid, xanthan gum, sodium benzoate (to help protect flavor-1/10 of 1%), vanilla extract. Made by: MyChai, Inc. 1110 SE Centennial St. # 6, Bend, OR 97702  Up until fall of 2023, expiration dates were 2 years from the date of production. In the fall of 2023 expiration dates were extended an additional year to 3 years from the production date.",97702-1344,2355 jugs,Food,Acidified product is recalled due to lack production record.,F-0119-2025,My Chai Inc,OR,Terminated,Voluntary: Firm initiated,2024-08-21,2024-11-13,2024-11-04,2026-02-03
1111 139th Ave,San Leandro,Class I,"Lot, Best if Used By: S394260, 7/31/2027; S494260, 7/31/2027; S594260, 7/31/2027.",United States,"U.S. Distribution Pattern: AK, AZ, CA, FL, GA, ID, IL, IN, KY, MD, ME, MN, NC, NJ, NV, NY, OH, OK, OR, PA, SC, TN, TX, UT, VA, WA, WI. Foreign Distribution Pattern: Canada, Guatemala, Japan, Philippines, United Kingdom, South Korea.",98851,E-Mail,"GHIRARDELLI SWEET GROUND POWDER WHITE CHOCOLATE FLAVORED NET WT 50oz (3lbs 2oz) 1.41kg  Distributed by Ghirardelli Chocolate Company, San Leandro, CA 94578, U.S.A.  UPC: 747599620386",94578-2616,"2,267 cases (6-50oz units/case); 13,602 units",Food,Potential contamination with Salmonella.,H-0844-2026,Ghirardelli Chocolate Company,CA,Ongoing,Voluntary: Firm initiated,2026-04-26,2026-05-27,2026-05-21,
1112 Industrial Pkwy,Brick,Class III,"All lots with Best By dates between January 11, 2023 and January 11, 2025",United States,"The product was distributed to the following states: NJ, CA, NY, IL,",91502,Letter,"Smart Sips, 24 ct single serve coffee pods (12.7 oz carton)",08724-2508,"(Smart Sips Packets- 4,800)(Smart Sips Cups- 11,521)(Direct (Fundraiser)-576 cups)(Colonial Coffee- 1,536 cups)(CM Coffee- 21,252 Cups) (Intelligent",Food,"Corim Industries, 1112 Industrial Parkway, Brick, NJ 08724 is initiating a recall of Agglomerated Peanut Butter Hot Chocolate, Peanut Butter Cappuccino, 500lb sacks; single serve cups (15g), single serve packets (28g) because of undeclared peanut allergen.",F-0388-2023,Corim International Coffee Inc.,NJ,Terminated,Voluntary: Firm initiated,2023-01-13,2023-03-08,2023-03-02,2023-03-08
11140 Petal St Ste 800,Dallas,Class II,S028,United States,Texas,96038,"Two or more of the following: Email, Fax, Letter, Press Release, Telephone, Visit","Rajbhog Sweets Jelebi Jaggery, 9.5 oz packages and sold by weight from bulk trays.",75238-2444,92 lbs,Food,Undeclared milk,F-0583-2025,Rajbhog Distributors TX Inc.,TX,Completed,Voluntary: Firm initiated,2024-12-20,2025-03-05,2025-02-27,
11165 Commercial Pkwy,Castroville,Class I,"All date codes beginning April 7, 2019 through March 29, 2020    Lot Codes: 4719, 42719, 5419, 51519, 51819, 52319, 52519, 6819, 61519, 61919, 71019, 73119, 73119, 82419, 82919, 91119, 91419, 92119, 10719, 101419, 102119, 102119, 102519, 111119, 111519, 111819, 112519, 112919, 121619, 123019, 1320, 1620, 11320, 12020, 12420, 12720, 21120, 22220, 3220, 31220, 32220, 32920",United States,U.S. distribution to CA and NV.    No foreign distribution.,83866,Press Release,Carolyn's Cookie Company - Frozen Cookie Doughballs - Bake at Home.  Chocolate Chip  Net Wt. 22 oz. (623.7g)    UPC Code 680569160232,95012-3207,"8,923 cases total",Food,Firm received consumer complaint of an allergic reaction after consumption.,F-0139-2020,California New foods,CA,Terminated,Voluntary: Firm initiated,2019-09-23,2019-11-20,2019-11-08,2020-01-08
1120 Zinns Quarry Rd,York,Class I,"UPC: 7004000224, 7004004132",United States,"Shipped to VT, NJ, NY, FL, MI, WI, and VA",76083,Press Release,"Bon Ton-Sour Cream & Onion Flavored Potato Chips  sold in 2.75 oz, 1.5 oz. bags",17404-3533,2.75 oz (403 cases/12 bags per case) and 1.5 oz (49 cases/28 bags per case),Food,"Bickel's Snack Foods, Inc. of York, PA is voluntarily recalling all snack products that were made with milk ingredients supplied by one of its' secondary seasoning component suppliers.",F-1453-2017,Bickel's Snack Foods Inc,PA,Terminated,Voluntary: Firm initiated,2016-12-22,2017-02-15,2017-02-08,2018-06-19
11275 W 250 N,Middlebury,Class I,All lots in market manufactured from 9/1/2016 to 1/27/2017 and distributed from 9/1/2016 to 2/7/2017.,United States,"IL, OH, WI, NV, AL, AZ, PA, TN, MI, MN, and IN",76426,E-Mail,Liquid Whey; Bulk.,46540-7708,"2,220,253.9 lbs",Food,Potential Listeria monocytogenes contamination.,F-1898-2017,"Deutsch Kase Haus, LLC",IN,Terminated,Voluntary: Firm initiated,2017-02-05,2017-05-03,2017-04-24,2017-10-05
1128 Lexington Ave,Rochester,Class II,"lot code 1.22, Best by date: 9/29/2026  UPC Codes: 860002146720",United States,"Connecticut, New York, New Jersey, and New Hampshire, Pennsylvania, Ohio, Nevada, Florida, and Wisconsin",97828,"Two or more of the following: Email, Fax, Letter, Press Release, Telephone, Visit","Nat's Nuts Cinnamon Whiskey Pecans, 4 oz.",14606-2909,50 cases (600 units),Food,Contains undeclared cashews,H-0206-2026,Nats Nuts LLC,NY,Ongoing,Voluntary: Firm initiated,2025-10-16,2025-12-03,2025-11-21,
11313 County Road D,Wauseon,Class II,All expiration dates (MM/DD/YY; written on bottom of carton),United States,"Products were distributed to six (6) retailers in: IN, MI, OH",97071,Telephone,"Turkeyfoot Creek Creamery Cacao Artisan Ice Cream, One Pint (473 ml), packaged individually in a paper carton with paper lid",43567-9574,unknown,Food,Undeclared allergen - soy,H-0313-2025,Turkeyfoot Creek Creamery LLC,OH,Terminated,Voluntary: Firm initiated,2025-06-10,2025-07-30,2025-07-18,2025-09-12
11324 Mount Vernon Rd,Utica,Class I,16 oz : Lot 21092  3 Gallon : Lot 21084,United States,"Illinois, Indiana, Kentucky, Michigan, Ohio, South Carolina, West Virginia, Pennsylvania, New York",87796,Telephone,Velvet Cookies n Cream   16oz - 8 cartons to a case  3 Gallon Tub - 1 Tub per case,43080-7703,,Food,Potentially contaminated with Listeria monocytogenes,F-0571-2021,Velvet Ice Cream Company,OH,Terminated,Voluntary: Firm initiated,2021-04-23,2021-05-12,2021-05-22,2021-07-20
11412 Malaga Rd,Arvin,Class I,127734 127773 127830 127871 127875 127936 127975 127978 128036 128059 128063 128129 128133 128163 128238 128264 128291 128336 128383 128482,United States,"Distribution Centers located in U.S. States: AL, AR, AZ, CA, CO, CT, FL, GA, HI, IA, ID, IL, IN, KS, KY, LA, MA, MD, MI, MN, MO, NC, NH, NJ, NM, NV, NY, OH, OK, OR, PA, RI, SC, TN, TX, UT, VA, VT, WA, WI U.S. Territories: Puerto Rico Foreign Countries: Canada, United Arab Emirates, Hong Kong, Columbia",95787,"Two or more of the following: Email, Fax, Letter, Press Release, Telephone, Visit",'--- Organic Baby Carrots --- Organic Baby Carrots 25 Grimmway Farms; Organic Baby Carrots 25 Lbs. Grimmway Farms --- Brand --- Grimmway Farms,93203-9641,"21,094 cases",Food,Potential contamination with E. coli O121:H19,F-0359-2025,"Grimmway Enterprises, Inc. dba Grimmway Farms",CA,Terminated,Voluntary: Firm initiated,2024-11-16,2025-01-08,2024-12-31,2025-02-21
11420 Lackland Rd,Saint Louis,Class I,Product was sold from 2/4/2016 throught 2/29/2016,United States,"Product was distributed to MO, IL, and IA.  There was no military/foreign/government distribution.",73445,Other,"Maytag Blue cheese cut and wrapped in clear plastic wrap at store level, sold in various sizes (approximately 3-4 oz pieces), labeled with company issued Maytag Blue cheese label and Schnuck Markets scale label, UPC 0021806200000.",63146-3559,15.3 lbs.,Food,Product may be contaminated with Listeria monocytogenes.,F-1586-2016,Schnucks Markets Corporate Office,MO,Terminated,Voluntary: Firm initiated,2016-02-29,2016-09-14,2016-09-02,2017-01-27
"1145 Arroyo Ave, Units A - C",San Fernando,Class I,Item Number: 1-FRSLBME002,United States,"Product was distributed across the Southwest (CA, NV, AZ and WA) See attached ""All Consignees"" labeled file.  Product was distributed to Government (Military) facilities.",96869,"Two or more of the following: Email, Fax, Letter, Press Release, Telephone, Visit","Fresh & Ready Foods Ham & Cheese Mega Sandwich, 7.5oz. plastic container. Best buy: 05/09/2025-05/12/2025  UPC# 6 82906 89048 2",91340-1842,"139,863 units across all items",Food,Listeria Monocytogenes detected on food contact surfaces in Ready To Eat sandwich manufacturer facility.,F-0857-2025,Fresh & Ready Foods LLC,CA,Terminated,Voluntary: Firm initiated,2025-05-10,2025-06-11,2025-06-03,2026-03-24
"1145 Arroyo Ave, Units A - C",San Fernando,Class I,Item Number: 6-FTESLSR001-CS,United States,"Product was distributed across the Southwest (CA, NV, AZ and WA) See attached ""All Consignees"" labeled file.  Product was distributed to Government (Military) facilities.",96869,"Two or more of the following: Email, Fax, Letter, Press Release, Telephone, Visit",Fresh Take Crave Away Club Supreme Sub Sandwich; 6oz PLASTIC CONTAINER; Best By:	05/09/2025  - 05/19/2025  UPC# 8 06795 61439 8,91340-1842,"139,863 total units across all products",Food,Listeria Monocytogenes detected on food contact surfaces in Ready To Eat sandwich manufacturer facility.,F-0896-2025,Fresh & Ready Foods LLC,CA,Terminated,Voluntary: Firm initiated,2025-05-10,2025-06-11,2025-06-03,2026-03-24
"1145 Arroyo Ave, Units A - C",San Fernando,Class I,Item Number: 6-FTESLSR003-CS,United States,"Product was distributed across the Southwest (CA, NV, AZ and WA) See attached ""All Consignees"" labeled file.  Product was distributed to Government (Military) facilities.",96869,"Two or more of the following: Email, Fax, Letter, Press Release, Telephone, Visit",Fresh Take Crave Away Turkey & Cheese Sub Sandwich; 6oz PLASTIC CONTAINER; Best By:	05/09/2025  - 05/19/2025  UPC# 8 06795 61441 1,91340-1842,"139,863 total units across all products",Food,Listeria Monocytogenes detected on food contact surfaces in Ready To Eat sandwich manufacturer facility.,F-0898-2025,Fresh & Ready Foods LLC,CA,Terminated,Voluntary: Firm initiated,2025-05-10,2025-06-11,2025-06-03,2026-03-24
1145 Chesapeake Ave Ste E,Columbus,Class II,No codes: product distributed/purchased 1/1/2006-6/27/2008,United States,Distributed to all 50 states.  No foreign countries.,69131,Letter,Goat cheese with Fig Cognac- possible pints/possible half gallon.  Flavor of frozen dessert on the immediate package.  No ingredients listed.,43212-2286,Unknown for this product,Food,Frozen desserts do not include ingredients on the labeling.,F-2464-2014,Jenis Splendid Ice Creams LLC,OH,Terminated,Voluntary: Firm initiated,2008-07-07,2014-09-24,2014-09-18,2014-11-06
1145 Chesapeake Ave Ste E,Columbus,Class II,No codes: product distributed/purchased 1/1/2006-6/27/2008,United States,Distributed to all 50 states.  No foreign countries.,69131,Letter,Savannah Buttermint- possible pints/possible half gallon.  Flavor of frozen dessert on the immediate package.  No ingredients listed.,43212-2286,Unknown for this product,Food,Frozen desserts do not include ingredients on the labeling.,F-2473-2014,Jenis Splendid Ice Creams LLC,OH,Terminated,Voluntary: Firm initiated,2008-07-07,2014-09-24,2014-09-18,2014-11-06
115 Tompkins Ave,Pleasantville,Class I,Best Buy date between 04/24/2018 to 05/31/2018,United States,nationwide,77872,"Two or more of the following: Email, Fax, Letter, Press Release, Telephone, Visit","Amrita Cranberry Raisin Energy Bar, 50gm   UPC: 853009004032",10570-3127,"115,000 bars (total)",Food,Product may be contaminated with Listeria monocytogenes,F-3479-2017,Amrita Health Foods,NY,Terminated,Voluntary: Firm initiated,2017-08-02,2017-09-06,2017-08-29,2019-02-14
115 W College Dr,Marshall,Class I,4800361,United States,"Florida, Texas, Illinois, New Jersey, Maryland, Virginia.    Consignee list to be provided later.",67873,"Two or more of the following: Email, Fax, Letter, Press Release, Telephone, Visit","Holiday Foods Gourmet Cold Canapes Assortment, 4800361, UPC 70220748003616, 100 OCS. Keep Frozen, For Institutional Use Only, Defrost in Refrigerator for Approximately 3 hours Before Serving, Consume Immediately. Prepared by Holiday Foods Inc, Hollywood, Florida 33020.",56258-1747,971 cases,Food,"Schwans Food Company is recalling Cheddar Cheese Puffs and Gourmet Cold Canapes Assortment manufactured by Holiday Foods, Inc that were prepared with ingredients  which are being recalled by Parker Farm Inc. because of the potential of  Listeria monocytogenes contamination.",F-1888-2014,"Schwan's Global Supply Chain, Inc.",MN,Terminated,Voluntary: Firm initiated,2014-03-25,2014-05-07,2014-04-28,2014-08-05
1150 W 40th St,Chicago,Class I,There are no product or production codes associated with these products.,United States,US: IL,69702,Telephone,"Mung bean sprouts packaged in 10 lb., 15 lb., and 30 lb. plastic bags.",60609-2505,"110,000 lbs. of mung bean sprouts",Food,Listeria monocytogenes was found in the mung bean sprouts and the area where the sprouts are produced.,F-0615-2016,Wholesome Soy Products,IL,Terminated,Voluntary: Firm initiated,2014-08-29,2016-02-24,2016-02-17,2016-04-13
116 Sweet St,East Arlington,Class I,All Sizes with Best By/Sell By dates of 9/13/24 to 11/14/24:,United States,"VT, NH, MA, and NY.",93452,"Two or more of the following: Email, Fax, Letter, Press Release, Telephone, Visit",Wilcox SUPER PREMIUM Salted Caramel Brownie; 1.5 QT (UPC 04372601520) and Pint (UPC 04372601620),05252-9789,19.31 Tons Total,Food,Products may be contaminated with Listeria monocytogenes.,F-0514-2024,WILCOX ICE CREAM,VT,Completed,Voluntary: Firm initiated,2023-11-15,2023-12-20,2023-12-08,
11859 S Central Ave,Alsip,Class II,LOT 575830,United States,"IL, NY, NC, WI, TX, TN, GA",95763,Letter,"Item 42081001, 104023600 SPICY BREADING EXPORT, 50 lb. bag",60803-3424,"25,903.154 lbs. (total)",Food,potential for pieces of metal in product,F-0304-2025,GRIFFITH FOODS LTD,IL,Terminated,Voluntary: Firm initiated,2024-11-01,2024-12-25,2024-12-19,2025-03-07
1188 Montague St,San Leandro,Class I,There is no UPC code/lot code/expiration date on products.,United States,Distributed to retail markets in Northern California.,61893,Letter,"Santos Brand, Garam Masala (Indian Spice Mix) packed in clear plastic bags,  7 ounces, 16 ounces",94577-4334,,Food,"The recall was initiated after it was discovered during a routine inspection that the products i.e. various kinds of flours, legumes and spices were cross packaged on shared equipment with peanuts and wheat flour.  The products i.e. various kinds of flours, legumes and spices were distributed in packaging that did not reveal the presence of peanuts or wheat, but may contain traces of it.",F-1467-2012,Santos Inc.,CA,Terminated,Voluntary: Firm initiated,2012-05-18,2012-06-27,2012-06-18,2013-09-25
1199 Edison Dr,Cincinnati,Class II,"Item 615040000, Lot #1702394843 PRODUCTION DATE 1/25/2017",United States,"Product was shipped to IL, OH & MO",76865,Telephone,"SJ TACO Net Wgt: 44.5 LBS INGREDIENTS: Spices including Chili Pepper, Garlic Powder, Sugar, Paprika***Wheat Flour***CONTAINS: SOY, WHEAT spicetec¿ FLAVORS & SEASONINGS 6 Santa Fe Way Cranbury, NJ 08512 (800) 345-7742",45216-2265,41/44.5 lb bags,Food,During an internal investigation the firm discovered that an ingredient used in various spices may contain Salmonella.,F-2198-2017,Givaudan Flavours Corp,OH,Terminated,Voluntary: Firm initiated,2017-03-27,2017-05-17,2017-05-05,2017-12-18
120 W Palatine Rd,Wheeling,Class I,"All products with the ""Use By"" dates of APRIL/28/2014, APRIL/29/14, and MAY/9/14",United States,US: Nationwide,68614,Telephone,Edamame Hummus sold under the Trader Joe's brand and packaged in a transparent plastic tub with a white lid and with a net weight of 8 oz (227 g).,60090-5823,"14,232 containers",Food,"Lansal, Inc. (d.b.a. Hot Mama's Foods) is recalling approximately 14,860 pounds of hummus and dip products due to concerns about possible Listeria monocytogenes.",F-2300-2014,Hot Mama's Foods,IL,Terminated,Voluntary: Firm initiated,2014-05-15,2014-08-13,2014-08-05,2016-05-17
1201 Tonne Rd,Elk Grove Village,Class I,Lot 4305,United States,AR CA CO FL GA ID IL IN KS KY LA MD MI MN MO MS NC NJ NV NY OH PA SC TN TX VA WI,95924,Letter,"Nick The Greek Spicy Yogurt Pail, 42lbs pail, UPC 10075365177756, SKU SA000085",60007-4925,141 - 42 lb. pails,Food,potential for salmonella,F-0379-2025,Grecian Delight/Kronos,IL,Terminated,Voluntary: Firm initiated,2024-12-02,2025-01-15,2025-01-03,2025-04-23
1202 E 5th St,Scott City,Class I,"lot 5225B1, best by 5/13/2016;",United States,"Product was distributed to CA, IL, and MI. There was no foreign/military/government distribution.",74250,E-Mail,"Sun Life Natural Sunflower Spread with Maple in clear plastic jar with brown plastic lid, Net Wt. 12 oz.., UPC 855881003370. The responsible name on the label is Nu Life Market, LLC, Scott City, KS.",67871-4155,61 jars (45.75 lbs.),Food,Product manufactured with roasted sunflower kernels which may be contaminated with Listeria monocytogenes.,F-1928-2016,Nu Life Market LLC,KS,Terminated,Voluntary: Firm initiated,2016-05-19,2016-08-24,2016-08-15,2018-09-14
1205 Craig Dr,Santa Maria,Class II,"Use by Date: 8/12/17;    4 x 3 lb.   1.product code 503401: lot codes: 208 171053;   2. product code 503409; lot code 208 170812;  3. Pizza cut product code 503405; lot code 208 170976;  3. Mini Florets product code 503412, lot code 208 170976.    12 x 2 lb. Costco Canada, product code 508215; lot codes 208-170812, 208 171053.    2 x 5lb.;  Asian cut product code 505200,  lot 208 171053.    1x40 lb.   Product code 504405, Lots 208 170976, 208 170996;",United States,"California, Colorado, Minnesota, Missouri, North Carolina, New York, Ohio, Oregon, South Carolina and Canada",77879,"Two or more of the following: Email, Fax, Letter, Press Release, Telephone, Visit","Gold Coast Packing Broccoli Florets;    packed in the following configurations:  12 x 2 lb - Product code 508215 - Costco Canada;  1 x 40 lb.- Product code 504405  4 x 3 lb. - Product Codes 503401; 503409  4 x 3 lb. pizza cut -Product Code 503405  4 x 3 lb. - Mini florets - Product code 503412  2 x 5 lb. - Asian cut -Product code 505200;    Distributed by Gold Coast Packing Co., Santa Maria, CA 93454",93458-4917,1204 total cases,Food,Firm test results found potential E-coli contamination in Broccoli Florets,F-3411-2017,"Fresh Venture Foods, LLC",CA,Terminated,Voluntary: Firm initiated,2017-08-02,2017-08-30,2017-08-22,2017-11-07
1210 Pier View Dr,Idaho Falls,Class I,"Lot # and Julian Date on bag tag of whole YELLOW onions in 2 lbs. bag:  42543-2 RA201 42600-3 RA208 42600-3 RA209 42542-2 RA201 42542-5 RA197 42542-5 RA202  Lot # and Julian Date on bag tag of whole YELLOW onions in 3 lbs. bag:  42543-2 RA201 42543-2 RA203 42543-2 RA204 42542-5 RA202  Lot # and Julian Date on bag tag of whole YELLOW onions in 5 lbs. bag:  42543-2 RA200 42543-2 RA201 42543-2 RA202 42543-2 RA203 42543-2 RA204 42542-2 RA203  ADDITIONAL LOTS: 049008, 119008, and 149007.",United States,distributed in MN and ND.,88935,E-Mail,"Green Giant Fresh brand, Whole YELLOW Onions packaged in 2 lb. flexible mesh bags, UPC 60580600120-8. Green Giant Fresh brand, Whole YELLOW Onions packaged in 3 lb. flexible mesh bags, UPC 60580600123-9. Green Giant Fresh brand, Whole YELLOW Onions packaged in 5 lb. flexible mesh bags, UPC 60580600170-3.",83402-4966,"Total 61,206 lbs or 359 cases (25/2 lb. pkg per case); 397 cases (16/3 lb. pkg per case); 484 cases (10/5 lb. pkg per case);",Food,Salmonella Oranienburg.  Products are supplied by Keeler Family Farm.,F-0183-2022,POTANDON PRODUCE LLC,ID,Terminated,Voluntary: Firm initiated,2021-10-25,2021-11-24,2021-11-18,2021-12-08
1214 Through 1218 60th St,Brooklyn,Class II,Lot L355122 1 - Best Before Date: 02.05.2026 LotL355246 1 - Best Before Date: 03.09.2026,United States,"NY, NJ, GA, CA",98134,E-Mail,Sapori Amaretti Almonds 175 g Cookies,11219-4929,800 units,Food,Contains elevated levels of hydrocyanic acid,H-0366-2026,D. Coluccio & Sons Inc.,NY,Terminated,Voluntary: Firm initiated,2025-12-14,2026-01-14,2026-01-06,2026-04-30
12155 NCR 15,Wellington,Class I,"Expiration date of 5/18/14, 5/19/14, 5/22/14, or 5/23/14;  location code of 1 or 3",United States,"Product was distributed in Colorado; some may have gone to Idaho, Kansas, New Mexico, and Utah. No military/govt/VA or foreign consignees.",68189,Press Release,"Certified Organic, Owl Canyon Whole Eggs, packed in one dozen and half-dozen cardstock packages, with a packing date of 93, 94, 97, or 98.",80549,220,Food,Eggs have the potential to be contaminated with Salmonella Enteritidis,F-2176-2014,"Six Dog, LLC",CO,Terminated,Voluntary: Firm initiated,2014-05-05,2014-07-23,2014-07-15,2014-08-12
1220 E 9 Mile Rd,Ferndale,Class III,14 oz bag UPC 4767131090 Lot 112612  Best By 11/26/12,United States,"Michigan, Indiana, New Jersey,",63663,"Two or more of the following: Email, Fax, Letter, Press Release, Telephone, Visit",Garden Fresh Gourmet Nacho Cheese Tortilla Chips  14oz bags,48220-1972,2132 LBS,Food,Beginning 11/01/2012 Garden Fresh Gourmet recalled Garden Fresh Nacho Cheese Tortilla chips (exp 11/26/2012) because quality standards of ingredients used in the products were not met.,F-0827-2013,"Garden Fresh Salsa, Inc.",MI,Terminated,Voluntary: Firm initiated,2012-11-01,2012-12-26,2012-12-14,2013-02-07
12200 S Central Ave,Alsip,Class II,Product Name  Lot Number or ID     Premix Roasted Chicken 1258969 660025,United States,"Domestic: IL, TX, VA, WI, OK, MS    Foreign: Canada",79550,"Two or more of the following: Email, Fax, Letter, Press Release, Telephone, Visit",Product Name 	Lot Number or ID     Premix Roasted Chicken 1258969	660025,60803-3408,1 unit,Food,"Griffith Foods, Inc. has initiated a voluntary recall of multiple products following a supplier's recall of Autolyzed Yeast Powder due to the presence of Salmonella.",F-0965-2018,GRIFFITH FOODS,IL,Terminated,Voluntary: Firm initiated,2018-03-14,2018-04-04,2018-03-23,2018-07-09
12200 S Central Ave,Alsip,Class II,Batch or lot numbers:  673826  676245  676986,United States,Nationwide and Canada,80567,"Two or more of the following: Email, Fax, Letter, Press Release, Telephone, Visit",Caesar Seasoning  50 pound bag   Item 1000031193,60803-3408,"98 bags, 4,900 lbs",Food,Potential presence of  Salmonella due to use of recalled whey ingredient,F-1884-2018,Griffith Labs U.S.A.,IL,Terminated,Voluntary: Firm initiated,2018-07-17,2018-08-08,2018-08-27,2020-05-20
12-24 Jabez St,Newark,Class II,9/13/2016,United States,NJ,75185,E-Mail,"Triana Family Brioche Donuts Bavarian Cream Net Wt. 0.75 LBS (340 g)  12 -24 Jabez St., Newark, NJ 07106 UPC 000260003995    packaged in a clear plastic clam shell container",07105-3082,60 units,Food,Brioche Donuts- Bavarian Cream contain undeclared FD&C yellow #5 and FD&C yellow #6.,F-2620-2016,"PAO DE MILHO III, LLC",NJ,Terminated,Voluntary: Firm initiated,2016-08-30,2016-10-05,2016-09-28,2017-03-14
12254 Sw 131st Ave Unit 2,Miami,Class II,Batch #3-401,United States,U.S. distribution within state of Florida. No foreign distribution.,92215,"Two or more of the following: Email, Fax, Letter, Press Release, Telephone, Visit","Smoked Mahi Dip, Net Wt. 8oz and 48oz",33186-6482,95 containers of 8oz and 4 containers of 48oz,Food,Undeclared Yellow #5,F-0881-2023,Borris Brothers,FL,Terminated,Voluntary: Firm initiated,2023-04-13,2023-05-17,2023-05-11,2023-06-22
12301 Farmington Rd,Livonia,Class I,product 6585,United States,Ohio,74845,E-Mail,"Devils Food Sheet Cake 8x12 Mega   28.125 lb case 20, 2  2.5oz cakes per case",48150-1747,2418 cases,Food,Products may contain undeclared tree nuts (walnuts).  People who have an allergy or severe sensitivity to tree nuts run the risk of serious or life-threatening allergic reaction if they consume these products.,F-2021-2016,"Minnie Marie Bakers, Inc. dba Awrey's Bakery",MI,Terminated,Voluntary: Firm initiated,2016-07-29,2016-09-07,2016-08-30,2017-08-09
12333 Enterprise Blvd,Largo,Class I,Lot 12792402-44,United States,Product was distributed throughout the United States and Germany.,96657,"Two or more of the following: Email, Fax, Letter, Press Release, Telephone, Visit","Spermidine, Maximum Strength, 10 mg per serving, Support healthy Aging, Dietary Supplement, 120 Capsules, oral consumption, shelf life: 24 months, PETE/White/150cc Plastic bottle/lid, 120 count.Supplement Facts: Spermidine 3HCL 10mg*** Other Ingredients: Hydroxypropyl Methylcellulose, Rice Flour",33773-2710,"6,465 bottles",Food,Undeclared allergen: Wheat,F-0729-2025,Supplement Manufacturing Partner Inc.,FL,Terminated,Voluntary: Firm initiated,2025-04-04,2025-04-30,2025-04-22,2025-09-03
1237 W State St,Ontario,Class II,Best By Date: 10/3/2026 - 5/3/2027,United States,Nationwide distribution,97346,"Two or more of the following: Email, Fax, Letter, Press Release, Telephone, Visit",La Michoacana Coconut Con Crema Single Serve Paleta 3.75oz UPC: 7-67778-00001-3,91762-4015,"74,654 units",Food,Product label includes the ingredient CREAM but does not include Milk as the source.,H-0458-2025,"Tropicale Foods, LLC",CA,Ongoing,Voluntary: Firm initiated,2025-07-25,2025-08-20,2025-08-13,
1238 Corlies Avenue (State Highway 33),Neptune,Class II,11/10/2014  12/17/2014  01/21/2015,United States,nationwide,70791,"Two or more of the following: Email, Fax, Letter, Press Release, Telephone, Visit","Lobster & Shrimp Spring Rolls      Products are placed on plastic trays, shrink wrapped, placed in boxes, labelled, & shrink wrapped.",07753-5069,120 boxes,Food,Products may contain peanut protein.,F-2280-2015,"Gourmet Kitchen, Inc.",NJ,Terminated,Voluntary: Firm initiated,2015-03-15,2015-05-20,2015-05-13,2016-04-12
12482 SE Capps Rd,Clackamas,Class II,"LOT# 1228603, EXP 10/15 (means October 2015);  LOT# 1134004, EXP 12/14 (means December 2014);",United States,"Distributed to California, Florida,  Oregon, Utah, and Mexico",66843,"Two or more of the following: Email, Fax, Letter, Press Release, Telephone, Visit","Zinc Plus, Mineral/Enzyme supplement, 90 vegetable capsules per bottle.  They are sold under brand Enzyme Research Products.",97015-9093,1914 bottles,Food,Dietary supplement products are recalled because they were made from ingredient that was contaminated with Chloramphenicol.,F-1457-2014,Health Wright Products Inc,OR,Terminated,Voluntary: Firm initiated,2013-10-25,2014-02-05,2014-01-30,2015-03-02
125 Moen St,Cranford,Class I,Lot 97368,United States,nationwide,63164,E-Mail,"Organic Pine Nuts (Raw, No Shell)  1 lb.Nuts.com  NutsOnline, 125 Moen Street, Cranford, NJ 07016 800-558-8881",07016-3518,870 lbs.,Food,Pine nuts may contain peanuts,F-0028-2013,"Newark Nut Stores, Inc.",NJ,Terminated,Voluntary: Firm initiated,2012-08-21,2012-10-17,2012-10-09,2015-06-11
1250 Hansen St,Salinas,Class I,Finished product lot serial number 3517681.   Best If Used By: AUG 11.,United States,"To DC's in AZ. OR, TX,  CA. HI, AZ, WA, AK, NY.",74868,"Two or more of the following: Email, Fax, Letter, Press Release, Telephone, Visit","O Organics Vegetable Tray, 18 oz. (1 lb. 2 oz.) 510g plastic tray.  Best If Used By: AUG 11  UPC (incorrect, which is on the tray): 021130984282  Product of USA & Mexico.",93901-4552,844 cases; 4 x 18 oz. trays per case.,Food,"Incorrect ingredient label was attached to 18 oz. O Organics vegetable Trays with Creamy Ranch Dressing Dip and therefore do not correctly identify the allergens egg, milk and soy.",F-2338-2016,"Mann Packing Company, Inc.",CA,Terminated,Voluntary: Firm initiated,2016-08-04,2016-09-28,2016-09-16,2016-10-19
1250 Hansen St,Salinas,Class I,"Best If Enjoyed By date of October 11, 2019 to November 16, 2019",United States,US and Canada and Japan,84190,"Two or more of the following: Email, Fax, Letter, Press Release, Telephone, Visit",Mann's Rainbow Slaw  6 x 12 oz. UPC: 716519013089 - Canada - Mann  6 x 12 oz. UPC:  716519013089 - SS   Same UPC.  Two films: one for Canada and one for US.      Rainbow Salad 6/12 OZ GE   UPC: 3003492350,93901-4552,"Total: 1,286,466 cases - US,. 141,030 cartons Canada",Food,CFIA notified FDA of positive result for Listeria monocytogenes with various best by dates of Sweet Kale Salad Blend.,F-0279-2020,"Mann Packing Company, Inc.",CA,Terminated,Voluntary: Firm initiated,2019-11-03,2019-11-27,2019-12-10,2023-04-06
1250 Hansen St,Salinas,Class I,Best if Used by -  10/13/2017,United States,US and Canada,78326,"Two or more of the following: Email, Fax, Letter, Press Release, Telephone, Visit","Western Family  Spicy Southwester Kale Kit, 22.8 OZ bags  UPC  062639352301- Canada",93901-4552,219 units,Food,CFIA sampled one salad product which resulted in a positive result for Listeria monocytogenes.,F-0193-2018,"Mann Packing Company, Inc.",CA,Terminated,Voluntary: Firm initiated,2017-10-19,2017-11-15,2017-11-14,2017-12-05
1250 Hansen St,Salinas,Class I,Best if Used by -  10/14/2017  10/15/2017  10/16/2017,United States,US and Canada,78326,"Two or more of the following: Email, Fax, Letter, Press Release, Telephone, Visit","Mann's Snacking Favorites Honey Turkey Cheddar, 20.3 oz Tray;  UPC - 716519020483- US",93901-4552,471 units,Food,CFIA sampled one salad product which resulted in a positive result for Listeria monocytogenes.,F-0177-2018,"Mann Packing Company, Inc.",CA,Terminated,Voluntary: Firm initiated,2017-10-19,2017-11-15,2017-11-14,2017-12-05
1250 Hansen St,Salinas,Class I,Best if Used by - 16 oz.  10/14/2017  10/16/2017;    12 oz. bags; US  10/14/2017  10/15/2017  10/16/2017.    Archer Farms:  10/14/2017  10/15/2017    HEB:  10/14/2017  10/15/2017  10/16/2017    Signature Farms  12 oz. bags  10/14/2017  10/15/2017  10/16/2017   28 oz. bags  10/14/2017  10/15/2017  10/16/2017    Walmart 12 oz. bag  10/14/2017  10/15/2017  10/16/2017,United States,US and Canada,78326,"Two or more of the following: Email, Fax, Letter, Press Release, Telephone, Visit","Mann's Family Favorites Broccoli Cauliflower Florets, 16 oz bags - UPC  716519012174- US    12 oz bags - UPC 716519013034 - US and Canada    Also sold under brand names of:  US  Archer Farms - 12 oz. bag:  UPC - 085239341148    HEB - 12 oz. bag  UPC - 4122097503    Signature Farms -   12 oz. bags  UPC - 021130983407  28 oz. bags  UPC -021130984497     Walmart - 12 oz. bag  UPC 681131328852-",93901-4552,12434 units,Food,CFIA sampled one salad product which resulted in a positive result for Listeria monocytogenes.,F-0168-2018,"Mann Packing Company, Inc.",CA,Terminated,Voluntary: Firm initiated,2017-10-19,2017-11-15,2017-11-14,2017-12-05
1251 Argentine Blvd,Kansas City,Class I,"Best if used by: 03/25/22, 03/29/22, 04/05/22, 04/06/22, 04/12/22, 04/16/22, 04/20/22, 04/23/22 Product #: 71511",United States,"Distributed to food service locations in Kansas, Nebraska, Iowa, and Missouri.",90164,Telephone,"POTATO RUSSET QUARTERED 2/10# (01)10886810715115(10)0016086772 71511 Best if used by: 03/25/22, 03/29/22, 04/05/22, 04/06/22, 04/12/22, 04/16/22, 04/20/22, 04/23/22 Ingredients: Potato, Sodium Metabisulfite",66105-1508,"25,433 lbs (total)",Food,Sodium metabisulfite not declared on product label.,F-1159-2022,Liberty Fruit Co Inc DBA Carol's Cuts,KS,Terminated,Voluntary: Firm initiated,2022-05-06,2022-06-15,2022-06-03,2022-10-27
1251 Avenue of the Americas Fl 34,New York,Class I,Product number: Art.-Nr. 702084MHD 22.02.2017,United States,"CA, NY & MA thru four retail stores",76366,E-Mail,"Tomme Brebis Fedou, Net Wt. 9.7lb (case)/Net Wt 4.85 lb per unit, Item number 702084",10020-1104,2 cases/9.7lb/4.85lb per unit,Food,Listeria monocytogenes contamination,F-1534-2017,FROMI USA CORP C/O NATIXIS PRAME,NY,Terminated,Voluntary: Firm initiated,2016-12-21,2017-03-01,2017-02-23,2018-06-25
1255 Oblong Rd,Williamstown,Class II,Batch #076,United States,"NY, MA, CT",92421,E-Mail,Cricket Creek Farm brand Berkshire Bloom Cheese,01267-3046,140 units,Food,Products were not properly pasteurized.,F-1024-2023,Cricket Creek Farm LLC,MA,Terminated,Voluntary: Firm initiated,2023-05-25,2023-07-12,2023-07-05,2024-04-16
12612 W Alameda Pkwy,Lakewood,Class II,Lot code 198-17 packed on date is on the front label beneath the Net Weight.,United States,"45 retail locations in Washington, Oregon, Idaho, Montana, Wyoming, Utah, Colorado, Arizona, New Mexico, Texas, Missouri .  No foreign/VA/Govt/Military consignees.",78120,E-Mail,"Natural Grocers Organic Deglet Noor Dates, Target weight is 0.60 - 0.70 lb random weight package, Zip lock plastic bag.",80228-2824,898 bags,Food,Recalling Natural Grocers brand Organic Deglet Dates because it may contain undeclared coconut,F-3608-2017,"Vitamin Cottage Natural Food Markets, Inc.",CO,Terminated,Voluntary: Firm initiated,2017-09-12,2017-10-11,2017-09-29,2018-02-09
12812 Prospect St.,Dearborn,Class II,Best Before /  APRIL /2016  B.NO:BA (MAN),United States,"National: AZ, CA, CO, CT, FL, GA, IA, IL, IN, KS, KY, MA, MD, ME, MI,  MN, MO, NC, ND, NE, NH, NJ, NM, NY, OH, OR, PA, TN, TX, U.S.VIRGIN ISLANDS, VA, WA, WI    INTNL: CANADA",69618,Telephone,Mango flavored gelatin mix desert,48126,316,Food,"Voluntary recall of strawberry flavored gelatin mix and mango flavored gelatin mix which were found to contain undeclared colors, FD& C Red # 40, FD&C Yellow #5, and FD&C Yellow #6.",F-0468-2015,"U.B.C Food Distributors, LLC",MI,Terminated,Voluntary: Firm initiated,2014-10-15,2014-11-12,2014-11-06,2015-04-10
12820 Main St,Rogers,Class II,Lot Code 0082026U00232   Best By date:  01/26/2029,United States,WI,98965,E-Mail,Lunds & Byerly's Curry Powder Sweet,55374-9590,144 units (bottles),Food,Sesame Seeds White were labeled as Curry Powder Sweet.,H-0914-2026,"J and J Bunting, Inc",MN,Ongoing,Voluntary: Firm initiated,2026-05-08,2026-06-10,2026-06-09,
129 E Guenther,San Antonio,Class II,Better by: 07/09/21,United States,"Distributed to retail stores and distributors in AL, AR, AZ, CA, CO, DE, FL, GA, IA, IL, IN, KS, KY, LA, MI, MO, NC, NH, NY, OH, OR, PA, TN, TX, UT, VA, and WI",83412,"Two or more of the following: Email, Fax, Letter, Press Release, Telephone, Visit","Winco Foods, Taco Seasoning Mild, Net Wt. 1.25 OZ, Distributed by Winco Foods, LLC, Boise, ID, UPC 0 70552 90126 1",78204-1402,646/24/1.25 OZ/packets/cases,Food,Products contains an ingredient (cumin) potentially contaminated with Salmonella.,F-2087-2019,"CH Guenther & Sons, Inc",TX,Terminated,Voluntary: Firm initiated,2019-07-24,2019-08-14,2019-08-23,2019-11-21
1300 Se Stark St Ste 401,Portland,Class II,"Sell By Feb 06, 20 up to and including Feb 09, 20",United States,Distributed in Oregon only.,84895,"Two or more of the following: Email, Fax, Letter, Press Release, Telephone, Visit","Vegetarian Lasagna With Gluten-Free Pasta, New Seasons Market brand.  Product is packaged in a grab ""n"" go aluminum containter with a clear  dome lid, and labeled with a scale PLU label. UPC 252390 706998.    The CORRECT label reads in part: ""*** VEGETARIAN LASAGNA WITH GLUTEN-FREE PASTA***Filling: Marinara [crushed tomatoes***diced tomatoes***ricotta-cheese (pasteurized whey, cream and milk, vinegar, salt)***mozzarella-provolone blend***Parmesan cheese ***Gluten-free Pasta: White rice flour, pasteurized liquid whole eggs***Contains: Milk, Egg***"".",97214-2473,30 units,Food,Undeclared Soy.  BBQ sauce was inadvertently used instead of Marinara sauce and BBQ sauce contains soy.  The Vegetarian Lasagna finished product label does not declare soy.,F-0713-2020,New Seasons Market LLC,OR,Terminated,Voluntary: Firm initiated,2020-02-06,2020-02-26,2020-02-19,2020-02-19
1301 Swgrs Corp Pkwy,Sunrise,Class II,Batch #  SC69  SC69  SC68  SC69  SC68  SC68  SC65  SC66  SC65  SC65  SC629  SC613  SC607  SC587  SC583  SC576  SC566  SC560  SC556  SC543  SC532  SC527  SC519  SC507,United States,US and Foreign Consignees only. No government consignees.,81215,E-Mail,Internal Cleansing Kit Peppermint,33323-2813,2387 pkgs,Food,"Routine quality testing identified elevated levels of lead above applicable 2232 levels, which may pose potential health risks to a portion of the population.",F-0412-2019,NUTRANEXT BUSINESS LLC,FL,Terminated,Voluntary: Firm initiated,2018-10-01,2018-11-14,2018-11-08,2019-07-02
1301 Swgrs Corp Pkwy,Sunrise,Class II,Batch #  SC717  SC678  SC656  SC656  SC634  SC6260  SC573  SC553  SC542  SC535  SC529  SC513  SC504,United States,US and Foreign Consignees only. No government consignees.,81215,E-Mail,Parasite Cleansing Kit Peppermint,33323-2813,839 pkgs,Food,"Routine quality testing identified elevated levels of lead above applicable 2232 levels, which may pose potential health risks to a portion of the population.",F-0415-2019,NUTRANEXT BUSINESS LLC,FL,Terminated,Voluntary: Firm initiated,2018-10-01,2018-11-14,2018-11-08,2019-07-02
13023 Arroyo St,San Fernando,Class I,Use by dates up to:  1/2/2016,United States,U.S. distribution nationwide.  Foreign distribution to the following; Canada and Malaysia,72213,"Two or more of the following: Email, Fax, Letter, Press Release, Telephone, Visit","Mozzarella   Natural Hickory Smoked  Net Wt. 1lb.    UPC Codes:  7 96252 70012 5, 7 96252 70013 2, 7 96252 12014 5,  7 96252 12015 2    Product is vacuum packed.",91340-1540,1.6 million lbs (total all cheese),Food,Karoun Dairies is recalling all cheese manufactured from an identified manufacturer due to potential Listeria monocytogenes contamination.,F-0087-2016,Karoun Dairies,CA,Terminated,Voluntary: Firm initiated,2015-09-16,2015-10-28,2015-10-21,2016-04-12
13023 Arroyo St,San Fernando,Class I,Use by Dates up to:  12/29/2015,United States,U.S. distribution nationwide.  Foreign distribution to the following; Canada and Malaysia,72213,"Two or more of the following: Email, Fax, Letter, Press Release, Telephone, Visit","Nabulsi Cheese  16 oz, 25 lb    UPC Codes:  7 96252 03225 7, 7 96252 00225 0, 7 96252 00223 6,  7 96252 00125 3    Product is vacuumed packed or packaged in pails.",91340-1540,1.6 million lbs. (total all cheese),Food,Karoun Dairies is recalling all cheese manufactured from an identified manufacturer due to potential Listeria monocytogenes contamination.,F-0080-2016,Karoun Dairies,CA,Terminated,Voluntary: Firm initiated,2015-09-16,2015-10-28,2015-10-21,2016-04-12
1310 E Lake Dr,Tarpon Springs,Class I,Batch No. 20175; best by date: 10-13-23  Batch No. 20138; best by date: 8-26-23         Batch No. 20068; best by date: 5-5-23  Batch No. 19419; best by date: 9-19-22  Batch No. 19276; best by date: 7-10-22  Batch No. 19196; best by date: 5-30-22  Batch No. 19148; best by date: 4-17-22  Batch No. 19040 best by date: 2-6-22  Batch No. 18226; best by date: 12-1-21  Batch No. 18039; best by date: 3-1-21,United States,"U.S distribution to the following: Springfield, MO; Crystal Lake, IL; Palisade, CO; Colorado Springs, CO; Long Lake, NY; Long Grove, IL; Sheridan, WY; Venice, FL; Pittsburgh, PA; Nassawadox, VA.",87287,Telephone,"Thai Peanut Sauce, 12 fl. oz. (355ml),   UPC code #643558406919",34688-8110,85 cases / 12 per case,Food,Undeclared allergen: Shrimp,F-0322-2021,Barbara's Orchard/Delicae Gourmet,FL,Terminated,Voluntary: Firm initiated,2021-02-05,2021-03-03,2021-02-24,2021-07-20
1320 S 19th St,Nebraska City,Class II,Best By: 03/23/2022,United States,"Distributed to food distributors in CA, FL, MD, MI, MT, NE, NY, PA, TX, and WA and directly to consumers from the firm's online store.",89371,Letter,"Wayfare Dairy Free Butter Salted & Whipped,",68410-2666,610 cases,Food,Product showed suspected mold growth prior to expiration date.,F-0630-2022,"WayFare Health Foods, LLC.",NE,Terminated,Voluntary: Firm initiated,2022-01-06,2022-02-09,2022-02-02,2022-02-17
1320 San Francisco Ave Ne,Olympia,Class II,"Production dates July 6-7, 2020.  No code or expiration date noted on the packages.  Firm color codes tie closures representing the days of the week.",United States,distributed in WA only.,86112,Telephone,"Pain Au Levain Bread, San Francisco Street Bakery brand, keep at ambient temperature.  Individually packaged in flex poly bag, net weight 16 oz (454 g). UPC 0 08613 10013 1.    The product label is read in parts: ""***Pain Au Levain Bread ***Ingredients: unbleached wheat flour, water, sourdough culture, sea salt ***San Francisco Street BAKERY, Olympia, WA ***"".",98506-4138,62 loaves,Food,"The firm used pan release spray, which contains soy lecithin, on equipment and finished products labels do not declare soy lecithin.",F-1332-2020,San Francisco Street Bakery Inc.,WA,Terminated,Voluntary: Firm initiated,2020-07-23,2020-08-19,2020-08-26,2020-08-27
1320 San Francisco Ave Ne,Olympia,Class II,"Production dates July 6-7, 2020.  No code or expiration date noted on the packages.  Firm color codes tie closures representing the days of the week.",United States,distributed in WA only.,86112,Telephone,"Poppy Seed Bagel, San Francisco Street Bakery brand, keep at ambient temperature.  Packaged in flex poly bags for bulk or various quantities specific to customer order. No UPC.    The bagel bulk product label read: POPPY SEED BAGEL: Bread Flour (Unbleached Wheat Flour, Vitamin C, Niacin, Reduced Iron, Thiamine Mononitrate, Riboflavin, Folic Acid), Poppy Seed, Water, Salt Yeast, Brown Sugar.",98506-4138,14 bagels,Food,"The firm used pan release spray, which contains soy lecithin, on equipment and finished products labels do not declare soy lecithin.",F-1325-2020,San Francisco Street Bakery Inc.,WA,Terminated,Voluntary: Firm initiated,2020-07-23,2020-08-19,2020-08-26,2020-08-27
13260 Temple Ave,City Of Industry,Class II,2367,United States,"Nationwide in US: CA, TN, WA, ID,     and worldwide:  Hong Kong, Vietnam, China, Singapore",70344,Letter,"Bone Rebuilder, 120 tablets",91746-1511,1366 units,Food,Health One Pharmaceuticals is recalling dietary supplements due to significant violations of the cGMP regulations for dietary supplements.,F-1702-2015,Health One Pharmaceuticals Inc,CA,Terminated,Voluntary: Firm initiated,2015-02-04,2015-04-08,2015-03-30,2015-03-31
13260 Temple Ave,City Of Industry,Class II,8520,United States,"Nationwide in US: CA, TN, WA, ID,     and worldwide:  Hong Kong, Vietnam, China, Singapore",70344,Letter,EST -700 Calcium,91746-1511,1035 units,Food,Health One Pharmaceuticals is recalling dietary supplements due to significant violations of the cGMP regulations for dietary supplements.,F-1681-2015,Health One Pharmaceuticals Inc,CA,Terminated,Voluntary: Firm initiated,2015-02-04,2015-04-08,2015-03-30,2015-03-31
13260 Temple Ave,City Of Industry,Class II,8939,United States,"Nationwide in US: CA, TN, WA, ID,     and worldwide:  Hong Kong, Vietnam, China, Singapore",70344,Letter,SOD Herbal Mix,91746-1511,17000 units,Food,Health One Pharmaceuticals is recalling dietary supplements due to significant violations of the cGMP regulations for dietary supplements.,F-1683-2015,Health One Pharmaceuticals Inc,CA,Terminated,Voluntary: Firm initiated,2015-02-04,2015-04-08,2015-03-30,2015-03-31
13260 Temple Ave,City Of Industry,Class II,9542,United States,"Nationwide in US: CA, TN, WA, ID,     and worldwide:  Hong Kong, Vietnam, China, Singapore",70344,Letter,"Slimin, 80 Veggie Capsules, 400 mg",91746-1511,1527 units,Food,Health One Pharmaceuticals is recalling dietary supplements due to significant violations of the cGMP regulations for dietary supplements.,F-1646-2015,Health One Pharmaceuticals Inc,CA,Terminated,Voluntary: Firm initiated,2015-02-04,2015-04-08,2015-03-30,2015-03-31
13260 Temple Ave,City Of Industry,Class II,9543,United States,"Nationwide in US: CA, TN, WA, ID,     and worldwide:  Hong Kong, Vietnam, China, Singapore",70344,Letter,"All Tonic, 80 Veggie Capsules, 400 mg",91746-1511,272 units,Food,Health One Pharmaceuticals is recalling dietary supplements due to significant violations of the cGMP regulations for dietary supplements.,F-1691-2015,Health One Pharmaceuticals Inc,CA,Terminated,Voluntary: Firm initiated,2015-02-04,2015-04-08,2015-03-30,2015-03-31
13260 Temple Ave,City Of Industry,Class II,9639,United States,"Nationwide in US: CA, TN, WA, ID,     and worldwide:  Hong Kong, Vietnam, China, Singapore",70344,Letter,Fish Collagen,91746-1511,"320,000 units",Food,Health One Pharmaceuticals is recalling dietary supplements due to significant violations of the cGMP regulations for dietary supplements.,F-1667-2015,Health One Pharmaceuticals Inc,CA,Terminated,Voluntary: Firm initiated,2015-02-04,2015-04-08,2015-03-30,2015-03-31
13260 Temple Ave,City Of Industry,Class II,9759,United States,"Nationwide in US: CA, TN, WA, ID,     and worldwide:  Hong Kong, Vietnam, China, Singapore",70344,Letter,"Femanol, 60 capsules, 500mg",91746-1511,1996 units,Food,Health One Pharmaceuticals is recalling dietary supplements due to significant violations of the cGMP regulations for dietary supplements.,F-1715-2015,Health One Pharmaceuticals Inc,CA,Terminated,Voluntary: Firm initiated,2015-02-04,2015-04-08,2015-03-30,2015-03-31
13320 NE Jarrett St,Portland,Class II,Lot 03355-140121,United States,"distributed in AK, AZ, CA, ID, MT, OR, UT and WA.",71141,"Two or more of the following: Email, Fax, Letter, Press Release, Telephone, Visit","Oregano, Mediterranean ground, stock code 03355, packaged in 0.2 lb., .75 lb., 0.8 lb., 1 lb., 4 lbs., 10 lbs., 15 lbs., 25 lbs., or 50 lbs. container.    The UPC for 50 lbs. container is 0 23605 03355 6.",97230-1093,552.50 lbs.,Food,Bulk ground oregano is recalled due to contamination with gluten (wheat allergen),F-2329-2015,"Regency Group, Inc., The",OR,Terminated,Voluntary: Firm initiated,2015-04-30,2015-06-03,2015-05-28,2015-08-25
13409 Orden Dr,Santa Fe Springs,Class I,Item number  #92556,United States,"AK, AL, AR, AZ, CA, CO, CT, DC, FL, GA, HI, IL, IN, KS, KY, LA, MA, MD, MI, MN, MO, MS, NC, NE, NJ, NV, NY, OH, OK, OR, PA, RI, SC, TN, TX, UT, VA, WA",83325,Letter,"Shirakiku FISH CAKE IKA MAKI SK F;  20/ 150G, Net Wt. 5.29 oz.  Keep Frozen, 4 pcs.  UPC 074410925567    Distributed by Wismettac Asian Foods, Inc. Santa Fe Springs, CA",90670-6336,"25,970 packages",Food,"Fish Cake items contain possible contaminating undeclared egg, milk and shellfish.",F-1977-2019,"Wismettac Asian Foods, INC",CA,Terminated,Voluntary: Firm initiated,2019-07-11,2019-08-14,2019-08-07,2020-01-28
13409 Orden Dr,Santa Fe Springs,Class I,Item number #92555,United States,"AK, AL, AR, AZ, CA, CO, CT, DC, FL, GA, HI, IL, IN, KS, KY, LA, MA, MD, MI, MN, MO, MS, NC, NE, NJ, NV, NY, OH, OK, OR, PA, RI, SC, TN, TX, UT, VA, WA",83325,Letter,"Shirakiku FISH CAKE GOBO MAKI SK F:  20/ 150G, Net Wt. 5.29 oz.  Keep Frozen, 5 pcs.  UPC 07441092550    Distributed by Wismettac Asian Foods, Inc. Santa Fe Springs, CA",90670-6336,"26,433 packages",Food,"Fish Cake items contain possible contaminating undeclared egg, milk and shellfish.",F-1976-2019,"Wismettac Asian Foods, INC",CA,Terminated,Voluntary: Firm initiated,2019-07-11,2019-08-14,2019-08-07,2020-01-28
13409 Orden Dr,Santa Fe Springs,Class II,Bars with Japanese Bar code of JAN(4902777004532),United States,"AZ, CA, CO, NV, TX, UT and one customer in Mexico",82925,Letter,"CHOCOLATE ALMOND CHOCOLATE MEIJI, 3.1 oz.  Item number 64344    UPC 074410643447 - only on those bars with English labeling.    Distributed by Wismettac Asian Foods, Inc.",90670-6336,142 cases  (10 individual items in inner carton) x 8 / master case,Food,"Some chocolate products imported from Japan do not have the English label for Nutrition facts, ingredients or allergens, which include milk, soy, egg, tree nuts.",F-1451-2019,"Wismettac Asian Foods, INC",CA,Terminated,Voluntary: Firm initiated,2019-05-16,2019-06-19,2019-06-12,2019-07-05
13439 NW 19 LANE,Miami,Class I,UPC 635349 000390  Best By dates: 07/01/14 thru 12/31/14,United States,"FL, GA. NC, and TN",69516,"Two or more of the following: Email, Fax, Letter, Press Release, Telephone, Visit",Crema GuateLinda (Guatemalan Style Cream) in individually soft poly/plastic bags labeled in part: Lacteos Santa Martha Crema GuateLinda Guatemalan Style Cream Net WT 1 LB (16 oz),33182,144 pieces,Food,"Virginia State (VDACS) found Listeria monocytogenes in Lacteos Santa Martha Quesito Casero Fresh Curd (Best by 9/27/14), FDA made an inspection, were the environmental samples collected came up positive also for Listeria monocytogenes, also the Oasis Brands Inc. sent finish products samples to a private lab, the Lacteos Santa Martha Cuajada en Hoja Queso Casero Hecho a Mano Fresh Curd (Best By dates of 10/18/14 and 11/25/14) came also positive for Listeria monocytogenes.  Oasis Brands Inc.  is voluntarily recalling ALL their Lacteos Santa Martha brand products manufactured that are within expiration date.",F-0609-2015,"Oasis Brands, Inc",FL,Terminated,Voluntary: Firm initiated,2014-10-10,2014-12-10,2014-12-02,2017-03-28
1362 Dutch American Way,Beecher,Class II,"Batch # 191951, 191952",United States,"MD, MI, IL, FL",75979,E-Mail,"Gourmet Cocoa Supreme, CP302141-12, NET WT. 12 LBS",60401-5093,122 bags,Food,Dutch-American foods is recalling various seasoning products and baking bases due to potential contamination of product with Salmonella.,F-1308-2017,Dutch-American Foods Inc,IL,Terminated,Voluntary: Firm initiated,2016-12-07,2017-02-01,2017-01-23,2019-07-12
13690 Satellite Blvd,Orlando,Class I,"World Food Lot Code 011347    Best if Sold By: 09/13/12, 09/21/2012, 09/22/2012, 09/23/2012, 09/24/2012    UPC Code 21140-01701 and 21140-01707",United States,Distributed throughout FL.,63274,"Two or more of the following: Email, Fax, Letter, Press Release, Telephone, Visit","Fresh Fruit Burst fruit cup, packaged in 1 and 1.5 lb containers. Labeled in part: ""***Fruit Burst***Ingredients: Watermelon, Cantaloupe, Pineapple, Honeydew, Grapes, Mango,  Blueberries. Packed in its own juice***""",32837-8429,7220 lbs/1455 cases,Food,"On 09/18/2012, World Foods, LLC recalled various products containing mangoes supplied from Agricola Daniella with the potential to be contaminated with Salmonella.",F-0148-2013,World Food LLC.,FL,Terminated,Voluntary: Firm initiated,2012-09-18,2012-10-24,2012-10-17,2013-05-31
1380 W 15th St,Riviera Beach,Class III,"P-1-06517-6A, Exp Date 03/06/2018; P-1-06717-6A, Exp Date 03/08/2018;  P-1-07417-7A, Exp. Date 03/15/2018; P-1-11717-11A, Exp Date 04/27/2018; P-1-12417-4A, Exp Date  05/04/2018; P-1-12917-4A, Exp Date 05/09/2018; P-1-15617-4D, Exp Date 06/05/2018; P-1-18017-4A, Exp Date 06/29/2018; P-1-20517-3A, Exp Date 07/24/2018; P-1-21317-1A, Exp Date 08/01/2018; P-1-25717-8A, Exp Date 9/14/2018; P-1-29417-1A, Exp. Date 10/21/2018; P-1-34317-3A, Exp Date 12/09/2018; P-1-35417-1A, Exp Date 2/20/2018; P-1-03218-5A, Exp Date 02/01/2019; P-1-05018-4A, Exp Date 02/19/2019",United States,Florida consignees only.,79823,Letter,"ITALIAN ROSE GARLIC SPREAD, Gluten Free, NET WT. 35 LB (16 kg), www.italian-rose.com, Riviera Beach, FL 33404",33404-5310,842 pails,Food,"During a FDA inspection, it was disclosed that the firm is not documenting the mixing time of the product nor is pH monitoring for each kettle/batch mixed being conducted. The product is a shelf stable garlic spread.",F-1135-2018,"Italian Rose Garlic Products, LLC",FL,Terminated,Voluntary: Firm initiated,2018-04-06,2018-05-02,2018-04-26,2018-08-23
13815 Sw 139th Ct,Miami,Class II,"Expiration Date: From 04/03/2026 to 05/03/2026 Lot#034320462, 034320562, 034320662, 034320962, 034321062, 034321162, 034321262, 034321362, 034321662, 034321762, 034321862, 034321962, 034322062, 034322362, 034322462, 034322562, 034322662, 034322762, 034323062, 034323162, 044320162, 044320262, 044320362",United States,FL and TX.,98732,"Two or more of the following: Email, Fax, Letter, Press Release, Telephone, Visit","Marquesita de Chocolate y Vainilla [image] Delighted Flavored Cakes The Original, Net Wt. 16 oz, packaged in a transparent and rigid plastic clamshell container, one unit per container. KEEP REFRIGERATED. UPC 824790852706",33186-5517,809 (16-oz) units,Food,"Undeclared colors (Yellow #5, Yellow #6, and/or Red #40).",H-0932-2026,Galaxy RG Corp,FL,Ongoing,Voluntary: Firm initiated,2026-04-03,2026-06-17,2026-06-09,
13815 Sw 139th Ct,Miami,Class II,"Expiration Date: From 04/03/2026 to 05/03/2026 Lot#034320462, 034320562, 034320662, 034320962, 034321062, 034321162, 034321262, 034321362, 034321662, 034321762, 034321862, 034321962, 034322062, 034322362, 034322462, 034322562, 034322662, 034322762, 034323062, 034323162, 044320162, 044320262, 044320362",United States,FL and TX.,98732,"Two or more of the following: Email, Fax, Letter, Press Release, Telephone, Visit","Rollitos de Guava [image] Guava Rolls The Original, Net Wt. 15 oz, packaged in a transparent and rigid plastic clamshell container, one unit per container. KEEP REFRIGERATED. UPC 824790852454",33186-5517,"7,856 (15-oz) units",Food,"Undeclared colors (Yellow #5, Yellow #6, and/or Red #40).",H-0919-2026,Galaxy RG Corp,FL,Ongoing,Voluntary: Firm initiated,2026-04-03,2026-06-17,2026-06-09,
1390 Enclave Pkwy,Houston,Class I,All lot codes,United States,"DC, DE, FL, GA, MA, MD, MI, NC, NJ, OH, PA, SC, VA, WV, CT, KY, VT and Puerto Rico",96923,E-Mail,KITGREEKPASTA5	1/5#	EAST COAST FRESH	PC-Greek Pasta Salad Kit 1/5lb W/Pasta	ALL LOT CODES KITGREEKPASTA5	1/5#	EAST COAST FRESH	PC-Greek Pasta Salad Kit 1/5lb W/Pasta	ALL LOT CODES  KITGREEKPASTA51	1/5#	EAST COAST FRESH	Greek Pasta Salad Kit 1/5lb W/Pasta (RF)	ALL LOT CODES,77077-2025,"14,338 units (total)",Food,Cucumbers have the potential to be contaminated with Salmonella,H-0024-2025,Sysco Corporation,TX,Terminated,Voluntary: Firm initiated,2025-05-21,2025-06-18,2025-06-10,2026-02-06
1390 Enclave Pkwy,Houston,Class I,All lot codes,United States,"DC, DE, FL, GA, MA, MD, MI, NC, NJ, OH, PA, SC, VA, WV, CT, KY, VT and Puerto Rico",96923,E-Mail,RTSALSA1LB	1#	EAST COAST FRESH	Salsa Cup - 1 lb	ALL LOT CODES SAL20	5#	EAST COAST FRESH	EC-Salsa- Fresh 5#	ALL LOT CODES SAL210	6/1#	EAST COAST FRESH	Salsa- Fresh Retail 6x1# (E)	ALL LOT CODES SAL45	20#	EAST COAST FRESH	EC-Salsa- Fresh 20#	ALL LOT CODES SAL48	7#	EAST COAST FRESH	EC-Salsa- Mild 7# (E)	ALL LOT CODES RTSALSA1LB	1#	EAST COAST FRESH	Salsa Cup - 1 lb	ALL LOT CODES SAL20	5#	EAST COAST FRESH	EC-Salsa- Fresh 5#	ALL LOT CODES SAL21	6/1#	EAST COAST FRESH	EC-Salsa- Fresh Retail 6x1#	ALL LOT CODES SAL210	6 / 1#	EAST COAST FRESH	SALSA RETAIL 1# CUP (6/CASE)	ALL LOT CODES SAL45	20#	EAST COAST FRESH	EC-Salsa- Fresh 20#	ALL LOT CODES SAL460	6 / 1#	EAST COAST FRESH	Salsa HOT 6/1#	ALL LOT CODES SAL519	6/1#	EAST COAST FRESH	Salsa HOT 6/1lb TOPS (E)	ALL LOT CODES SAL532	6/1#	TOPS	SALSA RETAIL 1lb CUP (6/CASE)- TOPS (E)	ALL LOT CODES SAL540	6/30oz	WELLSLEY FARMS	Wellsley Farms Mild Salsa 6/30oz (E)	ALL LOT CODES SALSA166WEIS	6/16 oz	WEIS	SALSA MILD 6/16oz WEIS	ALL LOT CODES SALSABUCKET20	20#	EAST COAST FRESH	Salsa Fresh Bucket 20#	ALL LOT CODES SALSAHOT1	1#	EAST COAST FRESH	Salsa Hot 1 lb	ALL LOT CODES SALSAHOT61	6/1#	EAST COAST FRESH	Salsa HOT 6/1#	ALL LOT CODES SALSAHOT61TOPS	6/1 #	TOPS	Salsa HOT 6/1# TOPS	ALL LOT CODES SALSAHOTAHOLD	6/1 #	AHOLD	Salsa HOT 6/1# - AHOLD	ALL LOT CODES SALSARET1	6/1#	EAST COAST FRESH	SALSA RETAIL 1# CUP (6/CASE)	ALL LOT CODES SALSARET121	12/1#	AHOLD	Salsa Retail 12/1#- AHOLD	ALL LOT CODES SALSARET1NL	6/1 #	EAST COAST FRESH	SALSA RETAIL 1# CUP (NL) (6/CASE)	ALL LOT CODES SALSARET1TOPS	6/1#	TOPS	SALSA RETAIL 1# CUP (6/CASE)- TOPS	ALL LOT CODES SALSATUB51	5#	EAST COAST FRESH	Salsa Fresh 5#	ALL LOT CODES SALSAWELLFMD306	6/30 OZ	WELLSLEY FARMS	Wellsley Farms Mild Salsa 6/30oz	ALL LOT CODES  SAL519	6/1#	EAST COAST FRESH	Salsa HOT 6/1lb TOPS (E)	ALL LOT CODES SAL532	6 / 1#	TOPS	SALSA RETAIL 1lb CUP (6/CASE)- TOPS (E)	ALL LOT CODES SAL540	6/30oz	WELLSLEY FARMS	Wellsley Farms Mild Salsa 6/30oz (E)	ALL LOT CODES SALSA166WEIS	6/16oz	WEIS	SALSA MILD 6/16oz WEIS	ALL LOT CODES SALSABUCKET20	20#	EAST COAST FRESH	Salsa Fresh Bucket 20#	ALL LOT CODES SALSAHOT1	1#	EAST COAST FRESH	Salsa Hot 1 lb	ALL LOT CODES SALSAHOT61	6 / 1#	EAST COAST FRESH	Salsa HOT 6/1#	ALL LOT CODES SALSAHOT61TOPS	6 / 1#	TOPS	Salsa HOT 6/1# TOPS	ALL LOT CODES SALSAHOTAHOLD	6 / 1#	AHOLD	Salsa HOT 6/1# - AHOLD	ALL LOT CODES SALSARET1	6 / 1#	EAST COAST FRESH	SALSA RETAIL 1# CUP (6/CASE)	ALL LOT CODES SALSARET121	12 / 1#	AHOLD	Salsa Retail 12/1#- AHOLD	ALL LOT CODES SALSARET1NL	6 / 1#	EAST COAST FRESH	SALSA RETAIL 1# CUP (NL) (6/CASE)	ALL LOT CODES SALSARET1TOPS	6 / 1#	TOPS	SALSA RETAIL 1# CUP (6/CASE)- TOPS	ALL LOT CODES SALSATUB51	5#	EAST COAST FRESH	Salsa Fresh 5#	ALL LOT CODES SALSATUB71	7#	EAST COAST FRESH	Salsa Fresh Tub 7 lbs	ALL LOT CODES SALSAWELLFMD306	6 /30 oz	WELLSLEY FARMS	Wellsley Farms Mild Salsa 6/30oz	ALL LOT CODES,77077-2025,"14,338 units (total)",Food,Cucumbers have the potential to be contaminated with Salmonella,H-0023-2025,Sysco Corporation,TX,Terminated,Voluntary: Firm initiated,2025-05-21,2025-06-18,2025-06-10,2026-02-06
1400 Parker St,Dallas,Class I,best by 9/26/12,United States,"Product was distributed directly to the states of Florida, Georgia, Missouri, North Carolina, Ohio, and Texas.  Product was then shipped further from the firm's direct accounts.",63234,Press Release,"Fruit Bowl, generic, 48 oz., sold at Wal-Mart, UPC 7-17524-77687-7",75215-2135,3071 units total,Food,"In cooperation with the FDA's warning to not consume mangoes from Agricola Daniella in Mexico, Del Monte Fresh Produce N.A., Inc, is initiating a voluntary recall of 1,600 bowls of fresh-cut mangoes distributed to retail outlets due to the potential risk that the mangoes may contain Salmonella. Salmonella is an organism which can cause serious and sometimes fatal infections in young children, frai",F-1618-2013,"Del Monte Fresh Produce North America, Inc",TX,Terminated,Voluntary: Firm initiated,2012-09-20,2013-07-17,2013-07-05,2013-07-31
1400 S Santa Fe Ave,Compton,Class I,Product is not coded with lot numbers.    Expiration date 06/01/13,United States,CA,65499,E-Mail,"El Campestre Brand Ceviche Mixto, 2/5 lbs bulk containers into 1/10lbs carton.  Packaged in 2/5lbs white plastic buckets with lid and handle, into 1/10lbs carton.    Labeling reads in part:""CEVICHE MIXTO***NET WT..10 LBS***DIST.BY EL CAMPESTRE DIST TEL (562) 505-7247***"".",90221-4918,35,Food,"El Campestre initiated this recall due to the following reason: undeclared allergens: eggs, soy, wheat, and crab extract.",F-1760-2013,El Campestre,CA,Terminated,Voluntary: Firm initiated,2013-06-13,2013-08-07,2013-07-26,2013-08-20
141 Ethel Rd W,Piscataway,Class II,110PB1132021 7/4/2021  110PB113PP2021 7/4/2021  110PB114PP2021 7/4/2021  111PB1142021 7/4/2021  117PB1162021 7/4/2021  117PB116PP2021 7/4/2021,United States,Distributed nationwide,87961,"Two or more of the following: Email, Fax, Letter, Press Release, Telephone, Visit",Clio No Added Sugar Yogurt Bar Mixed Berry / Peach  50g x 16 (12pc tray). UPC Code: 854021008220,08854-5928,1880 units,Food,Possible metal fragments in Yogurt Bars,F-0634-2021,Clio LLC,NJ,Terminated,Voluntary: Firm initiated,2021-05-15,2021-06-09,2021-05-28,2022-04-14
141 Ethel Rd W,Piscataway,Class II,Best buy dates between 4/11/2021 and 6/27/2021,United States,Distributed nationwide,88045,"Two or more of the following: Email, Fax, Letter, Press Release, Telephone, Visit","Clio Berry Acai flavored Less Sugar Yogurt Bar in a Chocolate Coating 45g x 10 Clio Retail 10-pack, UPC: 854021008244",08854-5928,"4,609 cases",Food,Possible metal fragments in Yogurt Bars,F-0683-2021,Clio LLC,NJ,Terminated,Voluntary: Firm initiated,2021-05-15,2021-06-30,2021-06-23,2022-04-14
1418 G St,Fresno,Class II,All units with UPC 6 34242- 10008 4 (3 oz. bar),United States,"CA, NV, AZ, WA, Canada and Guam",67764,Press Release,"Jamaica Fruit Bar, 3 oz.,.    Helados La Tapatia  Fresno, CA 93706",93706-1611,,Food,"FDA environmental sampling found 21 of 50 positive for Listeria monocytogenes, 11 of these on food contact surfaces.",F-1769-2014,"Helados La Tapatia, Inc",CA,Terminated,Voluntary: Firm initiated,2014-03-19,2014-04-23,2014-04-16,2015-04-29
14245 Birwood St,Detroit,Class II,"21FEB2026, 28FEB2026, 12MAR2026, 19MAR2026, 02APR2026, 01JUL2026, 15JUL2026, 01OCT2026, 22OCT2026, 19NOV2026, 09DEC2026",United States,NC,98506,"Two or more of the following: Email, Fax, Letter, Press Release, Telephone, Visit","Lowes Foods sour cream and onion flavored potato chips, 8oz. bag, UPC 7 41643 05576 6, 9 retail units per case",48238-2207,2800 cases,Food,"Inaccurate nutritional data in Nutrition Facts including but not limited to, understated sodium content. Undeclared ingredients including but not limited to, monosodium glutamate.",H-0552-2026,Uncle Ray's LLC,MI,Terminated,Voluntary: Firm initiated,2026-02-25,2026-03-18,2026-03-10,2026-06-05
14300 Arminta St,Panorama City,Class I,"9-18-17, 9-19-17, 10-19-17, 10-20-17, 11-14-17, 11-15-17",United States,"US and worldwide: Kuwait, Dubai, United Kingdom, Israel, Australia, Mexico, Dominican Republic, Sweden, Colombia, Canada, Brazil, Panama, Netherlands, Norway, Philippines, Saudi Arabia, Peru, Singapore, Korea, Russia,",75924,"Two or more of the following: Email, Fax, Letter, Press Release, Telephone, Visit","4 oz. Complete Cookie, Coconut Chocolate Chip, UPC Code: 7 87692-83538 6,   12pks: 15,834 sleeves (contains 12 cookies)   Total cookies from pack sizes above: 190,008",91402-6869,"176,544 units",Food,Lenny & Larrys is recalling Chocolate Chip and Coconut Chocolate Chip cookies due to the possible presence of undeclared milk in the dark chocolate chips.,F-1221-2017,"Lenny & Larry's, Inc.",CA,Terminated,Voluntary: Firm initiated,2016-12-12,2017-01-18,2017-01-10,2017-05-31
144 Magill Rd,Zelienople,Class II,UPC: 38756; 38755  Lot: .219098,United States,"AZ, CO, DE, FL, GA, IL, LA, MD, MI, MT, NC, NJ, NY, OH, OK, PA, SC, TX, VA, WV",70208,Letter,"Con Yeager Spice Company, Zelienople, PA 16063  PAPA WOOD BBQ ALL PURPOSE RUB    NET WEIGHT: 12 oz and 5.22 oz  UPC: 38756; 38755  Lot: .219098",16063-3424,578 units,Food,Cumin and cumin containing spice mixes may contain undeclared peanuts.,F-2049-2015,Con Yeager Spice Co,PA,Terminated,Voluntary: Firm initiated,2015-01-06,2015-05-06,2015-04-27,2015-11-05
1446 Ulmer Ave,Oreland,Class II,No codes associated with this product.,United States,Distributed in the state of Pennslyvania.,75607,Press Release,"Turkey, Bacon and Swiss on Macaroni Salad wrapped in clear film, 8 oz.   Undeclared allergens - Wheat, Soy (oil, flour), Milk, Egg",19075-1712,7 sandwiches,Food,"Crescent vending sandwiches failed to declare allergen ingredients: wheat, soy (oil) and milk.",F-0795-2017,Crescent Vending Co. Inc.,PA,Terminated,Voluntary: Firm initiated,2016-11-04,2016-12-28,2016-12-19,2017-08-18
14583 S Ave,Woodward,Class II,best if used by  date of 3/31/22 or before,United States,Distributed to grocery stores in Iowa.,88727,Visit,"Picket Fence Creamery, Woodward, IA, Chocolate Cherry ice cream, in Quarts, Pints, and 1/2 Pints",50276-6043,"8 quarts, 4 pints, 7 ¿ pints",Food,Undeclared soy lecithin.,F-0096-2022,Picket Fence Creamery L.L.C.,IA,Terminated,Voluntary: Firm initiated,2021-09-15,2021-11-10,2021-11-04,2021-11-18
14583 S Ave,Woodward,Class II,Best if used by  date of 3-31-22 or before,United States,Distributed to grocery stores in Iowa.,88727,Visit,"Picket Fence Creamery, Woodward, IA, Mocha! ice cream, in Quarts, Pints, and 1/2 Pints",50276-6043,"18 quarts, 4 pints, 8 ¿ pints made",Food,Undeclared soy lecithin.,F-0100-2022,Picket Fence Creamery L.L.C.,IA,Terminated,Voluntary: Firm initiated,2021-09-15,2021-11-10,2021-11-04,2021-11-18
147 Industrial Park Rd,Milton,Class II,"Lot Codes: T16DTKC, T17DTJC, T20DTDC",United States,AL  AR  AZ  CA  CO  CT  DE  FL  GA  IA  IL  IN  KS  KY  LA  MI  MN  MO  MS  NC  NH  NY  OH  OR  PA  TN  TX  UT  VA  WI,81985,Letter,"Parent's Choice Toddler Next Stage¿ Milk Drink Powder Natural Milk Flavor With Other Natural Flavors, Stage 3, 1 Year and Up, NET WT 24 OZ (1.5 LB) 680g, UPC: 0 78742 06717 9 and Little JOURNEY Toddler Next Stage MILK DRINK POWDER, NET WT I PESO NETO 24 OZ I ONZAS (1.5 LB) 680g.",05468-2109,"18,632 cans",Food,Product may contain foreign material.,F-0904-2019,"PBM Nutritionals, LLC",VT,Terminated,FDA Mandated,2019-01-21,2019-02-20,2019-02-13,2019-05-29
1471 Partnership Rd,Green Bay,Class II,"Cans with Expiration dates between June 16, 2024 and April 16, 2025.",United States,Nationwide.  Outside the US:  Canada,94828,E-Mail,"Coffee + Non-Dairy Creamer + Sugar Canned Beverage packaged under the following brands and sizes:   1.  Coffee Hound Coffee Co Nitro with Sugar and Non-Dairy Creamer, 12 oz. UPC 7 83970-58494 6.   2. Euphoria Coffee Sweetened Latte, 12 oz. UPC 8 10149-37096 0.   3.  Kahawa 1893 Coffee Inc Safari Latte, 12 oz. UPC 8 50033-95735 8.   4.  Ludwig Coffee Macchiato, 12 oz. UPC 	8 60008-03483 0.",54304-5685,"549,146 cans total",Food,Potential under-processing.,F-1502-2024,"Snapchill, LLC",WI,Terminated,Voluntary: Firm initiated,2024-06-17,2024-07-24,2024-07-23,2025-06-27
1486 Kleppe Ln,Sparks,Class I,All codes,United States,All sales are direct from firm website - littlebundle.com,88432,"Two or more of the following: Email, Fax, Letter, Press Release, Telephone, Visit",Lebenswert Anfangsmilch Stage 1 Organic Infant Milk Formula,89431-6428,"76,000 units total",Food,"The required pre-market notifications for these new  infant formulas have not been submitted to the FDA. Some products contain less than 1 milligram of iron per 100 Calories and may not provide adequate iron for some infants, particularly infants born prematurely or with a low birth weight, had low iron levels at birth, or are at risk for becoming iron deficient due to illness. All products are not labeled as required by 21 CFR 107 .10 and 107.20 and do not bear mandatory labeling statements in English.",F-0921-2021,Able Groupe Inc,NV,Terminated,Voluntary: Firm initiated,2021-08-08,2021-08-25,2021-09-01,2021-09-08
14945 SW 197th Ave,Miami,Class I,Lot # 101315 and 101326,United States,Florida,69606,"Two or more of the following: Email, Fax, Letter, Press Release, Telephone, Visit","M & M brand Number 2 Florida Avocados, packed in 50 lb cardboard boxes",33196-2236,"30,000 lbs",Food,Samples of avocados tested by FDA were positive for Salmonella.,F-0511-2015,M & M Farm Inc.,FL,Terminated,Voluntary: Firm initiated,2014-10-17,2014-11-26,2014-11-18,2019-08-02
150 Main St,Salinas,Class II,lot: 190614-403545 - Best by 6/26/19,United States,"CT, FL, IL, ME, MD, MA, NC, NY, PA, SC, VA.",83245,E-Mail,"Green Giant Fresh Butternut Squash Diced.  12 oz. (340 g) plastic bag  UPC: 605806138010; Item number BNC101101    Perishable, Keep Refrigerated  Distributed by Growers Marketing LLC, Salinas, CA",93901,2153 cases total,Food,Firm received notification of a positive L. mono test result from a random sample taken from of one our customer's retail locations by the Massachusetts Department of Public Health.,F-1952-2019,Growers Express                                    S,CA,Terminated,Voluntary: Firm initiated,2019-06-28,2019-08-07,2019-07-31,2019-11-22
150 Switzer Ave,Springfield,Class I,Use by 12/15/17 through 2/9/18,United States,Nationwide through retail and online sales.,78735,Telephone,"Rachael's SPRINGFIELD SMOKED FISH LOX CREAM CHEESE SPREAD, 8 oz. and 5 lb. UPC: 045049117760",01109-1027,43606.61 pounds (total for all products),Food,Product may be contaminated with Listeria monocytogenes.,F-0548-2018,Rachael's Food Corporation,MA,Terminated,Voluntary: Firm initiated,2017-12-12,2018-01-10,2018-01-08,2018-05-01
1500 Atlantic St,Union City,Class III,"Noodle Pack: serial numbers :1-238, expiration date:23/Dec./2017  Abalone Pack: serial numbers : 1-217, expiration date:23/Dec./2017",United States,CA only,76705,Letter,"Good Plenty Brand Supreme Abalone Noodles, 21.2 oz. box.  Each box contains Retort pouch of Noodles and Abalone.  These two pouches are packed together in the box; 10 boxes per case.",94587-2006,200 boxes,Food,"During an FDA foreign inspection, it was discovered that Wheat was not properly declared on the product labeling. Wheat is an ingredient in the noodles contained in the product. Wheat is listed in the Contains statement.",F-1900-2017,Lian Hwa Foods (USA) Inc.,CA,Terminated,Voluntary: Firm initiated,2017-02-14,2017-04-19,2017-04-07,2017-05-01
1500 Brooks Ave,Rochester,Class II,All Codes  UPC: 2-16628-00000; 2-16630-00000; 2-16626-00000;  2-96628-00000,United States,"NY, PA, MD, VA, NJ, MA, NC",84687,Other,"Signature Crab Cake, Signature Crab Cake (2 pk), and Signature Crab Cake (4pk); Wegmans Ready to Cook Signature Crab Cake; Oven ready tray; various sizes, keep Refrigerated or Frozen",14624-3512,Varies by store.,Food,Products contain undeclared soy.,F-0531-2020,"Wegmans Food Markets, Inc.",NY,Terminated,Voluntary: Firm initiated,2020-01-09,2020-01-22,2020-01-21,2020-02-27
1500 Brooks Ave,Rochester,Class II,Only packages with use or freeze by dates from January 11th to January 23rd are affected.,United States,"NY, PA, NJ, MD, VA, MA",78984,"Two or more of the following: Email, Fax, Letter, Press Release, Telephone, Visit","Wegmans Ready To Cook Lobster & Shrimp Steam Pot, Sold by the lb. UPC: 2-16326-00000",14624-3512,618 packages (total for all products),Food,Products may contain undeclared soy lecithin.,F-0754-2018,"Wegmans Food Markets, Inc.",NY,Terminated,Voluntary: Firm initiated,2018-01-19,2018-02-07,2018-02-05,2018-04-26
1500 Brooks Ave,Rochester,Class II,"Lg. Fruit Crostata, 21 oz.: UPC 20829300000 and no other coding; Sm. Fruit Crostata, 7 oz.: UPC 20829900000 and no other coding; Lg. Nectarine Crostata, 21 oz.: UPC 20823100000 and no other coding; Sm. Nectarine Crostata, 6 oz.: UPC 20832600000 and no other coding.",United States,"New York, Pennsylvania, Maryland, Virginia, New Jersey, Massachusetts",68832,"Two or more of the following: Email, Fax, Letter, Press Release, Telephone, Visit","Lg. Fruit Crostata, 21 oz., UPC 20829300000;   Sm. Fruit Crostata, 7 oz., UPC 20829900000;   Lg. Nectarine Crostata, 21 oz., UPC 20823100000;   Sm. Nectarine Crostata, 6 oz.,  UPC 20832600000",14624,,Food,"Wegmans Food Markets, Inc. voluntarily recalled fresh individually sold, bagged and sliced fresh plums, nectarines and peaches, peach salsa and several in-store baked desserts that may contain fresh peaches, nectarines, and/or plums.  The fruit may be contaminated with Listeria monocytogenes.",F-0723-2015,"Wegmans Food Markets, Inc.",NY,Terminated,Voluntary: Firm initiated,2014-07-20,2014-12-24,2014-12-15,2014-12-16
1500 Brooks Ave,Rochester,Class II,Purchased from 8/5/2020 through 8/7/2020.    UPC: 20648600000 and Sell by 8/9/2020-8/12/2020,United States,"VA, NJ, MD, PA, NC, NY",86208,Other,Bronzini Seasoned Fillet; by the lb.; seasoned bronzini fillet with olive oil and lemon; packaged in an oven ready tray; package size varies; keep refrigerated,14624-3512,"2,688 total units sold",Food,Products are potentially contaminated with Listeria monocytogenes.,F-1309-2020,"Wegmans Food Markets, Inc.",NY,Terminated,Voluntary: Firm initiated,2020-08-07,2020-09-02,2020-08-25,2020-08-31
1500 Clinton St Bldg 7,Buffalo,Class III,Lot 30508DA010  Manf. 5/8/23 Cat No. 11-1013,United States,online orders nationwide,92770,"Two or more of the following: Email, Fax, Letter, Press Release, Telephone, Visit",The Sausage Maker Instacure #1,14206-3015,995 lbs.,Food,Contains Sodium Nitrite recalled for potential metal contamination,F-0405-2024,"The Sausage Maker, Inc.",NY,Terminated,Voluntary: Firm initiated,2023-07-25,2023-11-15,2023-11-09,2025-04-10
1500 Main Ave,Clifton,Class II,All packages containing the Ingredient: E122-Carmoisine; NDC 5010455775472,United States,"The firm receives the gum from their overseas supplier and it is stored in their Clifton, NJ warehouse until the gum is shipped to 40 customers throughout the USA (OH, PA, NJ, NY, VA, and MA)",62637,Telephone,Chiclets Chewing Gum Fruit Flavors; Made in Lebanon; Manufactured by Cadbury Adams Middle East S.A.L.,07011-2120,600 pcs,Food,Baroody Imports Inc. is voluntarily recalling Chiclets Chewing Gum (Fruit Flavors) due to Misbranded/Unsafe Color Additives.,F-1943-2012,Baroody Imports Inc.,NJ,Terminated,Voluntary: Firm initiated,2012-03-29,2012-08-22,2012-08-10,2015-08-04
1500 Main Ave,Clifton,Class III,,United States,NY,70125,Telephone,"Baroody Pickled Labneh with Pepper, Net Wt. 20 oz., (1 lb. 4 oz.), 575-g, in sealed glass jar, UPC 642036010549",07011-2120,20 cases,Food,Product contains undeclared sorbic acid and undeclared sulfites (preservative),F-0797-2015,Baroody Imports Inc.,NJ,Terminated,Voluntary: Firm initiated,2014-11-04,2015-01-28,2015-01-20,2016-04-18
1500 W 135th St,Gardena,Class II,9/23/13 > 9/30/13,United States,CA,68717,Letter,"Noni Supplement, Capsules",90249-2230,"200,100 units",Food,GM Manufacturing is recalling dietary supplements due to significant violations of the cGMP regulations for dietary supplements.,F-2267-2014,GM Manufacturing Inc.,CA,Terminated,Voluntary: Firm initiated,2014-07-03,2014-08-06,2014-07-31,2014-09-16
1501 Orchard Dr,Chambersburg,Class II,Code: B12917 ;  lot date 11/29/2017,United States,nationwide,78713,"Two or more of the following: Email, Fax, Letter, Press Release, Telephone, Visit","Sysco Imperial Glazed Hot Bacon Dressing; Net Contents 1 GAL; Distributed by Sysco Corporation, Houston, Texas  77077; Code: B12917",17201-4812,"24, 4  1 gal/cs.",Food,A plastic foreign object was inadvertently introduced into the product stream. The firm is recalling product as not all plastic has been accounted.,F-0593-2018,"Ventura Foods, LLC",PA,Terminated,Voluntary: Firm initiated,2017-12-07,2018-01-24,2018-01-19,2018-06-28
1515 Main Street,Longmont,Class I,Expiration date: 11/09/2016,United States,"Colorado. No Canadian, other foreign, VA/govt/military consignees.",75678,E-Mail,Ciao Bovina Italian Strawberry. 1 Pint (473 ml). Non-Dairy Gelato. No GMO's. Coconut Free. Soy Free.,80501,80 pints,Food,"Ciao Bovina, LLC announces a voluntary field action for Italian Strawberry Gelato due to potential contamination with Hepatitis A Virus.",F-1677-2017,"Ciao Bovina, LLC",CO,Terminated,Voluntary: Firm initiated,2016-10-08,2017-03-29,2017-03-21,2017-05-31
1518 Main St,Altavista,Class II,"List Number 55897  , Lot 57642RA00",United States,"Lot 57642RA00,  Beginning Date of distribution in US  10/12/15  End Date of distribution in US- 12/4/15 .      AN distributed this lot to151 Distributors, 32 Medical Facilities and 25 Other types of consignees (2 of these were internal sales reps).    No foreign accounts.      There are 12 US government consignees.",73499,Telephone,"The product is labeled as follows: PediaSure Grow & Gain Vanilla, Unit size : 8 oz. , Container description : Metal Can, Total package size : 24 cans per case .",24517-1132,"15,609 cases (374,616 units)",Food,"Abbott Nutrition is recalling PediaSure Grow & Gain Vanilla is product because the product may have a different color, smell, taste or texture  inconsistent with other lots of PediaSure Grow & Gain Vanilla.     Abbott Nutrition  also recognized a complaint trend for physical stability and sensory on this batch on 1/25/16 and an investigation revealed a possibility that a small portion of cans may",F-1041-2016,Abbott Nutrition,VA,Terminated,Voluntary: Firm initiated,2016-03-10,2016-04-13,2016-04-06,2016-11-01
153 E Electric St,Union,Class II,,United States,"Products were only distributed to one retail store located in Grande, OR",73911,"Two or more of the following: Email, Fax, Letter, Press Release, Telephone, Visit","Package contains a business card for ""***BAGEL SHOP***""    ""***Sesame Seed:  Flour, Filtered Water, Organic Shortening, Olive Oil, Malt, Sugar, Sea Salt, Yeast, Organic Sesame Seeds.***""    2 bagels per package - plastic bag with twist tie.",97883,,Food,Undeclared wheat,F-0156-2017,Union Bagel Shop,OR,Terminated,Voluntary: Firm initiated,2016-04-07,2016-10-26,2016-10-14,2016-10-17
1530 47th St NW,Fargo,Class II,Item number ALMO-033; Manufacturer lot number 1050188-1-16007 (on container label); Warehouse lot number LV0206674,United States,"CO, AZ, and CA. See distribution spreadsheet in the attached email.",73467,Telephone,"Almonds, dry roasted, not salted, packaged in 25 lb. cardboard cartons",58102-2858,394 cases (9850 lbs.),Food,Cashews were mixed with almonds but allergen was not declared on outside packaging.,F-1084-2016,"Specialty Commodities, Inc.",ND,Terminated,Voluntary: Firm initiated,2016-03-01,2016-04-27,2016-04-20,2018-02-07
1530 La Dawn Dr,Portage,Class II,"Best Before: 6-18-22, 6-25-22",United States,nationwide,90291,Letter,"Dawn's Campfire BBQ Beans, #90125,  Net Wt 8 lb (3.63 kg)  Keep Refrigerated   UPC 0 32345 90125 4.   Mfg By Morski Brands, Inc., Portage, WI  53901",53901-8823,1312 units,Food,Foreign object (metal).,F-1376-2022,"Morski Brands, Inc.",WI,Terminated,Voluntary: Firm initiated,2022-05-20,2022-06-22,2022-06-25,2025-05-02
15407 McGinty Rd W,Wayzata,Class II,100001369-02423CHXEA 100001369-05423CHXEA 100001369-06023CHXEA 100001369-29822CHXEA 100001369-29922CHXEA 100001369-35222CHXEA 100001369-35322CHXEA,United States,"Nationwide United States, Canada, Chile, Costa Rica, Guatemala, Mexico, and United Kingdom",92013,E-Mail,"PROSANTE TSOYFLR 10P MNCD 50LB BG, paper bag",55391-2365,"486,700 lbs",Food,Products with a gluten free claim may contain gluten levels above 20 ppm.,F-0787-2023,"Cargill, Inc         Corporate Headquarters",MN,Terminated,Voluntary: Firm initiated,2023-03-30,2023-05-10,2023-05-01,2023-06-08
15407 McGinty Rd W,Wayzata,Class II,100001377-36022CHXEA,United States,"Nationwide United States, Canada, Chile, Costa Rica, Guatemala, Mexico, and United Kingdom",92013,E-Mail,"PROSANTE TVGPTN 12BF7 MNCD 50LB BG/36P, paper bag",55391-2365,"39,600 lbs",Food,Products with a gluten free claim may contain gluten levels above 20 ppm.,F-0792-2023,"Cargill, Inc         Corporate Headquarters",MN,Terminated,Voluntary: Firm initiated,2023-03-30,2023-05-10,2023-05-01,2023-06-08
15407 McGinty Rd W,Wayzata,Class II,110019241-02323CHXEA 110019241-02423CHXEA 110019241-02523CHXEA 110019241-32522CHXEA 110019241-32622CHXEA 110019241-32722CHXEA 110027915-30722CHXFA,United States,"Nationwide United States, Canada, Chile, Costa Rica, Guatemala, Mexico, and United Kingdom",92013,E-Mail,"PROSANTE SOYFLR 3038P FLK 50LB BG, PROSANTE TSOYFLR 3038P FLK 50LB BG/18P, paper bags",55391-2365,"826,150 lbs",Food,Products with a gluten free claim may contain gluten levels above 20 ppm.,F-0796-2023,"Cargill, Inc         Corporate Headquarters",MN,Terminated,Voluntary: Firm initiated,2023-03-30,2023-05-10,2023-05-01,2023-06-08
15443 S Latourette Rd,Oregon City,Class II,No lot code or expiration date listed on label.,United States,Distributed nationwide.,88142,Press Release,"Living Free Nerve & Muscle Plus Cetyl-Myristoleate Herbal and Glandular Supplement, 180 and 500 capsules per bottles.  Product is packed in white, HDPE plastic bottles with threaded HDPE lids.      Label is read in parts: ""***Living Free Nerve & Muscle Plus Cetyl-Myristoleate *** Herbal and Glandular Supplement***Formulated by Beatrice Lydecker ***Manufactured by Bea Lydecker's Naturals Oregon City, OR***"".",97045-9432,Firm did not provide,Food,Label declares lecithin but does not declare soy lecithin.,F-0781-2021,Bea Lydeckers Naturals Inc,OR,Terminated,Voluntary: Firm initiated,2021-06-21,2021-07-21,2021-07-14,2022-02-24
15570 SW Jenkins Rd,Beaverton,Class I,Kit has use by dates:   12/24/2024  12/25/2024 12/28/2024  1/2/2025  1/6/2025,United States,"Distributed in AZ, CA, CO, FL, GA, IL, IN, KS, LA, MD, MN, MO, NC, NY, OH, OK, TX, UT and WY.",95937,"Two or more of the following: Email, Fax, Letter, Press Release, Telephone, Visit","Beef & Lamb Gyro Sandwich Express Meal Kit. Net wt. 31.8oz. UPC 0 13454 38313 1.   Each kit contains 6 Pitas, Gyro Meat, Tzatziki Sauce 3oz. cups, Fire Feta Sauce, Feta Cheese Crumbles.  Packaged in clear plastic clamshell. Distributed by Fresh Creative Foods, Vista CA.",97006-6003,5271 cases,Food,Salmonella. Beef & Lamb Gyro Sandwich Express Meal Kit contains implicated cucumber in the tzatziki sauce 3oz. cup.,F-0362-2025,"Reser's Fine Foods, Inc.",OR,Terminated,Voluntary: Firm initiated,2024-12-06,2025-01-08,2024-12-31,2025-02-26
15570 SW Jenkins Rd,Beaverton,Class I,Use by Dates:  9/13/2025 9/16/2025 9/18/2025 9/19/2025 9/20/2025 9/21/2025 9/23/2025 9/24/2025 9/25/2025 9/26/2025 9/27/2025 9/28/2025 9/29/2025 9/30/2025 10/1/2025 10/2/2025 10/3/2025 10/4/2025,United States,"Item #404736 was distributed in AZ, CA, CO, UT, and WA. Item #404637 was distributed in AZ, CA, CO, and TX. Item #404284 was distributed in AZ, CA, CO, FL, GA, IN, MD, MO, OR, PA, TX, UT, and WA.",97713,"Two or more of the following: Email, Fax, Letter, Press Release, Telephone, Visit","Fresh Creative Foods (FCF) item #404637 Basil Pesto Bowtie Pasta Kit Item V, UPC#13454 38053. Perishable/Refrigerated product. Net wt. 10.5625lbs. This kit contains 2/3lbs. sealed bags of affected Bowtie Pasta, and it is not sold directly to consumers.",97006-6003,"Item #404637 = 3,252 cases",Food,Salad Kits are recalled due to potential contamination with Listeria monocytogenes.,H-0090-2026,"Reser's Fine Foods, Inc.",OR,Terminated,Voluntary: Firm initiated,2025-09-26,2025-10-29,2025-10-17,2026-03-31
15570 SW Jenkins Rd,Beaverton,Class I,"Use by April 24, 2017",United States,"Product was distributed to wholesalers for retail sale:  AL, CO, GA, KS, MO, MS, NY, OK, LA, PA, TX, WI. There was no foreign/government/military distribution.",76898,"Two or more of the following: Email, Fax, Letter, Press Release, Telephone, Visit","Reser's Fine Foods, American Classics Macaroni Salad, Net Wt 1 lb. (454 g) UPC 7117.19007, packaged in 16 oz plastic tubs, 12 per case. Reser's Fine Foods, Inc. Beaverton, OR 97006.",97006-6003,"529 cases:  6,348 tubs",Food,Product contains undeclared milk and soy.,F-2203-2017,"Reser's Fine Foods, Inc.",OR,Terminated,Voluntary: Firm initiated,2017-03-31,2017-05-17,2017-05-08,2017-06-06
15570 SW Jenkins Road,Beaverton,Class I,Use by dates 10/10/13 - 11/29/13.,United States,"Distribution was made to AL, AR, AZ, CA, CO, CT, DE, FL, GA, HI, IA, IL, IN, KS, KY, LA, MA, MD, ME, MI, MO, MS, NC, NE, NH, NJ, NM, NV, NY, OH, OK, OR, PA, SC, SD, TN, TX, VA, WI, WV AND WY.   Distribution was also made to Canada.",66563,"Two or more of the following: Email, Fax, Letter, Press Release, Telephone, Visit","Tuna Salad, Formula PT.60 packaged under these labels:    -Essentail Everyday Tuna Salad packaged in 6/12-oz (UPC 041303820285) carton cases. Distributed by Supervalu Inc., Eden Prairie, MN.    -Reser's Gourmet Tuna Salad packaged in 2/5-lb carton cases.  Reser's Fine Foods, Inc., Beaverton, OR.  UPC 071117855067",97006,,Food,The recalled products are potentially contaminated with Listeria monocytogenes.,F-1216-2014,"Reser's Fine Foods, Inc.",OR,Terminated,Voluntary: Firm initiated,2013-10-22,2014-01-01,2013-12-24,2017-01-24
15570 SW Jenkins Road,Beaverton,Class I,Use by dates 10/10/13-11/29/13.,United States,"Distribution was made to AL, AR, AZ, CA, CO, CT, DE, FL, GA, HI, IA, IL, IN, KS, KY, LA, MA, MD, ME, MI, MO, MS, NC, NE, NH, NJ, NM, NV, NY, OH, OK, OR, PA, SC, SD, TN, TX, VA, WI, WV AND WY.   Distribution was also made to Canada.",66563,"Two or more of the following: Email, Fax, Letter, Press Release, Telephone, Visit","Red Potato Salad, Formula PO.62, packaged under the following labels:     -Cross Valley Farms Red Royal Potato Salad packaged in 2/8-lb carton cases. Distributed by U.S. Foodservice, Inc., Rosemont, IL.    -Reser's Deluxe Red Skin Potato Salad packaged in 2/8-lb carton cases. Reser's Fine Foods, Inc., Beaverton, OR.    -Block & Barrel Deluxe Red Skinned Potato Salad packaged in 2/5-lb carton cases. Distributed by Sysco Corporation, Houston, TX.",97006,,Food,The recalled products are potentially contaminated with Listeria monocytogenes.,F-0300-2014,"Reser's Fine Foods, Inc.",OR,Terminated,Voluntary: Firm initiated,2013-10-22,2014-01-01,2013-12-24,2017-01-24
15570 SW Jenkins Road,Beaverton,Class I,Use by dates 10/11/13-11/29/13.,United States,"Distribution was made to AL, AR, AZ, CA, CO, CT, DE, FL, GA, HI, IA, IL, IN, KS, KY, LA, MA, MD, ME, MI, MO, MS, NC, NE, NH, NJ, NM, NV, NY, OH, OK, OR, PA, SC, SD, TN, TX, VA, WI, WV AND WY.   Distribution was also made to Canada.",66563,"Two or more of the following: Email, Fax, Letter, Press Release, Telephone, Visit","Red Skin Potato Salad, Formula PO.39, packaged under these labels:    West Creek Diced Red Skin Potato Salad packaged in 2/5-lb carton cases. Distributed by Performance Food Group, Richmond, VA.    -Reser's Red Skin Potato Salad packaged in 2/8-lb carton cases. Reser's Fine Foods, Inc., Beaverton, OR.    -Sysco Classic Red Potato Salad packaged in 2/8-lb carton cases. Distributed by Sysco Corporation, Houston, TX.",97006,,Food,The recalled products are potentially contaminated with Listeria monocytogenes.,F-0282-2014,"Reser's Fine Foods, Inc.",OR,Terminated,Voluntary: Firm initiated,2013-10-22,2014-01-01,2013-12-24,2017-01-24
15570 SW Jenkins Road,Beaverton,Class I,Use by dates 10/11/13-11/29/13.,United States,"Distribution was made to AL, AR, AZ, CA, CO, CT, DE, FL, GA, HI, IA, IL, IN, KS, KY, LA, MA, MD, ME, MI, MO, MS, NC, NE, NH, NJ, NM, NV, NY, OH, OK, OR, PA, SC, SD, TN, TX, VA, WI, WV AND WY.   Distribution was also made to Canada.",66563,"Two or more of the following: Email, Fax, Letter, Press Release, Telephone, Visit","Reser's Homestyle Recipe Potato Salad with Egg, Formula PO.81, packaged  in 2/8-lb carton cases. Reser's Fine Foods, Inc., Beaverton, OR.",97006,,Food,The recalled products are potentially contaminated with Listeria monocytogenes.,F-0288-2014,"Reser's Fine Foods, Inc.",OR,Terminated,Voluntary: Firm initiated,2013-10-22,2014-01-01,2013-12-24,2017-01-24
15570 SW Jenkins Road,Beaverton,Class I,Use by dates 10/12/13 - 11/27/13.,United States,"Distribution was made to AL, AR, AZ, CA, CO, CT, DE, FL, GA, HI, IA, IL, IN, KS, KY, LA, MA, MD, ME, MI, MO, MS, NC, NE, NH, NJ, NM, NV, NY, OH, OK, OR, PA, SC, SD, TN, TX, VA, WI, WV AND WY.   Distribution was also made to Canada.",66563,"Two or more of the following: Email, Fax, Letter, Press Release, Telephone, Visit","Reser's Tuna Salad Supreme, Formula PT.137 packaged in 2/5-lb carton cases. Reser's Fine Foods, Inc., Beaverton, OR.  UPC 071117141382",97006,,Food,The recalled products are potentially contaminated with Listeria monocytogenes.,F-1204-2014,"Reser's Fine Foods, Inc.",OR,Terminated,Voluntary: Firm initiated,2013-10-22,2014-01-01,2013-12-24,2017-01-24
15570 SW Jenkins Road,Beaverton,Class I,Use by dates 10/16/13 - 11/15/13.,United States,"Distribution was made to AL, AR, AZ, CA, CO, CT, DE, FL, GA, HI, IA, IL, IN, KS, KY, LA, MA, MD, ME, MI, MO, MS, NC, NE, NH, NJ, NM, NV, NY, OH, OK, OR, PA, SC, SD, TN, TX, VA, WI, WV AND WY.   Distribution was also made to Canada.",66563,"Two or more of the following: Email, Fax, Letter, Press Release, Telephone, Visit","Stonemill Tabouli Salad, Formula VE.105 packaged in  2/5-lb (UPC 071117114966) carton cases.  Reser's Fine Foods, Inc., Beaverton, OR.",97006,,Food,The recalled products are potentially contaminated with Listeria monocytogenes.,F-1229-2014,"Reser's Fine Foods, Inc.",OR,Terminated,Voluntary: Firm initiated,2013-10-22,2014-01-01,2013-12-24,2017-01-24
15570 SW Jenkins Road,Beaverton,Class I,Use by dates 10/21/13-12/02/13.,United States,"Distribution was made to AL, AR, AZ, CA, CO, CT, DE, FL, GA, HI, IA, IL, IN, KS, KY, LA, MA, MD, ME, MI, MO, MS, NC, NE, NH, NJ, NM, NV, NY, OH, OK, OR, PA, SC, SD, TN, TX, VA, WI, WV AND WY.   Distribution was also made to Canada.",66563,"Two or more of the following: Email, Fax, Letter, Press Release, Telephone, Visit","Farmstyle Potato Salad, Formula PO.27, packaged in 3/8-lb carton cases. Packaged Exclusively for use by: Yum! Brands Global Restaurants, Louisville, KY.  UPC 885251252626",97006,,Food,The recalled products are potentially contaminated with Listeria monocytogenes.,F-0272-2014,"Reser's Fine Foods, Inc.",OR,Terminated,Voluntary: Firm initiated,2013-10-22,2014-01-01,2013-12-24,2017-01-24
15570 SW Jenkins Road,Beaverton,Class I,Use by dates 10/22/13 - 12/07/13.,United States,"Distribution was made to AL, AR, AZ, CA, CO, CT, DE, FL, GA, HI, IA, IL, IN, KS, KY, LA, MA, MD, ME, MI, MO, MS, NC, NE, NH, NJ, NM, NV, NY, OH, OK, OR, PA, SC, SD, TN, TX, VA, WI, WV AND WY.   Distribution was also made to Canada.",66563,"Two or more of the following: Email, Fax, Letter, Press Release, Telephone, Visit","Reser's Honey Chicken Salad Kit, Formula DR.105B32, packaged in 6/40-oz carton cases. Distributed by Reser's Fine Foods, Beaverton, OR.  UPC 7111711428",97006,,Food,The recalled products are potentially contaminated with Listeria monocytogenes.,F-1180-2014,"Reser's Fine Foods, Inc.",OR,Terminated,Voluntary: Firm initiated,2013-10-22,2014-01-01,2013-12-24,2017-01-24
159 E Main St,Gloucester,Class II,Lot # 55405H,United States,CA  CT  FL  GA  IL  IN  MA  MD  ME  MI  MO  NC  NH  NJ  NM  NY  OH  PA  TX  UT  VA  VT  WA  WI,77473,E-Mail,AMERICAS CHOICE B/D SHRIMP BEER BATTERED POPCORN 12/14 OZ,01930-3844,75 Cases,Food,Product may contain undeclared milk.,F-2543-2017,"National Fish & Seafood, Inc.",MA,Terminated,Voluntary: Firm initiated,2017-06-08,2017-07-19,2017-07-12,2018-05-01
159 E Main St,Gloucester,Class II,Lot # 69004 and 69548,United States,CA  CT  FL  GA  IL  IN  MA  MD  ME  MI  MO  NC  NH  NJ  NM  NY  OH  PA  TX  UT  VA  VT  WA  WI,77473,E-Mail,LIL FISHERMAN PRE COOKED POLLOCK NUGGETS 1 OZ PUFI 1/10 LB,01930-3844,160 cases,Food,Product may contain undeclared milk.,F-2546-2017,"National Fish & Seafood, Inc.",MA,Terminated,Voluntary: Firm initiated,2017-06-08,2017-07-19,2017-07-12,2018-05-01
15900 Sabra Way,Colonial Heights,Class I,UPC/SKU    040822017497 / 301290,United States,The product was distributed nationwide.,70934,"Two or more of the following: Email, Fax, Letter, Press Release, Telephone, Visit","Sabra Classic Hummus, 17oz Six Pack UPC 040822017497 / 301290  Sabra Dipping Co. LLC, White Plains, NY",23834-5935,9312 Cases,Food,Michigan Dept. of Agriculture collected a sample of Sabra Hummus that came up positive for L. Monocytogenes.  Baltimore District is  working with VDACS to investigate.,F-2085-2015,"Sabra Dipping Company, LLC",VA,Terminated,Voluntary: Firm initiated,2015-04-07,2015-05-06,2015-04-28,2015-08-26
15900 Sabra Way,Colonial Heights,Class I,UPC/SKU    040822342049 / 301216,United States,The product was distributed nationwide.,70934,"Two or more of the following: Email, Fax, Letter, Press Release, Telephone, Visit","Sabra Classic Hummus without Garnish 32oz  UPC 040822342049 / 301216   Sabra Dipping Co. LLC, White Plains, NY",23834-5935,357 Cases,Food,Michigan Dept. of Agriculture collected a sample of Sabra Hummus that came up positive for L. Monocytogenes.  Baltimore District is  working with VDACS to investigate.,F-2084-2015,"Sabra Dipping Company, LLC",VA,Terminated,Voluntary: Firm initiated,2015-04-07,2015-05-06,2015-04-28,2015-08-26
15908 NW 48th Ave,Miami,Class I,Lot # 721 and Lot # 728,United States,US,63061,"Two or more of the following: Email, Fax, Letter, Press Release, Telephone, Visit","***Dulce De Leche ""Del Campo""***Ice Cream ""Base"" (Flavor)***FB 23546***Mfg. Date***Keep Refrigerated at 40*f***Lot#***Net Wt 55 LBS***Indalco Food Corp., Miami, FLA (305) 620 1444***    Caramel milk spread is packed in white plastic pails of 55 lbs. under the firm's brand name ""Del Campo"".",33014-6410,23/ 55 lbs. pails,Food,"On June 28, 2011, Indalco Foods, Corp., Miami, FL initiated a voluntary recall of their product caramel milk spread ice cream base (dulce de leche heladero).  Product labeling does not list Milk.",F-2391-2012,Indalco Foods Corp.,FL,Terminated,Voluntary: Firm initiated,2011-06-28,2012-10-03,2012-09-24,2014-08-04
1595 Cedar Line Dr,Rock Hill,Class II,Fill in,United States,All product was shipped to one customer in GA.,88833,Letter,"Carolina Ingredients Smoked Peppered Bacon Seasoning Mfr. By: Carolina Ingredients, LLC Rock Hill, SC 29730",29730-7442,,Food,The firm was notified by their customer of possible lead  in their products. The firm sent samples of the product to a lab,F-0164-2022,Carolina Ingredients,SC,Completed,Voluntary: Firm initiated,2021-10-07,2021-11-24,2021-11-15,
16 Forest Pkwy,Forest Park,Class I,Julian Date 12188 through Julian Date 12206 - Item No. 501200,United States,"AL, GA, NC, SC &  TN.",62685,"Two or more of the following: Email, Fax, Letter, Press Release, Telephone, Visit",Processed Yellow Onions - Yellow Slivered,30297-2015,3425 cases,Food,Product may be contaminated with Listeria monocytogenes.,F-1981-2012,"Freshpoint Atlanta, Inc.",GA,Terminated,Voluntary: Firm initiated,2012-07-25,2012-08-29,2012-08-22,2012-12-14
1600 Kathleen Rd,Lakeland,Class II,Corresponding Customer Lot Codes (visible on cases) 510911R / 511111R / 511211R,United States,"Product was distributed to OH, MI, WI, PA, TX, MN, SC, OK, TN, MI, IL, KY, FL, VA,",97483,"Two or more of the following: Email, Fax, Letter, Press Release, Telephone, Visit","Clean-tail Coconut Farm Raise Breaded Butterfly Shrimp Clean Tail (21/25 CT per pound) in bulk packaging, corrugated master cartons. Master carton case (4 x 3lb), KEEP FROZEN. Product of Indonesia, Item# 1SH0468709H",33805-3435,31 cases,Food,Product may be contaminated with Cesium-137 (Cs-137),H-0553-2025,"TAMPA MAID FOODS, LLC",FL,Terminated,Voluntary: Firm initiated,2025-08-16,2025-09-10,2025-09-02,2026-01-21
1609 4th St,Berkeley,Class III,All lots,United States,worldwide distribution,80591,Letter,"GU Energy Gels:  Caramel Macchiato, Gel;  GUGEL 1 Pkt; item # 123031, UPC 769493200518;  GUGEL 24Pkt Box; item number 123056, UPC 769493200525",94710-1708,"22, 848, 401 (A ll-Domestically)",Food,Firm was notified by L-Leucine supplier that product may contain cyclamates. Testing of the product confirmed this and a recall was initiated.,F-1684-2018,Advanced Food Concepts,CA,Terminated,Voluntary: Firm initiated,2018-07-18,2018-08-08,2018-07-31,2019-11-14
1610 Bathgate Ave,Bronx,Class I,"Item numbers: 1) 9320 with Best before 7/1/2013 to 1/31/14,  2) S320 with Best before 7/1/2013 to 1/31/14, 3) M320 with Best before 7/1/2013 to 1/31/14,   4) L320 with Best before 7/1/2013 to 1/31/14, 5) R320 with Best before 7/1/2013 to 1/31/14",United States,"NY, NJ, FL",65497,Telephone,"1) terrafina Natural Roasted Unsalted Pistachios, Net wt. 10 oz (283g) UPC 847938103201, 2) terrafina Natural California Unsalted Pistachios, Net wt. 13 oz (368g) UPC 847938063208, 3) terrafina Natural California Unsalted Pistachios, Net wt. 18 oz (510g) UPC 847938032051, 4) terrafina Natural California Unsalted Pistachios, Net wt. 20 oz (567 g) UPC 847938073207, 5) terrafina Natural California Unsalted Pistachios, Net wt. 7 oz (198g) UPC 847938003204.",10457-8224,5250 pounds,Food,Potential Salmonella contamination.,F-1792-2013,Terrafina,NY,Terminated,Voluntary: Firm initiated,2013-06-07,2013-09-11,2013-08-30,2017-03-31
1610 Boundary Blvd,Auburn,Class I,Expiration Date: 2/13/2026 Batch 240531-IL1014A-001,United States,Distributed in OR and WA,97886,Other,"Item IL1014A, PIGGY Lotte Crispy Crunch Ice Cream Cone, Strawberry flavor, Keep Frozen, (4/5/160ML), UPC 8801118255045. Product of Korea.  The label of recalled product declared: Ingredients: Cone snack, Strawberry syrup, Biscuit, Chocolate spray, Topping Chocolate, Ice cream mix (Sugar, Mixed milk powder, Processed Butter, Processed oligosaccharide, Mixed formulation, Natural vanilla flavor, synthetic vanilla flavor, water) CONTAIN: Milk.",98001-6578,78 cases distributed,Food,Undeclared peanut.,H-0191-2026,"Seoul Trading, Inc.",WA,Terminated,Voluntary: Firm initiated,2025-01-10,2025-11-19,2025-11-13,2025-11-25
16150 E. Stephens St,City Of Industry,Class I,Lot 5352533:  Date code on bag 8/30/17  Lot 5353827: Date code on bag 8/31/17  Lot 5354506: Date code on bag 8/31/17  Lot 5355694: Date code on bag 9/1/17  Lot 5355670: Date code on bag 9/1/17  Lot 5356902: Date code on bag 9/2/17,United States,"US (Florida, Atlanta, CA)",76502,Letter,Cashew Clusters 32 oz,91745-1718,25632 units,Food,Snak King is recalling cashew clusters because it may be contaminated with Salmonella.,F-1554-2017,Snak King Corporation,CA,Terminated,Voluntary: Firm initiated,2017-02-15,2017-03-08,2017-02-28,2017-04-13
16171 Fruit Ridge Ave,Kent City,Class I,"NOI LOT #163, #164, #165, #166, #167, #168, #169, #159, #160, #173, #174.  These are on all plastic bag enclosures, mesh labels, and case labels for every pack.",United States,Domestic: Michigan    Foreign/VA/DOD: None,78793,Telephone,"Golden delicious whole fresh apples,   Apple Ridge 5lb, 2-3/4  apples, packaged in red net mesh bags  ""	3lb, 2-1/2  apples, packaged in poly bags  ""	2lb, 2-1/2  apples, packaged in poly bags  ""	45ct individual apples on trays with re-useable plastic container boxes  ""	50ct, individual apples on trays with re-useable plastic container boxes  ""	55ct, individual apples on trays with re-useable plastic container boxes  ""	60ct  individual apples on trays with re-useable plastic container boxes  ""	78ct individual apples on trays with re-useable plastic container boxes  ""	50ct, individual apples on trays in cardboard tray  boxes  ""	55ct, individual apples on trays in cardboard tray  boxes",49330-9752,5278 units shipped,Food,Nyblad Orchards Inc. initiated a voluntary recall of multiple varieties of whole fresh apples due to potential contamination with Listeria monocytogenes.,F-0616-2018,Nyblad Orchards,MI,Terminated,Voluntary: Firm initiated,2017-12-14,2018-01-17,2018-01-24,2018-04-06
162 E Foster Pl,Lake Forest,Class II,UPC Code: 7 40235 50011 0 Exp Date-Lot Code 01726-040225 11245-012825 031026-051425 061925-082324 080525-100924 081725-102124 091025-111424 061925-082324 112425-012825,United States,"Product is shipped to wholesalers who further distribute to retail stores. Wholesalers are located in IL, MI, IA, LA, MD, PA, VA, MN, AL, TX, GA, SC, NY, NC, WV,",97043,"Two or more of the following: Email, Fax, Letter, Press Release, Telephone, Visit","Carley s Soft Baked Iced Lemon Cookies, 5.34oz Plastic Tray, clear film overwrap w/ Label, 12 units per case",60045-3046,"5,826 cases",Food,"Product has a misbranded Yellow Color.  Identified on label at  Artificial Yellow Color , and it should be identified as  FD&C Yellow #5",H-0088-2025,Carley's Inc.,IL,Terminated,Voluntary: Firm initiated,2025-06-06,2025-07-02,2025-06-25,2025-07-23
1620 N Indiana St,Los Angeles,Class II,UPC Code: 9556995 121059.  Lot D11M.,United States,US.,68550,FAX,"The Cookies Cottage (Brand) Crispy Taro Cookies (Toasted Vegetarian Yam Biscuits), 180g.    Packaged in 24packets per carton.",90063-2522,82 cartons,Food,"U-Can Food Trading, Inc. initiated a voluntary recall of The Cookies Cottage brand, Crispy Taro Cookies (Toasted Vegetarian Yam Biscuits) due to undeclared FD&C Blue #1, Yellow #5, and Carmoisine, a dye not permitted for use.",F-2083-2014,U-Can Food Trading Inc,CA,Terminated,Voluntary: Firm initiated,2014-06-05,2014-07-16,2014-07-07,2015-01-06
1620 W Crosby Rd,Carrollton,Class I,"IFF Code 13580894, Batch 0004702577, and Production Date 04/23/2012.",United States,Domestically Nationwide and to Canada.,61912,Telephone,"Nat Flv Beef FF, IFF Code 13580894, Net Weight 50 lb, Batch 0004702577, Production Date 04/23/2012, For Manufacturing Use Only.",75006-6664,"1,338.12 kg (59 x 22.68 kg)",Food,Product has the potential to be contaminated with Salmonella.,F-1235-2013,"International Flavors & Fragrances, Inc",TX,Terminated,Voluntary: Firm initiated,2012-05-17,2013-03-27,2013-03-19,2013-07-02
16231 Elza Dr.,Hacienda Heights,Class III,Lot # A0830  UPC 0 65176 30325 6,United States,"CA, MD, and NY",65733,Letter,"MAX Brand RESVERATROL, 120 Count Capsules.    Product labeling reads in part:""MAX RESVERATROL***Dietary Supplement 120 CAPSULES***Manufactured in FDA Approved Facility for:HealthMax Products Inc. Altadena, CA 91001***0 65176 30325 6"".",91745,"2,659 bottles",Food,"In response to a FDA inspection, the firm initiated this voluntary recall of various dietary supplements due to the following problems of mislabeling: 1) product named on the label is not actual product contained; 2)ingredients listed are not actual ingredients contained.",F-1938-2013,Healthmaxx Global Inc.,CA,Terminated,Voluntary: Firm initiated,2013-06-10,2013-10-02,2013-09-24,2014-11-14
16231 Elza Dr.,Hacienda Heights,Class III,Lot # D0915,United States,"CA, MD, and NY",65733,Letter,"Dietary Supplements under the same formulation, Labeled and Packaged in the Following:    MAX Brand Proste-Support, 150 Count Tablets.  Product labeling reads in part:""Manufactured for: HealthMax Products Inc. Altadena, CA 91001***"".",91745,"7,074 bottles",Food,"In response to a FDA inspection, the firm initiated this voluntary recall of various dietary supplements due to the following problems of mislabeling: 1) product named on the label is not actual product contained; 2)ingredients listed are not actual ingredients contained.",F-1916-2013,Healthmaxx Global Inc.,CA,Terminated,Voluntary: Firm initiated,2013-06-10,2013-10-02,2013-09-24,2014-11-14
1626 Oak St,La Crosse,Class I,"Sell By dates:  3/25/18, 3/26/18, 3/27/18, 3/28/18, 3/29/18",United States,"IA, MN, WI",79632,"Two or more of the following: Email, Fax, Letter, Press Release, Telephone, Visit","Kitchen's Cravings Egg Salad Sandwich on Oat Multigrain Bread.  Net Wt. 5.5 oz. (156g),  Black bottom clear top plastic clamshell container, UPC 39779-00079   Keep Refrigerated.",54603-2308,"4,957 units",Food,Kwik Trip is recalling Kitchen's Cravings Premium Egg Salad Sandwich on Oat Multigrain Bread because it may contain undeclared fish and shellfish.,F-1110-2018,"Kwik Trip, Inc.",WI,Terminated,Voluntary: Firm initiated,2018-03-23,2018-04-25,2018-04-19,2018-08-07
16285 Sw 85th Ave Ste 101,Tigard,Class II,"BEST BY 04 15 through 10 15.  This represents April - October, 2015.",United States,"Product was distributed in Alaska, Idaho, Oregon, and Washington",70984,Telephone,BRIDGE CITY Baking gluten free Marionberry Crumble Pie.  This product is frozen ready to bake.  Net Wt 24oz    UPC 0 91037 54454 4,97224-5421,88 cases (8 units per case),Food,Bridge City Baking is recalling three frozen ready to bake pies due to undeclared milk.  Butter is declared without the sub-ingredient milk.,F-2310-2015,Bridge City Baking LLC,OR,Terminated,Voluntary: Firm initiated,2015-04-10,2015-05-27,2015-05-19,2015-12-29
164 Milbar Blvd,Farmingdale,Class III,"all lot numbers, all expiration dates",United States,"*Domestic* - FL, NY, PA, *International*- China",69241,"Two or more of the following: Email, Fax, Letter, Press Release, Telephone, Visit",Eagle Lecithin soft gels,11735-1425,"1,008 bottles",Food,Triceutical Inc. has recalled all dietary supplements due to lack of good manufacturing practices.,F-0106-2017,Triceutical Inc./Zhang,NY,Terminated,Voluntary: Firm initiated,2014-10-10,2016-10-26,2016-10-14,2018-06-04
164 Milbar Blvd,Farmingdale,Class III,"all lot numbers, all expiration dates",United States,"*Domestic* - FL, NY, PA, *International*- China",69241,"Two or more of the following: Email, Fax, Letter, Press Release, Telephone, Visit",Maca,11735-1425,"3,000 bottles",Food,Triceutical Inc. has recalled all dietary supplements due to lack of good manufacturing practices.,F-0104-2017,Triceutical Inc./Zhang,NY,Terminated,Voluntary: Firm initiated,2014-10-10,2016-10-26,2016-10-14,2018-06-04
16400 Ventura Blvd,Encino,Class II,"Lot code(s)   25158, 25171, 25177, 25191, 25199 Expiration date(s) - 08/01/2025, 08/14/2025, 08/21/2025, 09/03/2025, 09/11/2025",United States,Product is own label brand only distributed in firm's retail grocery stores in Southern California.,97353,Other,Gelson's Hummus; Red Bell Pepper Old World Family Recipe California-Made No Added Oils NET WT 8OZ (226g) UPC: 23631-10262,91436-2137,"7,861 units across all 4 products",Food,"Gelson branded Hummus product labels do not include storage instructions ""keep refrigerated""",H-0526-2025,Gelsons,CA,Terminated,Voluntary: Firm initiated,2025-07-25,2025-09-03,2025-08-22,2025-09-30
1650 Corporate Cir,Petaluma,Class II,"Item number 000807; US distribution  Lot codes: 30-A265, 30-B025;    Item number 00807F- Canadian distribution;  Lot code  30-B-025.",United States,"Nationwide and to Canada, Japan, Philippines and United Kingdom.",70806,Press Release,"Amy's Gluten Free Tofu Scramble Breakfast Wraps, 5.5 oz 156 g) 12 boxes per case.  UPC: 0-42272-00807-0, US distribution only;  UPC : 0-42272-90807-3 - Canadian distribution    Amy Kitchen, Petaluma, CA",94954,"102 cases (12 boxes per case) US, 276 International",Food,Notified by supplier of spinach that product showing the presence of Listeria Monocytogenes was erroneously shipped and used in further manufacturing of products.,F-2359-2015,Amys Kitchen Inc,CA,Terminated,Voluntary: Firm initiated,2015-03-22,2015-06-10,2015-06-02,2015-08-05
1650 Corporate Cir,Petaluma,Class II,Item number 000856  Lot codes: 30-B095;    Item Number 000814F - Canadian distribution:  Lot Code: 30-B045.,United States,"Nationwide and to Canada, Japan, Philippines and United Kingdom.",70806,Press Release,"Amy's Gluten Free Vegetable Lasagna, 4.7 oz. 6 boxes per case.      Amy Kitchen, Petaluma, CA",94954,2093 cases - UK only,Food,Notified by supplier of spinach that product showing the presence of Listeria Monocytogenes was erroneously shipped and used in further manufacturing of products.,F-2363-2015,Amys Kitchen Inc,CA,Terminated,Voluntary: Firm initiated,2015-03-22,2015-06-10,2015-06-02,2015-08-05
1650 W El Segundo Blvd,Gardena,Class I,BEST BEFORE JAN.15.2019 to BEST BEFORE NOV.21.2019,United States,"U.S. distribution to the following: CA, WA, UT, IL, TX, NJ, GA, NV, CO, HI, OR, AZ    Foreign distribution to the following: Canada",81944,Letter,"Ottogi Ppushu Ppushu BBQ Flavor  3.17oz x 40ea  Item #21503007  Manufactured by: Ottogi Ramyon Co. Ltd.  Distributed by: Ottogi America, Inc. 1650 W. El Segundo Bl. Gardena, CA 90249",90249-2010,"1,594,338 units",Food,Undeclared allergen; egg.,F-1068-2019,Ottogi America Inc,CA,Terminated,Voluntary: Firm initiated,2019-01-15,2019-03-06,2019-02-22,2019-04-26
16690 Swingley Ridge Rd,Chesterfield,Class I,Use by 1/5/20 and earlier,United States,Distributed to consumers at Dierbergs Market retail grocery stores.,84569,Press Release,"Dierbergs Kitchen Remoulade packaged in 12 OZ containers, UPC 2393330149 and 24616200000",63017-0758,31.5 lbs,Food,The firm received a recall notice for hardboiled eggs that were potentially contaminated with Listeria monocytogenes. The eggs were subsequently used to manufacture various salad and deli products.,F-0585-2020,"Dierbergs Markets, Inc Corporate Office",MO,Terminated,Voluntary: Firm initiated,2019-12-24,2020-01-22,2020-01-31,2020-02-11
16690 Swingley Ridge Rd,Chesterfield,Class I,7/2/17 and earlier.,United States,Product was distributed to the firm's retail grocery stores in eastern Missouri and western Missouri.,77665,Press Release,"Dierbergs Kitchen, Grilled Chicken Caesar Wrap, NET WT. 10 oz, UPC 0 233983 804994",63017-0758,149 shelf packages,Food,Undeclared anchovy in wraps.,F-2949-2017,"Dierbergs Markets, Inc Corporate Office",MO,Terminated,Voluntary: Firm initiated,2017-06-28,2017-08-02,2017-07-27,2017-08-09
16690 Swingley Ridge Rd,Chesterfield,Class I,7/2/17 and earlier.,United States,Product was distributed to the firm's retail grocery stores in eastern Missouri and western Missouri.,77665,Press Release,"Dierbergs Kitchen, Santa Fe Grilled Chicken Wrap, NET WT. 11 oz, UPC 0 231789 804996",63017-0758,101 shelf packages,Food,Undeclared milk in wraps.,F-2951-2017,"Dierbergs Markets, Inc Corporate Office",MO,Terminated,Voluntary: Firm initiated,2017-06-28,2017-08-02,2017-07-27,2017-08-09
17 Republic Ave,Shelby,Class I,Lot Nos. 27589,United States,"Kentucky, New York, Ohio, Pennsylvania, West Virginia, Virginia, North Carolina, Illinois, Michigan",95043,E-Mail,"Freshire Farms - Green Peppers packaged in plastic bags containing 3 peppers, 16 bags per case",44875-2142,850 cases,Food,Potential contamination with Listeria monocyotgenes,F-1709-2024,RS Hanline and Company Inc,OH,Terminated,Voluntary: Firm initiated,2024-07-19,2024-08-21,2024-08-13,2024-08-27
1700 E Stroop Rd,Dayton,Class II,"Lot: 159, 186 Expiration Date: 12/07/23, 01/03/24 Product No. 4226, 4227",United States,"Distributed to: CO, FL, IN, IL, KY, MI, OH, PA, WV",92726,"Two or more of the following: Email, Fax, Letter, Press Release, Telephone, Visit","San Marco Premium Dough on Parchment: packaged as 8in, 14in",45429-5040,24575 cases total,Food,Undeclared Allergen - Soy Flour,F-1354-2023,Cassanos Inc,OH,Terminated,Voluntary: Firm initiated,2023-07-18,2023-08-09,2023-08-02,2023-09-27
1703 E Voorhees St,Danville,Class II,Best Before of Aug-02-24 and any earlier date,United States,"This product was distributed and sold nationally in all states, Puerto Rico, Guam, and Saipan, as well as outside of the United States.",93631,"Two or more of the following: Email, Fax, Letter, Press Release, Telephone, Visit",Quaker Chewy Bars Less Sugar Peanut Butter Chocolate Chip 8ct 6.7 oz. Bars are individually wrapped in plastic and then packaged in paperboard boxes.,61834-6256,"22,512,942 total cases for all products",Food,potential Salmonella,F-0950-2024,The Quaker Oats Co.,IL,Terminated,Voluntary: Firm initiated,2023-12-15,2024-03-06,2024-02-27,2024-11-20
1703 N Randall Rd,Elgin,Class I,BEST BY 23/MAR/2027 GY,United States,nationwide,98919,"Two or more of the following: Email, Fax, Letter, Press Release, Telephone, Visit","Good & Gather Mexican Street Corn Trail Mix 8 oz bag UPC 085239270240, 8 bags per case",60123-7820,272 cases,Food,potential presence of Salmonella,H-0835-2026,JOHN B SANFILIPPO & SONS INC,IL,Ongoing,Voluntary: Firm initiated,2026-05-05,2026-05-27,2026-05-21,
17070 Sonoma Highway,Sonoma,Class II,UPC: 748732000249,United States,"U.S. Distribution: CA, NV",98152,Letter,"Mushroom, Spinach & Salsa Tamales with 2 Cheeses  Ingredients: Organic Corn Flour Masa, Mushrooms, Spinach, Onions, Jalapenos, Jack and White Cheddar Cheese (pasteurized milk, cheese cultures, salt and enzymes), Butter, Salt, Spices, Baking Powder (Sodium Acid Pyrophosphate, Sodium Bicarbonate, Corn Starch and Monocalcium Phosphate).  Microwave: In husk approx. 90 seconds per tamale. Steam: In husk approx. 15 minutes.  Primavera 17070 Sonoma Hwy. Sonoma, CA 95476 (707) 939-9350 Perishable Keep Refrigerated Net Wt. 24oz.  UPC: 748732000249",95476,"25,889 packages (4 tamales/package)",Food,Potential contamination with biological hazards (Listeria monocytogenes).,H-0424-2026,"Prima Vera Nueva, Inc.",CA,Terminated,Voluntary: Firm initiated,2025-12-12,2026-02-04,2026-01-28,2026-06-24
1714  N 44th St,Seattle,Class I,Product is not coded.,United States,Product was distributed in Washington state.,70153,E-Mail,"Arroz con Leche Frozen Pops, 4.0 fl oz. frozen pop is individually packaged in a sealed plastic bag; 24 pops/case.  Product is labeled in part,  ""***rice, cinnamon, vanilla, cream, milk, skim milk powder, non-gmo cane sugar, less than 0.4% stabilizer (carob bean gum, guar gum, soy lecithin, carrageenan)***Seattle Pops PO Box 31285 Seattle, WA 98103***"".    No UPC code.",98103,23 pops,Food,"Ice Cream Bars/Pops are recalled due to the potential to be contaminated with Listeria monocytogenes.  These products contain an ice cream based ingredient that was manufactured and recalled by Snoqualmie Gourmet Ice Cream, Inc.",F-1888-2015,Seattle Pops,WA,Terminated,Voluntary: Firm initiated,2014-12-23,2015-04-15,2015-04-06,2015-04-14
1750 Signal Point Rd Ste 2a,Charleston,Class II,"1612019, 1622019, 1632019, 1752019, 1772019, 1782019, 1802019, 1822019, 1892019, 1912019, 1962019, 1972019, 1982019, 2042019, 2052019, 2062019, 2082019, 2112019, 2132019, 2142019, 2192019, 2212019, 2252019, 2272019, 2282019, 2312019, 2332019, 2412019, 2542019, 2552019, 2572019, 2632019, 2682019, 2692019, 2712019, 2742019, 2752019, 2762019, 2772019, 2782019, 2822019, 2882019, 2912019, 2922019, 2952019, 2962019, 2972019, 3042019, 3062019, 3082019, 3102019, 3122019, 3172019, 3192019, 3212019, 3252019, 3282019, 3302019, 3362019, 3372019, 3382019, 3452019.",United States,"Product was shipped to the following states: AL, AR, AZ, CA, CO, CT, DC, DE, FL GA, HI, IA, ID, IL, IN, KS, KY, LA, MA, MD, MI, MN, MO, MS, NC, NH, NJ, NM, NY, OH, OK, OR, PA, SC, TN, TX, UT, VA, WA, WI & WY.",84523,Letter,"GREY GHOST BAKERY scratch-made cookies LEMON SUGAR NET WT 1.4 OZ (40 G), UPC 8 53152 00308 1 , 4 OZ (113 G) UPC 8 53152 00332 6 & 8 OZ (225 G) UPC 8 53152 00307 4 GREY GHOST BAKERY 1750 SIGNAL POINT RD, STE 2A CHARLESTON, SC 29412",29412-8056,"Bulk cookies: 70 lbs, 8 oz boxes: 2899 units; 4 oz canisters: 1717 units; 1.4 oz packs: 2101 units",Food,The product contains undeclared sulfites.,F-0559-2020,TFI Holding dba Grey Ghost Bakery,SC,Ongoing,Voluntary: Firm initiated,2019-12-17,2020-01-15,2020-01-24,
17501 Sw 99th Rd,Palmetto Bay,Class II,"Stamped with Manufacturing Date (Jul, 19, 2018 thru Aug, 30, 2018)",United States,Domestic consignees only. No government/foreign consignees.,81030,"Two or more of the following: Email, Fax, Letter, Press Release, Telephone, Visit","Guava Pastry. The product is packed in a cardboard box.  The firm marks the Guava Pastry option printed on the box.   Labeling for the cardboard box  reads in part: WHOLESALE FROZEN BAKERY PRODUCTS, TRACY BAKERY, GUAVA PASTRY, HANDLING INSTRUCTIONS, PREPARATION & BAKING, INGREDIENTS.",33157-5313,975 cases,Food,"Finished product labeling did not declare wheat and color additives (Yellow #6, Red #3, and Red #40).",F-0007-2019,"Baker's Service of South Florida, Inc.",FL,Terminated,Voluntary: Firm initiated,2018-09-19,2018-10-10,2018-10-03,2020-01-10
1757 Tullie Cir Ne,Atlanta,Class II,"Reference no. 10048, 10943 and 10947",United States,"AL, AR, AZ, CA, CO, FL, GA, IL, IN, KS, LA, MN, MO, MS, NC, NE, NY, PA, OH, OK, OR, SC, TX, VA, TN UT, and WA.",70581,"Two or more of the following: Email, Fax, Letter, Press Release, Telephone, Visit","Epi breads, 12"" French Sub-roll, 36 count per case, Epi breads, 12"" Unsliced French Hoagie, 45 count per case, and 7.75"" French Hoagie, 48 count per case per case, Lavoi Corporation, EPI Breads, 4710 West Ledbetter, Dallas, TX 75236",30329-2305,,Food,Undeclared allergen: Bread products were manufactured using raw material (wheat gluten) that was recalled due to undeclared peanut and/or tree nut residue.,F-2745-2015,Lavoi Corporation d/b/a/ Epi De France,GA,Terminated,Voluntary: Firm initiated,2015-02-24,2015-07-01,2015-06-22,2017-07-06
18 Bunker Hill Industrial Park,Boston,Class I,"Use By: 7/19/12,  7/20/12, 7/21/12, 7/22/12, 7/24/12, 7/25/12",United States,"MA, ME, RI, NH, CT, VTM, NY AND Nj",62758,E-Mail,"Small Soup Vegetable Mix:-(Item #CC4)  Spanish Onions {1/4"" dice), Carrots, Celery  Medium Soup Mix Vegetables (Item #CC5)  Spanish Onions (1/2"" dice), Carrots. Celery  5 lb poly bags  Packed by: Fresh Ideas Co., 18 Bunker Hill Industrial Park, Boston, MA 02129  Item # 00254",02129-1621,35 cases,Food,Products contain recalled Gill's Onions due to Listeria monocytogenes,F-2069-2012,Fresh Ideas Inc.,MA,Terminated,Voluntary: Firm initiated,2012-07-26,2012-09-05,2012-08-27,2013-03-07
18 Food Mart Rd,Boston,Class III,23502,United States,"FL, MA, IL, IN, AL, SC, NC, RI, PA, MD, NY, NH, NV, WI",77570,"Two or more of the following: Email, Fax, Letter, Press Release, Telephone, Visit",Channel Brand - Raw Breaded Bay Scallops - Net wt/ 10lb. (4.54 KG),02118-2802,"1,055,006 pounds (total distributed for all product)",Food,Products recalled due to undeclared allergen -milk,F-2924-2017,Channel Fish Processing Co. Inc,MA,Terminated,Voluntary: Firm initiated,2017-06-13,2017-08-02,2017-07-25,2017-09-12
180 Motor Pkwy,Hauppauge,Class II,"Code 2523: Lot 1112H6-G16 (16 fl. oz), Code 2522: Lot 1112H6-G32 (32 fl. oz.)",United States,Nationwide and Kenya,68597,Letter,"Country Life TARGET MINS CALCIUM MAGNESIUM With Vitamin D3 Complex, WILD BLUEBERRY FLAVOR, LIQUID Dietary Supplement, 16 FL. OZ. (1 PINT) (472 mL), Product No. 2523, Bar Code 015794025238, and 32 FL. OZ. (1 QT) (944 mL), Product No. 2522, Bar code 015794025221 --- Manufactured for Country Life, LLC 180 Vanderbilt Motor Parkway, Hauppauge, NY 11788",11788-5107,"Lot 1112H6-G16: 2,902 bottles; Lot 1112H6-G32: 4,932 bottles",Food,The affected lots do not meet quality standards due to insoluble particulates.,F-2196-2014,Country Life,NY,Terminated,Voluntary: Firm initiated,2014-06-19,2014-07-30,2014-07-21,2017-05-03
180 State St,Brockport,Class II,Daycode: K10635  UPC: 009933600210  Best By 03/23,United States,FL,87583,E-Mail,"El Sembrador Peas and Carrots, poly bags, 12/16 oz",14420-2051,104 cases,Food,Product may contain a foreign object (blue plastic).,F-0438-2021,Bonduelle USA Inc.,NY,Terminated,Voluntary: Firm initiated,2021-03-16,2021-04-21,2021-04-20,2022-05-23
1800 Artic Ave,Bohemia,Class I,"Best By Dates: Friday 0422, Saturday 0423, Sunday 0424",United States,New York State,73965,"Two or more of the following: Email, Fax, Letter, Press Release, Telephone, Visit","7-ELEVEN FRESH TO GO CHOCOLATE CHUNK COOKIE, NET WT. 4 OZ., UPC 052548558741; Manhattan UPC: 052548570668 --",11716-2443,4486 units,Food,The finished cookie product may contain undeclared peanuts.,F-0371-2017,Glenn Wayne Wholseale Bakery Inc.,NY,Terminated,Voluntary: Firm initiated,2016-04-26,2016-11-09,2016-10-28,2016-11-15
1800 Northwestern Dr,El Paso,Class II,"Best Used By: 3/21/2024, 3/23/2024, 3/24/2024, 3/26/2024, 3/27/2024, 4/4/2024, 4/5/2024, 4/6/2024, 4/7/2024, 4/11/2024, 4/12/2024, 4/13/2024, 6/12/2024",United States,nationwide,92844,E-Mail,"Power Snacks Honey Roasted Sunflower Kernels, Net Wt 1 oz; UPC 076500722025",79912-1122,"88,084 total",Food,Potential to contain undeclared soy and/or wheat allergen due to mislabeling.,F-1517-2023,Mount Franklin Foods LLC DBA Azar Nut Co.,TX,Terminated,Voluntary: Firm initiated,2023-08-16,2023-09-27,2023-09-15,2025-02-10
1807 W Slaughter Ln Ste 495,Austin,Class II,"Use by dates: 1/6/2015, 1/12/2015, 1/20/2015, 1/27/2015, 2/8/2015",United States,nationwide,70182,Letter,Hummus; All-natural ZILKS HATCH GREEN CHILI  HUMMUS GLUTEN FREE & NON-GMO NET WT. 8 OZ,78748-6230,3176 cups,Food,Potential undeclared peanuts in cumin ingredient.,F-0972-2015,Zilks Foods,TX,Terminated,Voluntary: Firm initiated,2015-01-01,2015-02-11,2015-02-05,2015-07-24
18100 Andover Park W,Tukwila,Class II,Lot code KX2064 and KX2065; Best by 3/4/24 and 3/5/24,United States,nationwide,89789,Letter,"Item # 721-1000, Krusteaz Belgian Waffle Mix.  Product is shelf stable and packaged in a box. net wt. 28 oz., UPC 0 41449 00186 9.",98188-4703,450 cases,Food,foreign materials,F-0988-2022,Continental Mills (Corporate Office),WA,Terminated,Voluntary: Firm initiated,2022-03-10,2022-04-20,2022-04-08,2023-05-15
1812 N Moore St,Arlington,Class II,"BATCH CODE(S): 9190, 9230, 9236, 9237, 9270, 9273    Batch Code date Breakdown: YDDD Y-Year (2019)  JJJ: Julian date (189)",United States,All consignees are in the US,84172,"Two or more of the following: Email, Fax, Letter, Press Release, Telephone, Visit","Nestle Toll House Peanut Butter Chocolate Chip Bar (16oz), UPC 050000622634",22209-1815,"1,322,591 cases (total all products)",Food,Potential presence of food-grade rubber pieces.,F-0487-2020,Gerber Products Company dba Nestle Infant Nutrition,VA,Terminated,Voluntary: Firm initiated,2019-10-30,2020-01-15,2020-01-09,2020-06-18
1812 N Moore St,Arlington,Class II,"BATCH CODE(S): 9196, 9214, 9226, 9235, 9253    Batch Code date Breakdown: YDDD Y-Year (2019)  JJJ: Julian date (189)",United States,All consignees are in the US,84172,"Two or more of the following: Email, Fax, Letter, Press Release, Telephone, Visit","Nestle Toll House Oatmeal Raisin Cookie Bar (16.5oz), UPC 050000062195",22209-1815,"1,322,591 cases (total all products)",Food,Potential presence of food-grade rubber pieces.,F-0489-2020,Gerber Products Company dba Nestle Infant Nutrition,VA,Terminated,Voluntary: Firm initiated,2019-10-30,2020-01-15,2020-01-09,2020-06-18
1815 W 213th St Ste 235,Torrance,Class II,"Batch 1. 09/09/22, 2. 01/23/23, and 3. 5/8/23",United States,"U.S. distribution to the following: CA, NJ, IL, TX, HI  No foreign distribution.",93859,"Two or more of the following: Email, Fax, Letter, Press Release, Telephone, Visit","Ito-Shoten Seasoned Mushroom 200g/7.06 oz. Product of Japan Distributed by Mitsuwa Corporation Torrance, CA 90501",90501-2825,450 cases,Food,Foreign manufacturer of recalled product listed on IA #99-37 due to having no filed scheduled process.,F-0854-2024,Mitsuwa Corporation,CA,Terminated,Voluntary: Firm initiated,2023-12-13,2024-02-14,2024-02-05,2024-03-26
1815 Williams St,San Leandro,Class II,Code number OYS0300,United States,Restaurants in Northern Ca only.,62303,Letter,"Oyster Frozen Half Shell;  144 Pc/CS  Processed by:  Dai One Food Co., LTD  #150 Jun-RI, Sanyang-UP  Tongyeong-City  Kyungsangnam-DO.    to:  Khee Trading, Vernon, CA 90058.",94577-2301,not provided,Food,"The product has been prepared, packed, or held under insanitary conditions whereby it may have become contaminated with filth, or whereby it may have been rendered injurious to health.",F-1437-2012,True World Foods San Francisco LLC.,CA,Terminated,Voluntary: Firm initiated,2012-06-13,2012-06-27,2012-06-15,2012-07-13
1820 North Macarthur Drive,Tracy,Class I,Packed on: 9/5/2014  Packed on: 9/6/2014,United States,"California, Arizona, Nevada, Washington",69252,"Two or more of the following: Email, Fax, Letter, Press Release, Telephone, Visit","CST Roma Tomatoes Whole Roma 1/25#  Origin: USA  Keep Refrigerated   UPC: 40000356942  Taylor Farms, Pacific, Tracy, CA 95376",95376-2831,45 / 25 Lb. Boxes,Food,"Firm was notified by supplier that specific lots of ""expo fresh"" Roma tomatoes may be contaminated with Salmonella.",F-0020-2015,Taylor Farms Pacific Inc. (MacArthur Facility),CA,Terminated,Voluntary: Firm initiated,2014-09-12,2014-10-22,2014-10-10,2014-10-15
1828 Clover Rd,Mishawaka,Class II,"Triple Chocolate Mudslide Cookie, 120 1 oz. cookies, frozen, sold between Jan 1, 2017 and September 28, 2017.",United States,"Domestic Only: MI, IN, IL, OH, NJ, WA, CA, SC, KY, LA, CO, MA, TX, FL, NY, NC, MN, MO,",78300,Press Release,"Triple Chocolate Mudslide Cookie, 120 1 oz. cookies, frozen",46545-7247,"15,834 cookies",Food,"Midway Specialty Vehicles, LLC dba Aunt Beths Cookies, is voluntarily recalling multiple varieties of cookies sold between January 1, 2017 and September 28, 2017, because they may contain traces of undeclared peanut or tree-nut allergens.",F-0143-2018,Midway Specialty Vehicles LLC,IN,Terminated,Voluntary: Firm initiated,2017-10-16,2017-11-08,2017-11-09,2018-02-27
183 Elm St Ste 13,Milford,Class II,UPC (5 oz.): 609465693477 UPC (10 0z.): 642147152459 All codes recalled,United States,NY and New England,96758,Telephone,New England Village Snacks The 19th Hole Snack Mix (5 oz. and 10 oz.),03055-4737,"18,000 units",Food,Contains undeclared almonds & undeclared sesame,F-0801-2025,"Better Business...Better Foods, Inc.",NH,Ongoing,Voluntary: Firm initiated,2025-04-23,2025-05-21,2025-05-14,
184 Suburban Rd,San Luis Obispo,Class I,Lot Number: 20220C  Best By Date: Aug-22,United States,nationwide and on line sales,86594,Letter,The Spice Hunter  Pumpkin Pie Spice   1.8 oz.    Jar UPC 8105701850  Case UPC 40081057018505,93401-7502,"45,498 Bottles Total",Food,Potential Salmonella contamination.,F-0044-2021,Sauer Brands Inc - SLO,CA,Terminated,Voluntary: Firm initiated,2020-10-09,2020-10-28,2020-10-22,2021-02-18
185 S 104th St,Louisville,Class II,Lot numbers are 24183C and 24183A   UPC: 65708202951 3,United States,"Recalled product was shipped to 7 retail stores and 3 distribution centers in the following states. IL, MI, TX,OH,NJ,FL, and AZ.",95029,E-Mail,"Izzio Everything Roll packaged in 12oz plastic bag, 6 rolls per bag - 16 bags per case.",80027-9736,450 cases,Food,Potential foreign material - plastic,F-1643-2024,"Izzio Artisan Bakery, LLC",CO,Ongoing,Voluntary: Firm initiated,2024-07-20,2024-08-14,2024-08-05,
1860 Evergreen St,Duarte,Class II,,United States,CA,75169,Letter,"Federico's Mexican Cookies Excelente Variedad, Net Wt. 21oz, 10packs/case, UPC 9154450521.",91010-2906,"9,520 units",Food,Federico's Bakery is recalling Mexican Cookies because it contains undeclared milk as the sub ingredient for butter.,F-2617-2016,Federico's Bakery,CA,Terminated,Voluntary: Firm initiated,2016-09-12,2016-10-05,2016-09-27,2017-01-27
19 Susquehanna Ave,Lewistown,Class II,Lot #'s: 000337412; 000335555;,United States,AL; AR; CA	; CO; CT; DC; DE; FL; GA; IL; IN; KY; LA ; MA ; MD ME; MI; MN; MO; MT; NC; ND; NH; NJ; NM; NY; OH; OK; OR; PA ; RI ; SC; SD; TN; TX; VA; VT; WA; WI; WV; WY,75098,"Two or more of the following: Email, Fax, Letter, Press Release, Telephone, Visit",Asher's Chocolate Co. Milk Chocolate (09661) Peanut Butter Caramel Cup 2.25 oz.; 24 piece box.;,17044-2332,65 units,Food,Product has the potential to be contaminated with Salmonella.,F-2042-2017,"Ashers Chocolates/Lewistown, Inc.",PA,Terminated,Voluntary: Firm initiated,2016-09-02,2017-04-26,2017-04-19,2017-08-17
1900 Averill Rd,Geneva,Class I,"Product Code: 926.0357u Lot: H232292, H250103, H216039, H273051, H230038, H313064",United States,"IL, WI, NJ, TX, Canada (Ontario)",75900,"Two or more of the following: Email, Fax, Letter, Press Release, Telephone, Visit","Vanilla Type Flavor, Nat & Art, NET WEIGHT: 22.68 KGS, FONA International, Inc., 1900 Averill road, Geneva, IL 60134",60134-1601,"1,200 LBS",Food,Possible contamination of product with Salmonella.,F-1185-2017,FONA Int'l,IL,Terminated,Voluntary: Firm initiated,2016-12-07,2017-01-18,2017-01-09,2019-07-26
19039 62nd Ave S,Kent,Class II,Exp dates: 9/10/24 and 9/11/24,United States,distributed in WA,95379,"Two or more of the following: Email, Fax, Letter, Press Release, Telephone, Visit","Item FLD1040A, Wild Leeks, distributed in plastic clamshell containers. Net wt. 0.315lb.  The H-Mart label declares: Wild Leeks, Sugar, Soy Sauce.",98032,Total 3.15lb.,Food,Soy Sauce is declare but Wheat and Fish (Anchovy) are not declared.,F-0049-2025,Lemonland Food Corp,WA,Terminated,Voluntary: Firm initiated,2024-09-11,2024-10-23,2024-10-16,2024-11-26
19039 62nd Ave S,Kent,Class II,"Feb. 16, 2023 to Feb. 23, 2023.",United States,Distributed in Washington,91798,E-Mail,"Seasoned Dried Pollack distributed in un-labeled plastic containers 6oz., 8 oz., and 12 oz.  Containers were then labeled at H-mart, G-mart, or M2M retail store.",98032,6oz. containers = 3.8 lb; 8oz containers = 3.53 lb.; 12oz containers = 14.48lbs,Food,"Seasoned Dried Pollack was recalled due to undeclared Fish (Pollack), Wheat, Soybean.",F-0675-2023,Lemonland Food Corp,WA,Terminated,Voluntary: Firm initiated,2023-02-23,2023-04-05,2023-03-24,2023-03-29
19039 62nd Ave S,Kent,Class II,"Feb. 16, 2023 to Feb. 23, 2023.",United States,Distributed in Washington,91798,E-Mail,"Seasoned Pickled Radish distributed in un-labeled plastic containers 6oz, 8oz, 12oz, and 16oz.  Containers were then labeled at H-mart, G-mart, or M2M retail store.",98032,6oz containers = 5.08 lb; 8oz containers = 7 lb; 12oz containers = 9.95 lb; 16oz containers = 27.78 lb.,Food,"Seasoned Pickled Radish was recalled due to undeclared wheat, sesame, and Y5.",F-0653-2023,Lemonland Food Corp,WA,Terminated,Voluntary: Firm initiated,2023-02-23,2023-04-05,2023-03-24,2023-03-29
19039 62nd Ave S,Kent,Class II,"Feb. 16, 2023 to Feb. 23, 2023.",United States,Distributed in Washington,91798,E-Mail,"Stir-Fried Kimchi distributed in un-labeled plastic containers 12oz.  Containers were then labeled at H-mart, G-mart, or M2M retail store.",98032,12oz. containers = 39.17 lb.,Food,"Stir-Fried Kimchi was recalled due to undeclared Fish (Anchovy), Shrimp, Wheat, and Sesame Oil.",F-0665-2023,Lemonland Food Corp,WA,Terminated,Voluntary: Firm initiated,2023-02-23,2023-04-05,2023-03-24,2023-03-29
1904 N Lecompte Rd bldg #15,Springfield,Class II,"Lot # SP1327D2,   Exp. 11/23/2013; Lot # SP 1349B2,  Exp.  12/15/2013 and Lot # SP 2072B2,  Exp.  03/12/2014",United States,"The product has been distributed in CA, NC and WI.",62292,E-Mail,"iForce Nutrition Xtreme Series, PROTEAN, Lean Protein,  Strawberry Creamsicle, Dietary Supplement, 4 lbs.  Mfg. for Dist by, Tribravus Enterprises, LLC, Vista, CA 92081",65802,"1,616/ 4 lb-bottles",Food,The product contains undeclared wheat.,F-1654-2012,"PGP International, Inc.",MO,Terminated,Voluntary: Firm initiated,2012-06-11,2012-07-04,2012-06-25,2012-12-19
1907 Gateway Blvd,Charlotte,Class I,EXP 03/07/21,United States,"Product was shipped to the following states: GA, NC, SC & WV.",87464,Telephone,"MG Foods TURKEY & PROVOLONE BLT ON A BUTTERY CROISSANT, Net Wt. 8.1oz (229g), MG Foods Charlotte, NC 28208, UPC 1 00000 50065 1",28208-2748,65 Sandwiches,Food,The firm received positive test results for Listeria monocytogenes during in house environmental sampling on one of their meat slicers.,F-0418-2021,"Canteen Inc. dba MG Foods, Inc.",NC,Ongoing,Voluntary: Firm initiated,2021-03-02,2021-04-14,2021-04-07,
191 Adams St,Manchester,Class I,"Lot Code:  1432421, Best By: 12/16,1/17",United States,Product was distributed in the State of CT.,70423,"Two or more of the following: Email, Fax, Letter, Press Release, Telephone, Visit","Cajun Seasoning, 4 oz., UPC: 811267011735.  Product is packaged in a plastic bottle with a black flip-top lid.",06042-1919,102 bottles,Food,Product may contain undeclared peanut protein.,F-1796-2015,The Spicemill LLC.,CT,Terminated,Voluntary: Firm initiated,2015-01-28,2015-04-08,2015-03-30,2015-04-13
1912 Montreal Rd,Tucker,Class II,"Batch: 1000148878, Material number: 10194712.",United States,"AZ, CA, CO,  FL, IL, KY, ME, MN, NC, NJ, NY, NV, OH, OK, PA, TN, TX, UT, and WI; Foreign accounts: Columbia.",73917,Letter,"¿ Sheet Unbaked Message Cookie, 20/20 oz. Unbaked Chocolate Chip Cookies, Net Weight 25 lbs/11.34 kg.",30084-5201,"34,525 total cases",Food,Undeclared allergen; Peanut protein.,F-1446-2016,CSM Bakery Products NA,GA,Terminated,Voluntary: Firm initiated,2016-04-19,2016-06-22,2016-06-13,2017-07-17
1912 Montreal Rd,Tucker,Class II,"Batch 1000162202, 1000157048, 1000153947, 1000149825, 1000144301, 1000134442",United States,"AR, CA, CO, DE, FL, GA, IL, MN, NJ, NC, OH, OR, PA, SC, TN, TX,VA, WI, Santa Domingo, & Guam",73946,Letter,"BM Westco Sup-R-Roll Donut Mix, 50#",30084-5201,"3,124,735 pounds total",Food,Undeclared allergen; Peanut Protein,F-0506-2017,CSM Bakery Products NA,GA,Terminated,Voluntary: Firm initiated,2016-04-21,2016-11-30,2016-11-23,2017-08-25
1919 Flowers Cir,Thomasville,Class I,"BEST BY DATES OF OCTOBER 28, 2015 THROUGH APRIL 10, 2016",United States,"Connecticut, Delaware, Kentucky, Maine, Maryland, Massachusetts, New Hampshire, New Jersey, New York, North Carolina, Ohio, Pennsylvania, Rhode Island, South Carolina, Tennessee, Vermont, Virginia, Washington DC, and West Virginia.",73690,"Two or more of the following: Email, Fax, Letter, Press Release, Telephone, Visit","Cobblestone Bread Co. Wheat English Muffins, 12 oz. (6 count)plastic bag (340g)  UPC: 0 72250 01316 1",31757-1137,"10,0000 units",Food,Product contains undeclared milk,F-2337-2016,Flowers Foods,GA,Terminated,Voluntary: Firm initiated,2016-03-30,2016-09-28,2016-09-16,2016-09-16
1919 Flowers Cir,Thomasville,Class I,BEST IF USED BY 12-26-21 Product Codes 128 346 03:00 through 128 346 05:00,United States,"Product was shipped to the following states: AZ, CA, CO, NM, NV, and WY.",89239,Press Release,"Nature's Own Honey Wheat Bread, NET WT 20 oz (1LB 4 OZ) 567g, DISTRIBUTED BY FLOWERS BAKERIES, LLC THOMASVILLE, GA 31757 Single loaf UPC 0 72250 03706 8 & Double pack UPC 0 72250 00539 5",31757-1137,"8,520/20oz loaves",Food,Undeclared milk,F-0363-2022,Flowers Foods (Corporate Offices),GA,Ongoing,Voluntary: Firm initiated,2021-12-17,2022-01-12,2022-01-05,
1919 Flowers Cir,Thomasville,Class II,"Enjoy By Dates of Oct. 28, Oct. 31, Nov. 4, and Nov. 7; Product Codes 307 2263 through 307 2274",United States,"Product was shipped to the following states: AL, AZ, AR, CA, CO, CT, DE, DC, FL, GA, ID, IL, IN, IA, KS, KY, LA, ME, MD, MA, MI, MN, MS, MO, MT, NE, NV, NH, NJ, NM, NY, NC, ND, OH, OK, OR, PA, PR?, RI, SC, SD, TN, TX, UT, VT, VA, WA, WV, WI & WY.  Product was also shipped to:  Canada & Mexico.",90975,"Two or more of the following: Email, Fax, Letter, Press Release, Telephone, Visit","TASTYKAKE GLAZED CARAMEL APPLE PIE NET WT 4.5 OZ (128g) UPC 0 25600 08618 6 DISTRIBUTED BY TASTY BAKING COMPANY, PHILADELPHIA, PA 19112",31757-1137,"1,892cs/48/4.5oz packages",Food,During an internal inspection the firm discovered that several products may contain soy lecithin which is not declared on the labels.,F-0068-2023,Flowers Foods (Corporate Offices),GA,Ongoing,Voluntary: Firm initiated,2022-10-07,2022-10-26,2022-10-20,
1920 Austin St,San Angelo,Class II,The item code numbers are 71400 (1.25 lb) and 71410 (5.75 lb) with lot numbers from 010111 through 021313.,United States,"Mainly in TX, but internet sales were nationwide.",64721,Letter,"Taco Seasoning, Net Wt. 1.25 lb and 5.75 lb. Distributed by Decoty Coffee Company, San Angelo, TX 76903, 800-588-8001. The products come in 1.25lb and 5.75lb sizes and are distributed in plastic spice containers with resealable lids.",76903-8704,205 of the 1.25 lb and 310 of the 5.75 lb,Food,"Recently, DeCoty Taco Seasoning, 1.25 lb (Lot numbers 010111-021313) and 5.75 lb (Lot numbers 010111-021313), were recalled for the undeclared ingredient Soy. Tests show that these lot numbers of this product also contain the undeclared ingredient Wheat Gluten, therefore represents a potential health hazard.",F-1276-2013,"Decoty Coffee Company, Inc",TX,Terminated,Voluntary: Firm initiated,2013-03-25,2013-04-03,2013-03-28,2013-06-18
1921 Coborn Blvd,Saint Cloud,Class I,"Use by Dates on or before 0ct 3, 2019",United States,"MN, ND, SD, WI",83950,E-Mail,"Chicken Salad Croissant Sandwich, UPC 2 07275-XXXXX.  Keep Refrigerated.",56301,quantity of finished product not tracked,Food,Chicken Salad sandwiches have the potential to be contaminated with Listeria monocytogenes.,F-0095-2020,"Coborn's, Inc",MN,Terminated,Voluntary: Firm initiated,2019-10-01,2019-10-30,2019-10-30,2019-12-04
19255 80th Ave S,Kent,Class III,"12/18oz codes: 010318, 010818, 012318, 012918, 021418, 022118, 030118, 030618, 031318, 040218, 040518, 040918, 041018, 041818, 042518, 051518, 052418, 061918.    6/18oz codes: 040218, 040918, 052418, 061918.     12/24oz codes: 012518, 020718,  021418, 030718, 031918, 032018, 041018, 042418, 050818, 050918, 061418.    12/24oz Canadian codes: 18JA25, 18FE14, 18MR19, 18MA09, 2018MA17.    Sun of Italy codes: 020718, 041018.    Scarpone's codes: 17117, 218AU17.     Italy code: 081418.",United States,"CA, CO, FL, GA, IL, IN, MD, ME, MI, NJ, NY, OR, PA, SC, TX, VA, WA, WI and Canada.",78290,"Two or more of the following: Email, Fax, Letter, Press Release, Telephone, Visit","Traditional Polenta, San Gennaro brand, Pre-cooked Ready to Heat & Serve, 12/18 oz packages, UPC# 7-62676-15000-6     Traditional Polenta, San Gennaro brand, Pre-cooked Ready to Heat & Serve, 6/18oz packages, UPC# 7-62676-15000-6    Traditional Polenta, San Gennaro brand, Pre-cooked Ready to Heat & Serve, 12/24 oz packages, UPC# 7-62676-12400-7    Traditional Polenta, San Gennaro Canadian brand, Pre-cooked Ready to Heat & Serve, 12/24 oz packages, UPC# 7-62676-12400-7    Traditional polenta, Sun of Italy brand, Pre-cooked Ready to Heat & Serve, 12/24oz packages, UPC# 0-33698-81697-4    Traditional Polenta, Scarpone's brand, Pre-cooked Ready to Heat & Serve, 12/1 KG packages,  UPC# 7-77465-00236-7    Traditional Polenta, Italy brand, Pre-cooked Ready to Heat & Serve, 12/24oz packages, UPC#0-71742-99951-8    Ingredients: Water, Yellow Corn Meal,  Salt, Tartaric Acid, Ascorbic Acid, Beta Carotene",98032-1135,12/18oz and 6/18oz=8772 cases; 12/24oz=4869; 12/24oz Canadian=313; Sun of Italy=592; Scarpone's=1119; Italy=145,Food,"Date coding ink was being printed directly on the food contact surface of packaging, allowing the ink to be in direct contact with the product.  The ink is not approved for food use.",F-0127-2018,"San Gennaro Foods, Inc",WA,Terminated,Voluntary: Firm initiated,2017-10-13,2017-11-15,2017-11-08,2018-05-18
1996 S Geiger Blvd,Spokane,Class I,Expiration Dates range from 05/20/20 to 07/25/20,United States,"distributed in ID, MT, OR, WA, and WY.",86331,Telephone,"Item 83976 Pico De Gallo Salsa Mild, Refrigerated, net wt.	16 OZ, packaged in Plastic Container.",99224-5411,"51,552 OZ",Food,"Salmonella Newport. Product contains onion supplied from Thomson International, Inc.",F-1586-2020,"Spokane Produce, Inc.",WA,Terminated,Voluntary: Firm initiated,2020-08-03,2020-10-07,2020-09-28,2020-10-08
2 Church Ave,Brooklyn,Class I,No codes.,United States,"OH, NJ, NY",92966,Telephone,Mini Sorbet Pops; parve; 7 PACK / SINGLE; UPC: 0-91404-15305-8,11218-3096,,Food,Products may be contaminated with Listeria monocytogenes.,F-1678-2023,ICE CREAM HOUSE,NY,Terminated,Voluntary: Firm initiated,2023-08-22,2023-10-04,2023-09-28,2024-06-14
2 Park Plaza,Irvine,Class II,Lot AAMXG,United States,US,76634,Press Release,RegeneSlim,92614-2562,4000 units,Food,The firm is recalling all herbal and dietary supplements because they were not manufactured in compliance with the current Good Manufacturing Practice regulations for Dietary Supplements.,F-1819-2017,"VivaCeuticals, Inc. dba Regeneca Worldwide",CA,Terminated,Voluntary: Firm initiated,2017-03-09,2017-04-12,2017-03-31,2017-08-08
2 Shore Road,North Truro,Class I,Lot # 1751,United States,AL  CA  CO  CT  FL  GA  HI  IN  KY  MA  MD  ME  MI  MN  MO  NC  ND  NH  NJ  NY  OH  OK  PA  RI  SC  TX  VA  VT  WV  WY,74504,E-Mail,"Atlantic Spice Cranberry Health Mix, packaged in a 16 oz, clear plastic bag; #1947",02652,135 units,Food,Product was processed on the same equipment as product possibly contaminated with Listeria monocytogenes.,F-2254-2016,"Atlantic Spice Co., Inc.",MA,Terminated,Voluntary: Firm initiated,2016-06-02,2016-09-21,2016-09-15,2019-07-19
20 Crossways Park Dr N Ste 100,Woodbury,Class I,"Lot #'s: 1) 5321, 2) 5327, 3) 6006, 4) 6048, 5) 6078, 6) 6118, 7) 6127, 8) 6139   Best Used By: 1) 10/21/16 , 2) 10/21/16, 3) 11/16/16, 4) 12/18/16, 5) 12/16/16 & 1/22/17, 6) 1/22/17, 7) 12/16/16, 8) 12/16/16",United States,"CA, KS, KY, TN, TX, UT, VA, WA and Wi to foodservice distributors, food banks and school meal programs",74240,E-Mail,"Chicken/BBQ, Item # 61405",11797-2007,"1,886 cases",Food,A potential for Listeria monocytogenes contamination was verified by the sunflower kernel raw material supplier.,F-0648-2017,E S Foods,NY,Terminated,Voluntary: Firm initiated,2016-05-19,2016-12-14,2016-12-08,2017-04-17
20 Dimock Ln,Bolton,Class II,Sell by 6/23/14,United States,Shadow Valley Farm product distributed to retail stores in CT and MA.  Fish Family Farm Brand Products were only sold at the firm's retail store.,68538,Press Release,FISH FAMILY FARM INC. & & Shadow Valley Farm brand CHOCOLATE MILK GRADE A PASTEURIZED HOMOGENIZED in a glass half-gallon container,06043-7220,92 half-gallons,Food,Milk products and cream products may be contaminated with peanuts and tree nuts (pistachio).,F-2345-2014,Fish Family Farm,CT,Terminated,Voluntary: Firm initiated,2014-06-12,2014-08-27,2014-08-21,2016-04-14
20 Herr Dr,Nottingham,Class II,UPC No.  7260000061 for all the following Lot Numbers:  Jan 2 2016D  Jan 9 2016B  A Jan 9 2016  C Jan 9 2016  Jan 16 2016 A  Jan 16 2016 B  Jan 16 2016 E  D Jan 23 2016  Jan 23 2016 A  Jan 23 2016 C  Jan 30 2016 C,United States,"VA, IL, FL, OH, MN, SC, GA, TX, AL, MO, NC, PA, VT, NY, CT, MA, MS, CA, WV, TN, AL, KY",72516,Letter,Herr's Sour Cream & Onion Flavored Potato Chips,19362-9788,"231,120",Food,Herr Foods Inc. has initiated a voluntary recall of certain bags of its 1.875 oz. Sour Cream and Onion flavored Potato Chips due to a packaging error that incorrectly states that the product is gluten free.     While the back panel of the package complies with U.S. Food & Drug Administration (FDA) label regulations by listing Wheat in the ingredient statement as well as Contains Wheat in its,F-0187-2016,Herrs Foods Inc,PA,Terminated,Voluntary: Firm initiated,2015-10-27,2015-11-25,2015-11-18,2016-12-01
20 W 55th St Fl 7,New York,Class I,060923/1,United States,"NJ, NY",93572,"Two or more of the following: Email, Fax, Letter, Press Release, Telephone, Visit","Aviator Dehydrated Tomato Halves, Net Wt. 4x2.27kg (5lbs)",10019-5373,837 cases,Food,Contains undeclared sulfites,F-0641-2024,GLOBAL VEG CORP,NY,Terminated,Voluntary: Firm initiated,2023-12-04,2023-12-27,2023-12-21,2024-08-07
200 20th St N,Fargo,Class II,"all products that has a plant code of ""38-25"".",United States,"ND, AZ, MN, SD, KS",62644,"Two or more of the following: Email, Fax, Letter, Press Release, Telephone, Visit","Dan's, LIGHT BUTTER PECAN, half gallon *(1.89 L),  0 70422 24210 4  Hornbachers, LIGHT BUTTER PECAN, half gallon (1.89 L),	 0 41130 21661 9    Sunnybrook, LIGHT BUTTER PECAN, half gallon (1.89 L),	0 70422 24908 0",58102-4136,"8,141 containers",Food,Cass-Clay Creamery is voluntarily recalling a number of ice cream products because they may contain undeclared  soy (lecithin).,F-2044-2012,Cass Clay Creamery AMPI Fargo Division,ND,Terminated,Voluntary: Firm initiated,2012-07-20,2012-09-05,2012-08-24,2012-11-15
200 E Randolph St,Chicago,Class II,Best When Used By dates between:  19 oz. 8/8/2023-8/9/2023  63 oz. 10/2/2023,United States,"Nationwide, Puerto Rico, Guam, American Samoa, Aruba, Saipan, Bermuda, Jamaica, Guyana, South Korea, Canada",89053,Letter,Kool-Aid cherry drink mix powder   19 oz. UPC 043000953532   19 oz. UPC 043000034163   63 oz. UPC 043000082201,60601-6436,"289,221 cases (total)",Food,potential for glass and metal in product,F-0327-2022,KRAFT HEINZ FOODS COMPANY,IL,Terminated,Voluntary: Firm initiated,2021-11-11,2021-12-22,2021-12-17,2024-09-06
200 Gin Road,Goldsboro,Class I,"Sold via website between October 16th, 2017 to November 17th, 2017",United States,NC,78653,E-Mail,"Dark Chocolate Pecans Net Wt. 7 oz, Farrell Farms, 200 Gin Road, Goldsboro, NC",27530,58/7oz. packages,Food,Undeclared allergen: Milk,F-0526-2018,"Farrell Farms, Inc",NC,Terminated,Voluntary: Firm initiated,2017-11-19,2018-01-03,2018-01-05,2021-09-17
200 N Artesian Ave,Chicago,Class I,TFILC111A001 Use by: 04/28/2025  TFILC112A001 Use by: 04/29/2025,United States,"Trader Joe's stores in AL, IA, IL, IN, KS, KY, MI, MN, MO, NC, NE, NJ, NY, OH, PA, SC, TN, WI.",96795,Telephone,"Trader Joe's Sesame Miso Salad with Salmon, net wt. 10.25oz., in clear plastic clamshell container, UPC 00773164",60612-2149,1435 units,Food,Undeclared milk,F-0762-2025,Taylor Farms Illinois Inc.,IL,Terminated,Voluntary: Firm initiated,2025-04-26,2025-05-14,2025-05-08,2025-05-09
200 Sales Ave,Harrison,Class I,Lot #13210 B 1 77220 13:38,United States,Product was shipped to one manufacturer in MN.,66262,"Two or more of the following: Email, Fax, Letter, Press Release, Telephone, Visit","Bean & Cheese Burrito Filling, 10 lb bags Labeled in part ""13210 B 1 77220 13:38 KEEP FROZEN BEAN & CHEESE BURRITO FILLING***INGREDIENTS: COOKED PINTO BEANS, WATER, CHEDDAR CHEESE***SOYBEAN OIL***STARCH-MODIFIED, ONIONS, CHEESE SAUCE BASE***CONTAINS LESS THAN 2% OF CHILI PEPPER, SALT, CHICKEN BASE***SODIUM PHOSPHATES, SPICE, CARAMEL COLOR DEHYDRATED, GARLIC, ANNATTTO EXTRACT.""  CONTAINS: Soy, Milk, Wheat JTM Food Group 200 Sales Dr. Harrison, OH 45030 Phone 800.626.2308.",45030-1485,821 cases/3/10 lb bags,Food,Undeclared eggs in the product.  The firm was notified by their customer that the product contains pasta.  The pasta contains eggs which is not declared on the label.,F-1902-2013,JTM Provisions Co Inc,OH,Terminated,Voluntary: Firm initiated,2013-09-11,2013-09-25,2013-09-19,2014-01-15
2000 Folsom St,San Francisco,Class I,Sell by Date: 05/25/2017;  Lot codes: 11616; 13016-B.,United States,Nationwide to Wal-Mart stores,74833,"Two or more of the following: Email, Fax, Letter, Press Release, Telephone, Visit","JUST White Cake Mix;  NET WT 20 oz. (1 lb 4 oz) 567 g);  UPC 8 54829 00688 6.    Ingredients: Enriched flours, {bleached (wheat flour, niacin, reduced Iron, thiamine mononitrate, riboflavin, folic acid), unbleached (Wheat flour,  malted barley flour, niacin, reduced Iron, thiamine mononitrate, riboflavin, folic acid), Sugar Palm Oil, Contains less than 2% of Baking Powder (sodium acid Pyrophosphate, sodium bicarbonate, corn starch, monocalcium phosphate), Baking Soda, Citric acid, Coconut Milk Powder (coconut milk, tapioca  syrup), }, Natural Flavors, Oat Bran, Oat Hull Fiber, Salt, Sodium Aliginate, Sorghum Flour, Soy Milk Powder, X.an than Gum.    Contains: Wheat, Soy, Coconut.  Bake 350 degrees 24-26 minutes depending on pan size.  Distributed by Hampton Creek, Inc., San Francisco, CA 94103.",94110-1318,"2,421cases (2 x 20 oz box per case)",Food,Firm received a positive test result for Salmonella in Coconut Milk powder which was used in the manufacturing on six cake and muffin mixes.,F-2034-2016,Hampton Creek Foods,CA,Terminated,Voluntary: Firm initiated,2016-07-29,2016-09-07,2016-08-31,2016-10-28
2000 Folsom St,San Francisco,Class I,Sell by Date: 06/07/2017. Lot codes: 13016A . .    .,United States,Nationwide to Wal-Mart stores,74833,"Two or more of the following: Email, Fax, Letter, Press Release, Telephone, Visit","JUST Devil's Food Cake Mix;   NET WT 20 oz. (1 lb 4 oz) 567 g);   UPC 8 54829 00643 5.     Ingredients: Muffin Mix: Enriched flours, {bleached (wheat flour, niacin, reduced Iron, thiamine mononitrate, riboflavin, folic acid), unbleached (Wheat flour, malted barley flour, niacin, reduced Iron, thiamine Monocitrate, riboflavin, folic acid), Sugar, Palm Oil., Alkalized Cocoa. . Contains less than 2% of Baking Powder )Sodium acid pyrophosphate, sodium bicarbonate, corn starch, monocalcium phosphate) Baking Soda, Citric Acid, Coconut Milk Powder (coconut milk, tapioca syrup), Natural Flavors, Oat Bran, Oat Hull Fiber, Salt, Sodium Aliginate, Sorghum Flour, Soy milk powder, Xanthan Gum.     Blueberry Mix: Blueberries, Water: Crumble Mix: Sugar, Brown Sugar, Maltodextrin, Palm Oil, Enriched flour (wheat flour, malted barley flour, niacin, reduced iron, thiamine monocitrate, riboflavin, folic acid), cinnamon, Salt, Natural Flavors:     Contains: Wheat, Soy, Coconut. Bake at 350 degrees for 24-34 minutes depending on pan size. Distributed by Hampton Creek, Inc., San Francisco, CA 94103.",94110-1318,"3,786 cases (6 units per cse)",Food,Firm received a positive test result for Salmonella in Coconut Milk powder which was used in the manufacturing on six cake and muffin mixes.,F-2019-2016,Hampton Creek Foods,CA,Terminated,Voluntary: Firm initiated,2016-07-29,2016-09-07,2016-08-31,2016-10-28
2000 Nw 92nd Ave,Doral,Class II,"UPC 4133103781, Lots: 301105 and 301125, 24 / 12 env 2.11 oz.",United States,"US- NY, TX, FL, PA, PR, IL, VA, MA",70750,E-Mail,Sazon without Annatto,33172-2928,156,Food,Cumin used was contaminated with peanut protein.,F-2190-2015,"Sazon, Inc.",FL,Terminated,Voluntary: Firm initiated,2015-01-26,2015-05-13,2015-05-06,2017-01-24
2000 Riveredge Pkwy,Atlanta,Class II,50547: Lot 264 EEA,United States,"Products were distributed to the following states: AR, AZ, CA, CO, CT, FL, GA, IA, IL, LA, MD, MI, MN, MO, NC, ND, NE, NJ, NM, NV, OH, OK, OR, PA, TN, TX, UT, WA, WI & WV.",95468,"Two or more of the following: Email, Fax, Letter, Press Release, Telephone, Visit","Sysco Classic Lemonade Drink Mix Natural Flavor, NET WT. 24OZ (1 LB 8 OZ) 690g, UPC 0 74865 09325 5, Case UPC 10074865093252, DISTRIBUTED BY SYSCO CORPORATION, HOUSTON, TEXAS 77077ON, HOUSTON, TEXAS 77077",30328-4694,1433cs/12/24oz pouch,Food,"After an investigation, the firm discovered that a sifter used in the production of the Dextrose for each product was damaged and introduced metal fragments in the products.",F-0232-2025,DYMA BRANDS,GA,Ongoing,Voluntary: Firm initiated,2024-10-02,2024-12-11,2024-12-02,
2000 Wayne Ave,San Leandro,Class II,UPC: 8-12017-00903,United States,Loard's brand distributed to Loard's Ice Cream parlors located in Northern California. Private labels distributed to grocery stores located in Northern California.,98782,Telephone,"Banana Ice Cream - 32 oz (4 labels: Mollie Stone's; Dehoff's; Farmer Joe's, Piazza's Fine Foods) UPC: 8-12017-00903",94577-3333,664 TOTAL units (32 oz/unit),Food,Undeclared Yellow #5,H-0756-2026,Silver Moon LP dba Loard's Ice Cream,CA,Ongoing,Voluntary: Firm initiated,2026-04-15,2026-05-13,2026-05-06,
2001 E Cashdan St,Rancho Dominguez,Class II,"All codes. NOTE: The firm placed this product on their recall list as a precaution as although the shelf life is one year, it could still be on the market.",United States,nationwide,67465,Telephone,"Uncle Ben's (R), Infused(R) Rice Cheese Flavor, net weight 5 LB (2.27 kg), Distributed by MARS foodservices US, P.O. Box 11547, Carson, CA 90749-1547",90220-6438,none since prior to the recall,Food,Reports of mild flushing reaction after consumption of product led to concern of possible production issue.  Flushing condition resolved itself within two hours.,F-1590-2014,Mars Food US,CA,Terminated,Voluntary: Firm initiated,2014-02-06,2014-03-05,2014-02-27,2017-03-27
2008 W W Thorne Blvd,Houston,Class I,Use by date range 8/12-18/2017 and Use by date range 8/12-18/2017 and Use by date range 8/13-20/2017,United States,"Alabama, Florida, Georgia, Louisiana, and Mississippi",78071,"Two or more of the following: Email, Fax, Letter, Press Release, Telephone, Visit","Vegetable Kabob, 23-oz. packaged in an overwrap; Kabob Sensations Veggie Kabob, 15-oz. packaged in am overwrap; Marketside Veggie Kabobs, 23-oz. packaged in an overwrap",77073-3302,unknown,Food,Potential contamination with Listeria monocytogenes.,F-3581-2017,"Country Fresh Products, LLC",TX,Terminated,Voluntary: Firm initiated,2017-09-02,2017-10-04,2017-09-28,2017-12-13
2008 W W Thorne Blvd,Houston,Class I,Use by date range 8/12-19/2017 and Use by date range 8/13-20/2017,United States,"Alabama, Florida, Georgia, Louisiana, and Mississippi",78071,"Two or more of the following: Email, Fax, Letter, Press Release, Telephone, Visit","Tri-Pepper Dice, 6-oz. packaged in a clamshell and Dice Tri-Pepper, 7-oz. packaged in a clamshell",77073-3302,unknown,Food,Potential contamination with Listeria monocytogenes.,F-3606-2017,"Country Fresh Products, LLC",TX,Terminated,Voluntary: Firm initiated,2017-09-02,2017-10-04,2017-09-28,2017-12-13
2008 Ww Thorne Blvd,Houston,Class I,"BEST IF USED BY dates between August 11, 2016 through August 17, 2016.",United States,"AL, FL, GA, KY, LA, MD, MS, NC, SC, TN, VA and WV.",75061,"Two or more of the following: Email, Fax, Letter, Press Release, Telephone, Visit","Harris Teeter, Kabob Kit 23oz",77073-3302,,Food,Products may be contaminated with Listeria monocytogenes.,F-0845-2017,"Country Fresh Products, LLC",TX,Terminated,Voluntary: Firm initiated,2016-08-25,2017-01-11,2017-01-05,2017-01-23
2008 Ww Thorne Blvd,Houston,Class II,Best By 05/23/2023 Lot Code 005OFH2301,United States,"Distributed to a single distribution center, located in PA, who then delivers to cross docks, located in NY, to be delivered to retail locations.",92566,"Two or more of the following: Email, Fax, Letter, Press Release, Telephone, Visit","Wegmans single serve snack tray (5.7oz)  packaged in a clear square plastic packaging with fruit, almonds and cheese 6 trays per case",77073-3302,321 cases,Food,Undeclared almonds and/or undeclared wheat,F-1225-2023,"Stellex/CF Houston, LLC",TX,Terminated,Voluntary: Firm initiated,2023-06-15,2023-07-12,2023-07-06,2025-02-21
201 Compass Point Dr,Saint Charles,Class II,all codes from 2011 through 2016,United States,Nationwide.,73554,Telephone,"Nuwati Herbals SeeLessO'Me Diet and Weight Management Tea packaged in two different size amber glass jars with Net Wt 3 oz. or Net Wt 6 oz.  The responsible name on the label is Nuwati Herbals Inc., House Springs, MO.",63301-4407,"2,600 6 oz jars and 5,500 3 oz jars",Food,Product contains undeclared soy.,F-1331-2016,Nuwati Herbals Inc,MO,Terminated,Voluntary: Firm initiated,2016-03-15,2016-05-18,2016-05-12,2018-09-05
201 NE 2nd Ave,Portland,Class I,Best Use By Dates: 10/11/17-10/26/17,United States,distributed in Oregon and Washington.,78343,"Two or more of the following: Email, Fax, Letter, Press Release, Telephone, Visit","Vegetable Tray, 2/25 oz., RETAIL item # 71444, Pacific Coast Fruit brand, UPC 20728 71444    Ingredients: Broccoli, Cauliflower, Cherry Tomato,  Baby Carrots.",97232-3289,28 cases,Food,"Pacific Coast Fruit Company, Portland, Oregon is voluntarily recalling multiple types of bagged processed salads based on the potential contamination of Listeria monocytogenes.  The firm utilized a portion of the salads that were recalled by their supplier.",F-0043-2018,Pacific Coast Fruit Company,OR,Terminated,Voluntary: Firm initiated,2017-10-20,2017-11-08,2017-10-27,2017-12-05
201 W Main St Ste 203,Chattanooga,Class II,"SKU: 1014050, Lot codes: 79-21-030216, 101-21-032816, 79-21-030216, 101-21-032816, 765-21-032116, 69-21-032316, 70-21-032516, 58-21-032516, 50-21-040216, 229-21-030910, 401-21-031616, 581-21-031816, 760-21-032416, 850-21-032916, 62-21-032916, 221-21-041116, 244-21-041316, 412-21-041916, 21-031616-01, 21-031616-01, 21-031716-01, 21-032416-01, 21-032416-01, 21-032516-01, 21-032516-01, 21-032816-01, 21-032916-01, 21-032916-01, 21-033016-01, 21-033016-01, 21-033116-01, 21-040516-01, 21-040616-01, 21-040716-01, 21-040816-01, 21-041216-01, 21-041316-01, 21-041516-01, 21-031416-01, 21-031516-01, 21-031516-01, 21-031716-01, 21-031716-01, 21-032116-01, 21-032116-01, 21-032316-01, 21-032316-01, 21-032416-01, 21-032816-01, 21-033016-01, 21-040616-01, 21-040816-01, 21-040816-01, 21-041116-01, 21-041116-01, 21-041316-01, 21-031616-01, 21-032116-01, 21-032416-01, 21-040616-01, 21-041116-01, 21-041516-01, 21-042516-01, 21-041616-01, 21-042216, 21-042616-01, 21-031616-01, 21-031716-01, 21-031616-01, 21-031816-01, 21-031716-01, 21-031916-01, 21-032116-01, 21-032216-01, 21-031816-01, 21-031816-01, 21-032116-01, 21-032516-01, 21-032216-01, 21-032316-01, 21-032616-01, 21-032816-01, 21-032916-01, 21-032516-01, 21-032516-01, 21-032816-01, 21-033016-01, 21-033016-01, 21-033116-01, 21-040216-01, 21-040216-02, 21-040416-01, 21-040516-01, 21-040116, 21-040616-01, 21-040516-01, 21-040716-01, 21-040616-01, 21-040716-01, 21-040816-01, 21-041116, 21-041216-01, 21-041416-01, 21-041516, 21-041816-01, 21-042016-01, 21-042116, 21-042216-01, 21-042516-01, 21-042616-01, 21-042616-01, 21-042716, 21-042816-01, and 21-042916-01 and 21-042916-01.",United States,"FL, GA, LA, MI, MO, NC, NJ, TN and TX.",74305,"Two or more of the following: Email, Fax, Letter, Press Release, Telephone, Visit","Donut Flour, Net Wgt. 50 lbs. (22.68 kgs.), Mfg. By: Grain Craft, Birmingham, AL 35214.",37408-1137,"279,514 CWTS",Food,Possible Peanut Protein contamination.,F-1602-2016,"Grain Craft, Inc.",TN,Terminated,Voluntary: Firm initiated,2016-05-24,2016-07-13,2016-07-06,2017-01-19
2021 1st St,San Fernando,Class I,Lot code: 06/20,United States,"US: CA, NV, and AZ",74450,Telephone,"Pesto Pasta Salad with Arugula, Net Wt. 16oz, UPC 857898004333",91340-2611,202 units,Food,Green Cuisine is recalling Pesto Pasta Salad with Arugula because it may be contaminated with Listeria monocytogenes.,F-0692-2017,"Green Cuisine, Inc.",CA,Terminated,Voluntary: Firm initiated,2016-06-16,2016-12-21,2016-12-09,2016-12-12
2021 Bingle Rd,Houston,Class I,Sell by 10/12/24 THROUGH Sell by 12/5/24,United States,"TX, LA, WY, AZ",95886,E-Mail,"Cucumber, Lime & Tajin	19 oz Cucumber with Ranch	9 oz Cucumber Bowl with Ranch 15 oz Cucumber Slices with Tajin	15 oz  packed in clamshells",77055-1435,"26,801 packages",Food,Potential to be contaminated with Salmonella,F-0586-2025,JFE FRANCHISING INC,TX,Completed,Voluntary: Firm initiated,2024-11-29,2025-03-12,2025-02-28,
2021 Spring Rd Ste 600,Oak Brook,Class II,All Batch Codes starting with 2C and within shelf-life. Best By Dates: OCT 01 2024 to OCT 11 2025,United States,Nationwide in USA and Canada,95578,Letter,GOOD & GATHER	12/9oz GRDL WFL MINI HSTYLE ORG-GDGTR	UPC	085239343029 H-E-B	12/9oz GRDL WFL MINI HSTYLE ORG-HEBUT	UPC	041220708413 365 ORGANIC	12/9oz GRDL WFL MINI HSTYLE ORG - 365OR	UPC	099482436995 WEGMANS	12/9oz GRDL WFL MINI HSTYLE ORG - WEGMN	UPC	077890481448,60523-1860,"9,907,389 cases (total)",Food,potential to be contaminated with Listeria monocytogenes,F-0206-2025,Treehouse Foods,IL,Terminated,Voluntary: Firm initiated,2024-10-17,2024-12-04,2024-11-27,2025-08-11
2021 Spring Rd Ste 600,Oak Brook,Class I,Best By/Date Code: 1/7/2017,United States,"US: AL, AZ, AR, CA, CO, CT, FL, IL, IN, IA, KS,KY, LA, ME, MD, MA, MI, MN,  MS,  MO, NE, NV, NM, NY, NC,ND, OH, OK, OR, PA,SC, TN, TX, UT, VA, WA, WI, WY.    OUS: HONDURAS, NICARAGUA, CHILE.",74041,Telephone,"UPC 071725711939,	Amport Foods Milk Chocolate Peanuts, Best By/Date Code: 1/7/2017 .",60523-1860,"92,865 cases for all products",Food,TreeHouse Foods is recalling products that may be impacted by sunflower seeds  contaminated with Listeria monocytogenes.,F-2439-2016,Treehouse Foods,IL,Terminated,Voluntary: Firm initiated,2016-05-03,2016-10-12,2016-09-30,2017-08-15
2021 Spring Rd Ste 600,Oak Brook,Class I,"Best By/Date Code: 11/26/2016, 11/27/2016, .1/7/2017, 1/14/2017, 3/1/17, 12/31/2016, 12/26/2016, 12/12/2016, 12/3/2016.",United States,"US: AL, AZ, AR, CA, CO, CT, FL, IL, IN, IA, KS,KY, LA, ME, MD, MA, MI, MN,  MS,  MO, NE, NV, NM, NY, NC,ND, OH, OK, OR, PA,SC, TN, TX, UT, VA, WA, WI, WY.    OUS: HONDURAS, NICARAGUA, CHILE.",74041,Telephone,"UPC  071725748010,	Sunflower Seeds Roasted and Salted, Best By/Date Code: 11/27/2016.    UPC  007172524140,	Amport Roasted and Salted Sunflower Seeds, Best By/Date Code:11/26/2016.    639277348319,Naturally Select  Roasted and Salted Sunflower Seed, Best By/Date Code: 3/1/2017.    UPC  071725241351,	Amport Foods Sunflower Seeds Roasted & Salted, Best By/Date Code:12/3/2016,12/26/2016, 12/12/2016 .    UPC 071725748010,	Amport Foods Sunflower Seeds Roasted & Salted, Best By/Date Code:12/31/2016,12/26/2016, 1/14/2017 .    UPC 071725241405,	Amport Foods Sunflower Seeds Roasted & Salted, Best By/Date Code:1/7/2017 .",60523-1860,"92,865 cases for all products",Food,TreeHouse Foods is recalling products that may be impacted by sunflower seeds  contaminated with Listeria monocytogenes.,F-2425-2016,Treehouse Foods,IL,Terminated,Voluntary: Firm initiated,2016-05-03,2016-10-12,2016-09-30,2017-08-15
2021 Spring Rd Ste 600,Oak Brook,Class I,Best By/Date Code: 4/28/2017,United States,"US: AL, AZ, AR, CA, CO, CT, FL, IL, IN, IA, KS,KY, LA, ME, MD, MA, MI, MN,  MS,  MO, NE, NV, NM, NY, NC,ND, OH, OK, OR, PA,SC, TN, TX, UT, VA, WA, WI, WY.    OUS: HONDURAS, NICARAGUA, CHILE.",74041,Telephone,"UPC 041498205379,	Southern Grove Tuscan Trail Mix, Best By/Date Code: 4/28/2017 .",60523-1860,"92,865 cases for all products",Food,TreeHouse Foods is recalling products that may be impacted by sunflower seeds  contaminated with Listeria monocytogenes.,F-2433-2016,Treehouse Foods,IL,Terminated,Voluntary: Firm initiated,2016-05-03,2016-10-12,2016-09-30,2017-08-15
2033 Thomerson Park Rd,Austin,Class I,Lot 120716  Lot  120629  Lot  120614,United States,"KY, TN, FL, IL, VA, OH",63478,Letter,"Awe Brie  Sizes could be 8oz packages, 1.5lbs packages, 3.5lbs packages, 7lbs packages, or 15lb wheel  Packaging could be vacuum packed bags, paper wrap, or plastic wrap",42123-6709,71.06lbs,Food,Due to possible Listeria monocytogenes contamination,F-0693-2013,Kennys Farmhouse Cheese,KY,Terminated,Voluntary: Firm initiated,2012-10-02,2012-11-21,2012-11-14,2014-05-12
2042 Pitkin Ave,Brooklyn,Class I,All codes,United States,"NY, NJ, PA",93273,Press Release,"Mini Fruit Jelly Cups; Assorted Flavor; UPC: 4 714379 320985, Net Wt. 52.9 oz",11207-3430,120 cases (total),Food,Products are a choking hazard,F-0420-2024,Tiffany Food Corp.,NY,Terminated,Voluntary: Firm initiated,2023-10-19,2023-11-15,2023-11-17,2025-08-05
2042 Pitkin Ave,Brooklyn,Class III,Expiration: 11-06-2024,United States,"NY, TX, AZ, NJ, TN",94889,Letter,"Sweet Preserved Dried Plums; Farmer's Grange; Series Food; 88g; Plastic synthetic (flexible) package; INGREDIENTS: Plum, Salt, Sugar, ADDITIVES: Clove, Cinnamon, Liquorice, Citric acid, Red #40.; Product contains sulfite; PRODUCT OF CHINA (T.F.C).",11207-3430,22 cartons,Food,Product contains undeclared cyclamates.,F-1492-2024,Tiffany Food Corp.,NY,Terminated,Voluntary: Firm initiated,2024-04-18,2024-07-31,2024-07-23,2025-03-14
206 Market Ave,Boerne,Class II,MR154779,United States,"PA, AL, CA, OK and OH",91669,E-Mail,"Nature's Eats Cashew Crave Mix 8 oz. UPC 8-10087-30330-3, packaged in cello bags 12 packages per case",78006-3003,19800 Units,Food,"Undeclared milk and soy. The milk and soy allergens are listed in the ""may contains"" statement, but are not included in the ""Contains"" statement.",F-0385-2023,"Texas Star Nut and Food Co., Inc.",TX,Terminated,Voluntary: Firm initiated,2023-02-07,2023-03-01,2023-02-27,2023-04-04
20644 S Fordyce Ave,Carson,Class II,Best By Date:  4/27/2027,United States,"Distribution includes 26 domestic retail consignees across the following states: Alabama, Arizona, California, Colorado, Connecticut, Florida, Georgia, Hawaii, Idaho, Indiana, Kansas, Kentucky, Louisiana, Massachusetts, Michigan, Minnesota, Missouri, Montana, Nebraska, Nevada, New Jersey, New Mexico, New York, Ohio, Oregon, Pennsylvania, Rhode Island, Tennessee, Texas, Utah, Virginia, Washington, Wisconsin, and Wyoming.",97695,"Two or more of the following: Email, Fax, Letter, Press Release, Telephone, Visit",Tovala branded Frozen raw phosphate free shrimp; 5oz IQF bag   UPC: 829944085788,90810-1018,"93,122 cases (1,275,765 lbs) Total",Food,Product manufactured under insanitary conditions whereby it may have been contaminated with Cesium-137 (Cs-137). This is an expansion to the original recall.,H-0115-2026,Southwind Foods LLC dba Great American Seafood Imports Co.,CA,Terminated,Voluntary: Firm initiated,2025-09-23,2025-10-29,2025-10-21,2026-05-28
20703 80th Ave S,Kent,Class II,The Best by Dates are including all and up to 2/17/2013,United States,"Products distributed in Alaska, Idaho, Oregon, Washington, and British Columbia, Canada.",64203,Press Release,"Wheatgrass is packaged in a pint or cup, 16 oz. bag, or 5 lb. Flat cardboard box and sold under the Sprouters Northwest brand.     The Wheatgrass in a pint or cup has UPC 0 79566 12380 5;  The wheatgrass in 16 oz. bag or 5 lb. Flat cardboard box does not have any UPC.      The wheatgrass, Sprouters Northwest, pint or cup., is labeled in parts: ""***Wheatgrass***CERTIFIED ORGANIC***Pint***Sprouters NORTHWEST, INC.***KENT, WA 98032***"".      The wheatgrass in 16 oz. bag is labeled in parts: ""***ORGANIC WHEATGRASS***SKU# 16OZCW***Keep Refrigerated***Not For Retail Sales as Packaged***"".      The wheatgrass in 5 lb. Flat cardboard box is labeled in parts: ""***Wheatgrass***1 Ea. 21""X21"" Wheatgrass/case***Item 40019***"".",98032-1252,3024/1 pint Packages; 888 cups; 63/16 oz. Bags; and 494/5 lbs. Flat boxes;,Food,Wheatgrass is recalled due to a potential contamination with Listeria monocytogenes.,F-1018-2013,"Giant Greens, Inc.",WA,Terminated,Voluntary: Firm initiated,2013-01-28,2013-03-06,2013-02-26,2013-03-20
208 S Garrard Blvd,North Richmond,Class I,Use by 9/15/2019,United States,CA only,83785,E-Mail,Samosa Cauli Wrap;   6.7 oz.  UPC: 813377 023097,94801-2001,189 units,Food,Random sampling of spinach from vendor found Enterohemorrhagic E-Coli/Shiga Toxin Producing E. Coli.,F-0066-2020,Urban Remedy,CA,Terminated,Voluntary: Firm initiated,2019-09-11,2019-10-30,2019-10-23,2019-11-06
21 Mulberry Dr,Mechanicsburg,Class II,"All lots, all codes.",United States,"MD, PA",75202,E-Mail,"Luqman Cheese, White Cheddar, Net Wt. 8 oz.., Distributed by: Cumberland Valley Creamery, Mechanicsburg, PA",17050-3105,approx. 275 lbs,Food,Multiple laboratory analysis found multiple instances where various cheeses exceed allowed limits of generic E. coli.,F-1745-2017,"Cumberland Valley Creamery, LLC",PA,Terminated,Voluntary: Firm initiated,2016-06-07,2017-04-05,2017-03-27,2017-03-27
210 El Camino Real,South San Francisco,Class I,All lots.,United States,240 stores and  10 See's licensees nationwide and 6 international retail stores.,65474,Press Release,"See's Dark  Raisins:    Ingredients: Raisins, Sugar,chocolate, cocoa butter, butter (milk), vanilla, soy lecithin,  Dextrin, Confectionery glaze.  May contain traces of eggs, tree nuts and peanuts.    Sold in Net Wt. 8 oz (227 g) clear plastic packages or purchased by customer at counter in See's Stores.  UPC 7 37666 08305 3    Manufactured by: See's Candy Shops Incorporated  So. San Francisco, CA 04080",94080-5968,"4,700 lb.",Food,Potential for nuts and/or nut and egg residue may be present in some of the dark and milk chocolate covered raisins.,F-1576-2013,See's Candies Inc.,CA,Terminated,Voluntary: Firm initiated,2013-06-14,2013-07-03,2013-06-27,2013-08-14
210 New Hwy,Amityville,Class I,"GTIN: 00673305060095 LOT: 22049037, 22054034, 22063017, 22089043, 22101071, 22108193, 22133422",United States,nationwide,90345,E-Mail,"1. SALTED NUT ROLL PRE-MADE FUDGE (6SS) 6LB NET WT - not consumer package, bulk carton",11701-1116,677 units (total),Food,Fudge contains peanut butter that is potentially contaminated with Salmonella.,F-1340-2022,Calico Cottage Inc,NY,Terminated,Voluntary: Firm initiated,2022-05-24,2022-06-29,2022-06-21,2022-10-27
210 W Arrow Hwy Ste E,San Dimas,Class II,"Lot Codes: Passion Fruit- F1001, F1002, F1003, F1004, F1005, F1006, F1007, F1008, F2001, F2002",United States,Product is distributed nationwide through 31 different retail customers and direct to consumers through online sales.,98287,"Two or more of the following: Email, Fax, Letter, Press Release, Telephone, Visit",Sea Moss Gel Superfood; 16 FL OZ; Glass jar sold individually. Passion Fruit- UPC# 5061033691882,91773-3360,"5,438,998 units across all recalled products",Food,potential Clostridium botulinum contamination,H-0472-2026,Diva Fam Inc,CA,Ongoing,Voluntary: Firm initiated,2026-01-09,2026-02-11,2026-02-04,
210 Walnut St,Lockport,Class II,Lot code: 251004 BB: 2028-Oct-29,United States,"FL, IN, MA, MI, MS, NY, PR, WI",98115,E-Mail,"Celebration Herbals Senna Leaf Herbal Tea 24 Teabags, net wt. 1.48oz. UPC 628240201829",14094-3725,1226 retail units,Food,possible salmonella,H-0328-2026,CELEBRATION HERBALS US,NY,Terminated,Voluntary: Firm initiated,2025-11-25,2025-12-24,2025-12-19,2026-03-17
211 E 48th St,New York,Class I,UPC: 5706200452 (4oz) and 5706200491 (8oz)  Best By Dates through 7/29/2021,United States,"IL, WI, IA, IN, MI",88290,Telephone,"BrightFarms Mighty Romaine; packaged in clear, plastic clamshells; 4oz and 8oz; grown at the company's Rochelle, Illinois indoor farm",10017-1538,,Food,Product may be contaminated with Salmonella.,F-0896-2021,Bright Farms,NY,Terminated,Voluntary: Firm initiated,2021-07-15,2021-09-08,2021-08-27,2021-10-05
211 N Front St,Central Point,Class II,Best by dates:   110116;   120116;   010117;   020117;   030117;   040117;   050117;   060117;   070117;   080117;   090117;   100117,United States,"distributed in AK, AR, CA, CT, MD, NJ, NY, OR, PA, TX, and WA",75422,"Two or more of the following: Email, Fax, Letter, Press Release, Telephone, Visit","The Stone Ground Peanut Butter Chocolate Bar, Net wt. 2.5 oz. UPC 8 55966 00107 9.",97502-2004,"1,416 bars",Food,The Stone Ground Peanut Butter Chocolate Bar is recalled due to undeclared soy lecithin.,F-0320-2017,JJBL LLC,OR,Terminated,Voluntary: Firm initiated,2016-10-11,2016-11-09,2016-11-03,2016-12-21
2110 Yh Hanson Ave,Albert Lea,Class II,Use by:  4/13/18,United States,"IA, IL, KS, MI, MN, MO, MT, ND, NE, SD, UT, WI",79633,E-Mail,"Mrs. Gerry's Gourmet Potato Salad, Net Wt. 12 lb. (5.44 kg), UPC 17839-10112.  Keep Refrigerated.  Manufactured by Mrs. Gerry's, Albert Lea, MN  56007.",56007-3406,504 lbs.,Food,Firm is recalling various Egg Salads and Potato Salads because they may contain undeclared traces of imitation crab meat,F-1027-2018,"Mrs Gerry's Kitchen, Inc",MN,Terminated,Voluntary: Firm initiated,2018-03-25,2018-04-25,2018-04-16,2019-06-21
2110 Yh Hanson Ave,Albert Lea,Class II,Use by:  4/23/18,United States,"IA, IL, KS, MI, MN, MO, MT, ND, NE, SD, UT, WI",79633,E-Mail,"Mrs. Gerry's Deviled Egg Potato Salad, Packaged into the following size containers:    1.  Net Wt. 3 lb. (1.36 kg) UPC 17839-09003,     2.  Net Wt. 5 lb. (2.26 kg), UPC 17839-09005.    3.  Net Wt. 12 lb. (5.45 kg), UPC 17839-09012  Keep Refrigerated.  Manufactured by Mrs. Gerry's, Albert Lea, MN  56007",56007-3406,"11,286 lbs.",Food,Firm is recalling various Egg Salads and Potato Salads because they may contain undeclared traces of imitation crab meat,F-1025-2018,"Mrs Gerry's Kitchen, Inc",MN,Terminated,Voluntary: Firm initiated,2018-03-25,2018-04-25,2018-04-16,2019-06-21
21106 86th Ave SE,Snohomish,Class I,"Production date: January 1, 2014 through December 15, 2014.",United States,Distributed nationwide,70075,"Two or more of the following: Email, Fax, Letter, Press Release, Telephone, Visit","Guava Sorbet, sold under Snoqualmie brand.  Product is sold in 3 gallon plastic tubs. No UPC.",98296-7904,4 / 3 gallon tubs,Food,Guava Sorbet is being recalled due to the potential to be contaminated with Listeria monocytogenes,F-1511-2015,Snoqualmie Gourmet Ice Cream,WA,Terminated,Voluntary: Firm initiated,2014-12-21,2015-07-08,2015-07-01,2016-02-23
21106 86th Ave SE,Snohomish,Class I,"Production dates from January 1, 2014 through December 15, 2014.",United States,Distributed nationwide,70075,"Two or more of the following: Email, Fax, Letter, Press Release, Telephone, Visit","Hazelnut Gelato, sold under Snoqualmie Ice Cream brand.  Product is sold in 1.5 gallon plastic tubs, in addition to other unknown size/containers. No UPC.",98296-7904,21 / unknown container sizes; 3/ 1.5 gallon tubs,Food,Hazelnut Gelato is being recalled due to the potential to be contaminated with Listeria monocytogenes.,F-1560-2015,Snoqualmie Gourmet Ice Cream,WA,Terminated,Voluntary: Firm initiated,2014-12-21,2015-07-08,2015-07-01,2016-02-23
2114 Main St,Forest Grove,Class III,,United States,"Distributed in Arizona, Idaho, California, Colorado, Iowa, Florida, Oregon, Nevada, New Jersey, Texas, and Washington.",94939,"Two or more of the following: Email, Fax, Letter, Press Release, Telephone, Visit",Lemon Drop Mixer is a non-alcoholic cocktail mixer.  Product is packaged in glass 750ml bottle and sold under brand Urban River Spirits. Label has listed instructions as Shake Well Refrigerated After Opening.,97116-1661,3876 bottles total for all products,Food,Firm made non-alcoholic drink mixer in an unlicensed and uninspected facility. The product safety is concerned due to potential under-processing.,F-1620-2024,Urban River Spirits,OR,Terminated,Voluntary: Firm initiated,2024-07-01,2024-08-14,2024-08-02,2024-08-13
2131 S. Archer Avenue,Chicago,Class I,All lot codes,United States,"This product was shipped to IL, OK, FL, WI, MI, CA, MD, AR and CO. The firm did not ship any product to foreign consignees.",74929,Telephone,"The product is packaged in a white plastic bottle with green lettering. The label reads in part ""LIFE RISING DHZC-2, blood circulation regulator (lower abdomen), Chinese Herbal Supplement, 60 tablets, life rising to higher well being"", UPC: 616042102727",60616,"216 bottles, 60 tablets per bottle",Food,The dietary supplement contains lead.,F-1725-2017,Life Rising Corp                                    S,IL,Terminated,Voluntary: Firm initiated,2016-08-01,2017-04-05,2017-03-24,2019-03-01
2131 Tyler Ave,S El Monte,Class I,"Best Buy dates of August 15, 2014 and November 28, 2014",United States,"5 grocery chains in AZ, CA, NV, TX and UT and walk up customers at CA Snack Food store on premises.",70124,Press Release,"Karm'l Dapple;  Net Wt. 4 oz. (124g)  Red/Crunch  Sold in Single size and 3 pack and Halloween.  Ingredients: Fresh Selected Apples, Sugar, Water, Corn Syrup, Nonfat Dry Milk Solids, Cottonseed shortening and/or soybean oil,Peanuts and/or corn and soy cereal parts, flour, salt, lecithin, soda, Artifical Flavors and colors (FD&C Yellow #6, Yellow # 5, Blue# 1 and Red #40  Allergy Information: This product is manufactured on equipment that also processes peanuts and tree nuts (almonds, Walnuts, Pecans, Cashews and macadamia nuts).  UPC 0 79002 22434 9   A product of California Snack Foods, Inc.  So. El. Monte, CA 91733",91733-2754,All,Food,Firm was notified by supplier of apples that Caramel apples may be associated with a current Listeria Monocytogenes outbreak.,F-1893-2015,California Snack Foods Inc,CA,Terminated,Voluntary: Firm initiated,2014-12-27,2015-04-15,2015-04-06,2015-04-07
2140 Wilkins St,Detroit,Class II,"Product Codes: 088401520105, 1168, 1398    Best BY Date March 31 , 2018",United States,"Unknown, firm would not provide a customer list, but identified there were mail order customers in their press release.",78482,Letter,Dark Chocolate Almond Bark 5oz &1lb Clear plastic tubs,48207-2123,220 lb,Food,Germack Roasting  is voluntarily recalling its Dark Chocolate Almond Bark following a supplier's recall due to undeclared allergen milk.,F-0456-2018,NUTCO Inc. dba Germack Pistachio Co.,MI,Terminated,Voluntary: Firm initiated,2017-10-30,2017-12-20,2017-12-12,2018-04-02
21592 Atlantic Blvd Ste 130B,Sterling,Class I,"4040615  Net Wt: 7oz (200gm)  , Net Wt: 28oz (800gm)    4051315  Net Wt: 400 gms (14oz) , Net Wt: 5lb",United States,"Products were distributed in area of USA only in states of Virginia, Maryland & North Carlina since December 2014. Accounts were Food service & retail grocery stores. There were no US Government accounts.",71309,E-Mail,"AKSAR  (life taste and beyond)  Cashew Pieces     4040615  Net Wt: 7oz (200gm)  , Net Wt: 28oz (800gm)    4051315  Net Wt: 400 gms (14oz) , Net Wt: 5lb    20 NEWLAND COURT, STERLING, VA 20165  Phone # 703-880-9802 , FAX # 703-880-1602",20166-6858,4708.32 lbs,Food,The USFDA alerted firm during current inspection that a sample collected by agency had tested positive for Salmonella .  The firm decided to recall the product .,F-0135-2016,Aksar LLC,VA,Terminated,Voluntary: Firm initiated,2015-05-20,2015-11-11,2015-11-05,2016-01-11
216 W Pleasant St,Iron Ridge,Class I,Lot #: 2026-51127,United States,nationwide,98822,"Two or more of the following: Email, Fax, Letter, Press Release, Telephone, Visit","Ellsworth Sour Cream + Onion Seasoning, Part #:  180000113.  Net Wt 25.00 lbs (11.3kg).  PS Seasoning & Spices 216 W Pleasant St Iron Ridge WI  53035",53035-9665,250 lbs.,Food,Product was made with milk powder recalled by the supplier due to Salmonella contamination.,H-0814-2026,"PS Seasoning & Spices, Inc.",WI,Ongoing,Voluntary: Firm initiated,2026-04-22,2026-05-27,2026-05-21,
2161 W 182nd St Ste 102,Torrance,Class I,Expiration: 07/01/2025; 08/01/2025,United States,Distribution for all products is limited to one direct account consignee (Tokyo Central),96405,"Two or more of the following: Email, Fax, Letter, Press Release, Telephone, Visit","Choshiya branded ""RAKKYO ZUKE PREPARED VEGETABLES"" UPC# JANCODE 4983673526021",90504-4350,800 cases (20 units per case),Food,"Various non-shelf stable packaged vegetables missing ""Keep Refrigerated"" statement on label.",F-0679-2025,AKT Trading Inc.,CA,Terminated,Voluntary: Firm initiated,2025-02-18,2025-04-09,2025-03-28,2025-04-29
2170 N Lewis Ave Ste 250,Portland,Class I,"The lot code represents the day packaged.  The first four digits are the year, followed by two digits for the month, followed by two digits for the day.     LOT 20171201  LOT 20171202  LOT 20171203  LOT 20171204  LOT 20171205  LOT 20171206  LOT 20171207  LOT 20171208  LOT 20171209  LOT 20171210  LOT 20171211  LOT 20171212  LOT 20171213  LOT 20171214  LOT 20171215  LOT 20171216  LOT 20171217  LOT 20171218  LOT 20171219  LOT 20171220  LOT 20171221  LOT 20171222  LOT 20171223  LOT 20171224  LOT 20171225  LOT 20171226  LOT 20171227  LOT 20171228  LOT 20171229  LOT 20171230  LOT 20171231  LOT 20180101  LOT 20180102  LOT 20180103  LOT 20180104  LOT 20180105  LOT 20180106  LOT 20180107  LOT 20180108  LOT 20180109  LOT 20180110  LOT 20180111  LOT 20180112  LOT 20180113  LOT 20180114  LOT 20180115  LOT 20180116  LOT 20180117  LOT 20180118  LOT 20180119  LOT 20180120  LOT 20180121  LOT 20180122  LOT 20180122  LOT 20180124  LOT 20180125  LOT 20180126  LOT 20180127  LOT 20180128  LOT 20180129  LOT 20180130  LOT 20180131  LOT 20180201  LOT 20180202  LOT 20180203  LOT 20180204  LOT 20180205  LOT 20180206  LOT 20180207  LOT 20180208  LOT 20180209  LOT 20180210  LOT 20180211  LOT 20180212  LOT 20180213  LOT 20180214  LOT 20180215  LOT 20180216  LOT 20180217  LOT 20180218  LOT 20180219  LOT 20180220  LOT 20180221  LOT 20180222  LOT 20180223  LOT 20180224  LOT 20180225  LOT 20180226  LOT 20180227  LOT 20180228  LOT 20180301  LOT 20180302  LOT 20180303  LOT 20180304  LOT 20180305  LOT 20180306  LOT 20180307  LOT 20180308",United States,distributed throughout the U.S.,79480,"Two or more of the following: Email, Fax, Letter, Press Release, Telephone, Visit","RED Kratom CAPSULES, sold under brand names Kraken Kratom, Phytoextractum, and Soul Speciosa.     The capsules are packaged in plastic heat sealed pouches. Each package sold in 28 grams (1 ounce), 56 grams (2 ounces), 112 grams (4 ounces).  The varieties under each brand include:    Kraken Kratom	Red Maeng Da Capsules  Phytoextractum	Red Maeng Da Thai Capsules  Soul Speciosa	        Red Maeng Da Capsules",97227-1708,"10,210 packages",Food,"Kraken Kratom, Phytoextractum, and Soul Speciosa RED VEin Kratom Capsule are recalled due to potential contamination with Salmonella.",F-1528-2018,Pdx Aromatics,OR,Terminated,Voluntary: Firm initiated,2018-03-09,2018-03-28,2018-06-04,2018-09-13
2175 Royal Palm Ct,Norcross,Class II,STT103122 to STT012823,United States,Product was shipped to the following states GA & TN,91605,"Two or more of the following: Email, Fax, Letter, Press Release, Telephone, Visit","Cafe' Intermezzo Strawberry Cr¿me Torte 5.5 lbs Ingredients: White Cake, Water, Vegetable Oil, Strawberry Buttercream (Sugar, Shortening, Strawberry Jell-O, Vanilla Extract, Salt), Chocolate Pudding Mix, Strawberry Glaze, Red Chocolate Curls. Contains: Milk, eggs, wheat, and soy, May contain tree nuts and peanuts.",30071-4616,191 Tortes,Food,Firm did not list sub-ingredients. Undeclared Blue 1; Yellow 5 and 6; Red 40. Remaining major allergens were listed in contains statement and/or ingredient list.,F-0601-2023,Epic Baking,GA,Terminated,Voluntary: Firm initiated,2023-01-30,2023-03-22,2023-03-13,2025-12-17
22 Raymond Ln,Warrensburg,Class I,lot numbers: 719-959,United States,Nationwide through internet mail order sales and to NY retail stores,67843,Press Release,"OSCAR'S SMOKE HOUSE ""MORE THAN"" CHEDDAR SPREAD, NET WT 7 OZS, keep refrigerated.  Distributed by: Oscar's Smoke House Warrensburg, NY 12885.",12885-1108,"1,612 units",Food,Products were recalled due to potential Listeria monocytogenes contamination.,F-0071-2015,"Oscar's Hickory House, Inc.",NY,Terminated,Voluntary: Firm initiated,2014-03-26,2014-10-29,2014-10-22,2018-06-08
22 Raymond Ln,Warrensburg,Class I,lot numbers: 719-959,United States,Nationwide through internet mail order sales and to NY retail stores,67843,Press Release,"OSCAR'S SMOKE HOUSE GARLIC CHEDDAR SPREAD, NET WT 7 OZS, keep refrigerated.  Distributed by: Oscar's Smoke House Warrensburg, NY 12885.",12885-1108,"2,107 units",Food,Products were recalled due to potential Listeria monocytogenes contamination.,F-0066-2015,"Oscar's Hickory House, Inc.",NY,Terminated,Voluntary: Firm initiated,2014-03-26,2014-10-29,2014-10-22,2018-06-08
2220 Natures Path Way,Blaine,Class II,"Best Before 2020 Nov 12.  Lot No 201112.  Shop Order 127895.  Julian Pack Date 138.  Pallet ID s: 127895-106, 127895-107, 127895-108, and 127895-109.",United States,"CO, IN, NC, NH, TX, and WI.",86206,"Two or more of the following: Email, Fax, Letter, Press Release, Telephone, Visit","Gluten-Free Organic Mesa Sunrise Cereal USA, Nature's Path brand.  Shop Order # 127895. Product is Ready to eat breakfast cereal and shelf stable.  Packaged in poly film bag.  Each bag has a net Wt. 26.4 oz., each case has 6 bags.  Case UPC: 0 58449 77901 8.    The label is read in parts: ""***Gluten-Free***MESA SUNRISE REAL Crunchy Cereal *** CORN, FLAX, BUCKWHEAT, QUINOA & AMARANTH *** INGREDIENTS: Corn meal and/or yellow corn flour, cane sugar, flax seeds, buckwheat flour, quinoa, amaranth, sea salt, tocopherols (vitamin E) ***Produced in a facility that uses tree nuts, peanuts, and soy***"".",98230-9158,"384 cases (or 2,304 bags total)",Food,Undeclared Wheat and/or Barley.,F-1254-2020,"Natures Path Foods USA, Inc.",WA,Terminated,Voluntary: Firm initiated,2020-08-07,2020-08-26,2020-08-20,2020-12-07
2221 Frankfort Ave,Louisville,Class II,1aEGG121113,United States,Distributed in the states of Indiana and Kentucky,68486,"Two or more of the following: Email, Fax, Letter, Press Release, Telephone, Visit","Egg Noggin' Ice Cream. Manufactured by: Koogee-Queen Anne, LLC, d/b/a The Comfy Cow 2221 Frankfort Ave, Louisville, KY 40206.",40206-2407,7qt - 1 unit,Food,"During an FDA inspection the firm was notified that their bulk product lacked labels. Due to the lack of ingredient statement, the firm failed to declare direct allergens for the products. The products also lacked the declaration that they are packaged in a facility that processes peanuts, tree nuts, wheat, milk and eggs.",F-2106-2014,"Koogee-Queen Anne, LLC",KY,Terminated,Voluntary: Firm initiated,2014-04-10,2014-07-16,2014-07-09,2014-09-02
2221 Frankfort Ave,Louisville,Class II,Batch Numbers: 1aBANP103113,United States,Distributed in the states of Indiana and Kentucky,68486,"Two or more of the following: Email, Fax, Letter, Press Release, Telephone, Visit","Banana Puddin' Y'all Ice Cream. Manufactured by: Koogee-Queen Anne, LLC, d/b/a The Comfy Cow 2221 Frankfort Ave, Louisville, KY 40206.",40206-2407,"3gal - 1 unit, 5.2qt - 1 unit.",Food,"During an FDA inspection the firm was notified that their bulk product lacked labels. Due to the lack of ingredient statement, the firm failed to declare direct allergens for the products. The products also lacked the declaration that they are packaged in a facility that processes peanuts, tree nuts, wheat, milk and eggs.",F-2098-2014,"Koogee-Queen Anne, LLC",KY,Terminated,Voluntary: Firm initiated,2014-04-10,2014-07-16,2014-07-09,2014-09-02
2221 Frankfort Ave,Louisville,Class II,Codes on the products distributed to Comfy Cow retail locations are not tracked.,United States,Distributed in the states of Indiana and Kentucky,68486,"Two or more of the following: Email, Fax, Letter, Press Release, Telephone, Visit","Bonjour Toast Ice Cream, Manufactured by: Koogee-Queen Anne, LLC, d/b/a The Comfy Cow 2221 Frankfort Ave, Louisville, KY 40206.",40206-2407,1 - 3gal unit,Food,"During an FDA inspection the firm was notified that their bulk product lacked labels. Due to the lack of ingredient statement, the firm failed to declare direct allergens for the products. The products also lacked the declaration that they are packaged in a facility that processes peanuts, tree nuts, wheat, milk and eggs.",F-2122-2014,"Koogee-Queen Anne, LLC",KY,Terminated,Voluntary: Firm initiated,2014-04-10,2014-07-16,2014-07-09,2014-09-02
2221 Frankfort Ave,Louisville,Class II,Codes on the products distributed to Comfy Cow retail locations are not tracked.,United States,Distributed in the states of Indiana and Kentucky,68486,"Two or more of the following: Email, Fax, Letter, Press Release, Telephone, Visit","Cake Batter Up Ice Cream, Manufactured by: Koogee-Queen Anne, LLC, d/b/a The Comfy Cow 2221 Frankfort Ave, Louisville, KY 40206.",40206-2407,3 gal - 3 units,Food,"During an FDA inspection the firm was notified that their bulk product lacked labels. Due to the lack of ingredient statement, the firm failed to declare direct allergens for the products. The products also lacked the declaration that they are packaged in a facility that processes peanuts, tree nuts, wheat, milk and eggs.",F-2094-2014,"Koogee-Queen Anne, LLC",KY,Terminated,Voluntary: Firm initiated,2014-04-10,2014-07-16,2014-07-09,2014-09-02
2221 Frankfort Ave,Louisville,Class II,Codes on the products distributed to Comfy Cow retail locations are not tracked.,United States,Distributed in the states of Indiana and Kentucky,68486,"Two or more of the following: Email, Fax, Letter, Press Release, Telephone, Visit","Mocha Almond Fudge Ice Cream, Manufactured by: Koogee-Queen Anne, LLC, d/b/a The Comfy Cow 2221 Frankfort Ave, Louisville, KY 40206.",40206-2407,1 - 3gal unit; 1 - 5.2qt unit,Food,"During an FDA inspection the firm was notified that their bulk product lacked labels. Due to the lack of ingredient statement, the firm failed to declare direct allergens for the products. The products also lacked the declaration that they are packaged in a facility that processes peanuts, tree nuts, wheat, milk and eggs.",F-2152-2014,"Koogee-Queen Anne, LLC",KY,Terminated,Voluntary: Firm initiated,2014-04-10,2014-07-16,2014-07-09,2014-09-02
2221 Frankfort Ave,Louisville,Class II,Codes on the products distributed to Comfy Cow retail locations are not tracked.,United States,Distributed in the states of Indiana and Kentucky,68486,"Two or more of the following: Email, Fax, Letter, Press Release, Telephone, Visit","Ze German Chocolate Cake Ice Cream, Manufactured by: Koogee-Queen Anne, LLC, d/b/a The Comfy Cow 2221 Frankfort Ave, Louisville, KY 40206.",40206-2407,7 - 3gal units,Food,"During an FDA inspection the firm was notified that their bulk product lacked labels. Due to the lack of ingredient statement, the firm failed to declare direct allergens for the products. The products also lacked the declaration that they are packaged in a facility that processes peanuts, tree nuts, wheat, milk and eggs.",F-2169-2014,"Koogee-Queen Anne, LLC",KY,Terminated,Voluntary: Firm initiated,2014-04-10,2014-07-16,2014-07-09,2014-09-02
2221 N Patterson Ave,Winston Salem,Class I,"UPC #4137046131, Plant Code 3783, Sell by dates: 06-08-13  07-19-13, 08-02-13, 08-13-13 and 08-27-13.",United States,"FL, GA KY, NC, OH, PA, SC, TN and WV.",65142,"Two or more of the following: Email, Fax, Letter, Press Release, Telephone, Visit","IGA Brand Vanilla & Chocolate Ice Cream, 1.75 Quart",27105-6036,"10,050 cartons",Food,"Undeclared allergens: Almonds, Coconut, Soy Lecithin",F-1526-2013,Dairy Fresh LLC,NC,Terminated,Voluntary: Firm initiated,2013-05-08,2013-06-19,2013-06-12,2014-05-08
2225 Riverdale Rd,College Park,Class II,All lot codes shipped between 7/14/2021 and 8/13/2021,United States,"Product was shipped to the following states: GA, NC & TN.",88509,Letter,"MINOR'S SEAFOOD BASE NO MSG GF 6/16 OZ (1 lb) 453 G UNITS Plastic container (pint) gluten free DISTRIBUTED BY NESTLE PROFESSIONAL NORTH AMERIC, SOLON, OH 44139",30337-5111,23cs/6/1/lb Plastic container,Food,The firm determined that the food was not held at an appropriate temperature. Because of the time-temperature relationship of the environment this food could be unsafe to consume.,F-1000-2021,"Sysco Atlanta, LLC",GA,Completed,Voluntary: Firm initiated,2021-08-13,2021-09-29,2021-09-20,
2235 S Central Ave,Phoenix,Class II,"Manufactured April 21, 2019.  Lot 9068-2, Item # 4044, Bulk # UL-7, Exp. Date 04/2021;  Lot 9068-3, Item # 4691, Bulk # UL-7, Exp. Date 04/2021;  Lot 9068-4, Item # 4181, Bulk # UL-7, Exp. Date 04/2021;  Lot 9068-5, Item # 00064, Bulk # UL-7, Exp. Date 04/2021;  Lot 9068-6, Item # 00064, Bulk # UL-7, Exp. Date 04/2021",United States,Nationwide and Switzerland.  No military/govt/VA consignees.,82900,"Two or more of the following: Email, Fax, Letter, Press Release, Telephone, Visit","Immulox, UPC 1 82863 000064 6. Immune Balance Polypeptide Supplement with Naturally Occuring Bioactive Peptides.  5.07 oz (150 ml)",85004-2909,"7,132 Total Units",Food,"The recall is being conducted as a result of elevated APC levels.  Through additional testing, it was determined that the organism is Stenotrophomonas maltophilia.",F-1481-2019,"APS BioGroup, Inc",AZ,Terminated,Voluntary: Firm initiated,2019-05-15,2019-06-26,2019-06-18,2019-12-27
230 E Main St,Carnegie,Class II,"lot PB0042115, UPC 0019962168536",United States,nationwide to retailers and consumers,71095,Letter,"RN BlueChip: Glutamine, L-Glutamine Powder, 400 grams, Distributed by Reaction Nutrition, Carnegie, PA",15106-2700,366,Food,Work out support nutritional supplements manufactured on shared equipment may contain unknown amounts of whey protein and soy.,F-2397-2015,Reaction Nutrition LLC,PA,Terminated,Voluntary: Firm initiated,2015-04-15,2015-06-17,2015-06-05,2018-11-21
230 E Main St,Carnegie,Class II,"lots PB0041615, PB0030615, UPC 0748252659002",United States,nationwide to retailers and consumers,71095,Letter,"REACTION RECOR: Pre Action- 336g Glacier Blue, Distributed by Reaction Nutrition, Carnegie, PA",15106-2700,823,Food,Work out support nutritional supplements manufactured on shared equipment may contain unknown amounts of whey protein and soy.,F-2400-2015,Reaction Nutrition LLC,PA,Terminated,Voluntary: Firm initiated,2015-04-15,2015-06-17,2015-06-05,2018-11-21
2300 NW 19th St,Pompano Beach,Class I,Item #   302940.,United States,Products were distributed in South Florida.,62750,"Two or more of the following: Email, Fax, Letter, Press Release, Telephone, Visit","Yellow Onion.  Product is labeled in part:  ""***FC Salsa Mango""***Refrigerate at 34 F***""      Item #   302940 FC SALSA MANGO 2/5#.        Product is fresh made - Ready To Eat.",33069-5227,7 cases,Food,"FreshPoint South Florida is recalling sliced fresh yellow onions and salsa products processed using yellow onions sourced from Gills Onions, LLC which were recalled for Listeria monocytogenes.",F-1922-2012,FreshPoint South Florida,FL,Terminated,Voluntary: Firm initiated,2012-07-27,2012-08-15,2012-08-08,2014-10-08
2306 Commerce St,La Crosse,Class II,All lots manufactured prior to but not including 01/13/2016.,United States,"WI, MN, IA",73081,E-Mail,"Filled Long Johns 9999954006,  540062, 28 per bulk tote.",54603-1701,approx. 288755.44 product counts for all products,Food,"Kwik Trip, Inc. is recalling various bakery goods which might be contaminated with pieces of  plastic due to using plastic contaminated ice nuggets as an ingredient.",F-0587-2016,Kwik Trip Bakery,WI,Terminated,Voluntary: Firm initiated,2016-01-13,2016-02-24,2016-02-12,2017-07-18
23086 Harvest Rd,Edgewood,Class I,All lots,United States,Retail stores in IA,93596,"Two or more of the following: Email, Fax, Letter, Press Release, Telephone, Visit","Chocolate Walnut Fudge, 8oz, packaged in clear, plastic clamshell.",52042-7610,264 x 8oz containers,Food,Undeclared egg,F-0702-2024,Valley View Candies dba,IA,Terminated,Voluntary: Firm initiated,2023-12-08,2024-01-17,2024-01-08,2024-01-11
231 Woodland Ave,Manchester,Class I,All lots within expiry.,United States,NY and NJ,78523,Telephone,"Yorgo's Foods THREE BEAN SALAD NET WT. 5 LBS 80 oz (2268g) UPC: 7 56248 10071 1 and Yorgo's THREE BEAN SALAD NET WT. 12 OZ (340g) UPC: 7 56248 10063 6. Product is packaged in a clear plastic container, keep refrigerated.",03109-4457,8 oz 176393; 16 oz 5268; 2lb 496; 5lb 1482; 12oz 1373; 7 oz 6160; 14 oz 4075 (total for all products),Food,Product may be contaminated with Listeria monocytogenes.,F-0474-2018,Yorgo Food's Inc.,NH,Terminated,Voluntary: Firm initiated,2017-11-10,2017-12-06,2017-12-12,2018-07-13
2330 Ponce De Leon Blvd,Coral Gables,Class II,Manufacture #: 30.05.2023  Best Buy Date: 05/2025 Reorder #: 5087729,United States,Product was only sold in Texas.,94530,E-Mail,Sysco Classic Riced Cauliflower packed in a 4lb plastic bag (6 units of 4 lb. per carton box).,33134-5417,"3,240 cases",Food,Riced Cauliflower tested positive for Listeria monocytogenes.,F-1243-2024,"CN Frozen Foods, INC",FL,Terminated,Voluntary: Firm initiated,2024-04-27,2024-05-22,2024-05-15,2024-06-24
2332 S Centinela Ave,Los Angeles,Class II,"Best by dates: 7/30/19, 9/27/19, 11/18/19 and 11/20/2019.",United States,"Distributors in CA, TX, OR, AZ, OH, IL, CO, KY, IN, PA, GA",81268,Letter,Foodstirs Modern Baking;  Organic Minute Mug Cake Mix Celebration Confetti - 4 - 2.54 oz. (72g) Pouches per carton -Carton  Net Wt. 10.16 oz. (288g)    Carton UPC; 816524 02789  Master case UPC: 816524 020796,90064-1071,7996 cases (6 cartons per case),Food,Individual pouches of Organic Minute Mug Cake Mix Celebration Confetti 4-pack do not declare milk as an allergen. The correct allergen statement is on the outer carton.,F-0075-2019,FOODSTIRS,CA,Terminated,Voluntary: Firm initiated,2018-10-11,2018-11-07,2018-10-29,2018-11-07
2339 Center Square Rd,Swedesboro,Class I,"1) Wawa baby carrots Net Wt 3 oz (85g) Distributed by: Wawa, Inc. Wawa, PA 19063 wawa.com  On or before August 16; UPC 2619102517",United States,"Alabama, Arkansas, Connecticut, Delaware, DC, Florida, Georgia, Florida, Iowa, Illinois, Indiana, Kentucky, Louisiana, Maine, Maryland, Massachusetts, Michigan, Minnesota, Missouri, Mississippi, Montana, Nebraska, New Hampshire, New Jersey, New York, North Carolina, North Dakota, Ohio, Oklahoma, Pennsylvania, Rhode Island, South Carlina, South Dakota, Tennessee, Vermont, Virginia, Wisconsin, and West Virginia.",62794,Letter,"Wawa baby carrots Net Wt 3 oz (85g) Distributed by: Wawa, Inc. Wawa, PA 19063 wawa.com  On or before August 16; UPC 2619102517",08085-1700,7887 cases,Food,The products are contaminated with Listeria monocytogenes.,F-2282-2012,"Missa Bay, LLC",NJ,Terminated,Voluntary: Firm initiated,2012-08-08,2012-09-19,2012-09-11,2013-05-28
2347 Blairs Ferry Rd NE,Cedar Rapids,Class III,"Lot - 20771, Expires - 04/2020",United States,"The recalled product was distributed to retail stores in CA, FL, GA, IA, MI, MO, MT, NY, and SC and consumers nationwide and internationally in Denmark, Canada, UK, Australia, and Serbia.",72083,Press Release,"Iowa Select Herbs LLC, Burdock Root, www.iowaselectherbs.com, 4 fl. Oz.., Cedar Rapids, IA 52402",52402-1998,24 bottles,Food,"Pursuant to a consent decree for injunctive relief the recalling firm was ordered to recall all products because they are misbranded, unapproved new drugs and adulterated dietary supplements.",F-1154-2016,Iowa Select Herbs LLC,IA,Terminated,FDA Mandated,2015-09-11,2016-05-11,2016-05-02,2017-02-27
2347 Blairs Ferry Rd NE,Cedar Rapids,Class III,"Lot - 32795, Expires 04/2019",United States,"The recalled product was distributed to retail stores in CA, FL, GA, IA, MI, MO, MT, NY, and SC and consumers nationwide and internationally in Denmark, Canada, UK, Australia, and Serbia.",72083,Press Release,"Iowa Select Herbs LLC, Acerola Berry (Malpighia), www.iowaselectherbs.com, 4 fl. Oz. (120 ml), Cedar Rapids, IA 52402",52402-1998,10 bottles,Food,"Pursuant to a consent decree for injunctive relief the recalling firm was ordered to recall all products because they are misbranded, unapproved new drugs and adulterated dietary supplements.",F-1134-2016,Iowa Select Herbs LLC,IA,Terminated,FDA Mandated,2015-09-11,2016-05-11,2016-05-02,2017-02-27
235 Commercial Ave,Palisades Park,Class I,Lot #2948E with BB 3/2017,United States,"NJ, NY and PA",70284,Letter,"Rosa Maria Ground Cumin, (Comino Molido), 6 oz. (173g), UPC 707425-16041-7, Packed by NAC Foods Corp., Palisades Park, NJ.",07650-1109,22 cases,Food,N.A.C. Foods initiated this recall because Mimi's Products Ground Cumin and Rosa Maria Ground Cumin may contain undeclared peanut protein.,F-1070-2015,N.A.C. Foods,NJ,Terminated,Voluntary: Firm initiated,2014-12-24,2015-02-18,2015-02-11,2018-07-19
240 Commercial St,Malden,Class II,Lot Codes: 22081; 22088; 22095; 22102; 22109 Expiration: 3/22/2023; 3/29/2023; 4/5/2023; 4/12/2023; 4/19/2023,United States,"MA, ME, NH, NY, VT, RI, CT, NJ, VA, FL, NC, SC, IL, MS, CO",90802,E-Mail,Brioche-Style Slider Roll 24-pack (033474512021),02148-6780,"18,119 frozen product trays (total)",Food,Products may be contaminated with Cronobacter sakazakii and/or Clostridium botulinum,F-1722-2022,"Piantedosi Baking Co., Inc.",MA,Terminated,Voluntary: Firm initiated,2022-08-17,2022-09-14,2022-09-08,2022-12-29
2405 Robertson Ave,Cincinnati,Class II,All lots,United States,"Product was shipped to the following states: CA, FL, GA, IN, MI, NJ, OH, RI & PA.",77041,Telephone,Moondance desserts gluten free Chocolate Chip Cookie Bar 12 oz (340g)  UPC 36211 68096 9,45212-3410,188 cases,Food,Undeclared milk,F-2219-2017,"Moondance Heavenly Desserts, LLC",OH,Terminated,Voluntary: Firm initiated,2017-04-17,2017-05-24,2017-05-16,2017-08-09
2413 S Broadway,Santa Ana,Class I,All lots or best buy dates and any products that do not have any lot codes or best buy dates.,United States,"U.S. distribution to the following: AK, AL, AR, AZ, CA, CO, CT, DC, DE, FL, GA, HI, IA, ID, IL, IN, KS, KY, MA, MD, ME, MI, MN, MO, MS, MT, NC, ND, NE, NH, NJ, NM, NV, NY, OH, OK, OR, PA, PR, RI, SC, SD, TN, TX, UT, VA, VT, WA, WI, WV, WY  No foreign distribution.",94869,"Two or more of the following: Email, Fax, Letter, Press Release, Telephone, Visit",Diamond Shruumz Chocolate Bars Dark Chocolate UPC 755003858829,92707-3251,"248,007 products",Food,Toxic levels of muscimol,F-1530-2024,"Prophet Premium Blends, LLC",CA,Terminated,Voluntary: Firm initiated,2024-06-27,2024-08-07,2024-07-30,2025-04-02
2435 US Highway 78,Moody,Class I,"a)  Lot number:  16110118  b)  Lot numbers:  16131185, 16165184",United States,"GA, AL",74866,Telephone,"Ground Turmeric packaged as follows:  a) FOOD LOCKER(R) , 16 oz, PHENIX FOOD SERVICE, PHENIX CITY, AL  36867  b) Ground Turmeric, Net Wt. 4 oz.,",35004-2137,468 units,Food,The firm received a notice from their supplier that a sample of ground turmeric was tested and found to have elevated levels of lead.,F-1613-2017,J M Exotic Foods Inc,AL,Terminated,Voluntary: Firm initiated,2016-08-02,2017-03-22,2017-03-16,2017-03-29
2489 Russell St,Detroit,Class II,"Distributed between 7/15/2016 to 10/30/2017, there are no lot codes or UPC codes",United States,Domestic: MI,78597,Letter,"DARK CHOCOLATE CHERRY, 16 oz., 25 pound bulk case",48207-2631,"447, 1 lb units",Food,"Rockys Historic Eastern Market initiated a voluntary recall of DARK CHOCOLATE CHERRY, and DARK CHOCOLATE CRANBERRY due to undeclared allergen milk following a supplier's recall.",F-0504-2018,Rocky'S Historic Eastern Market,MI,Terminated,Voluntary: Firm initiated,2017-11-08,2017-12-27,2017-12-18,2018-07-09
"2495 Main Street, Suite 350",Buffalo,Class I,Lot #35016  Best by 9-15-2017,United States,New York region through Wegman's Stores,76657,"Two or more of the following: Email, Fax, Letter, Press Release, Telephone, Visit","Wegmans Milk Chocolate Sucker, NET WT 3 OZ.  The product is shipped within a carton labeled with an orange label as  WEGMANS SWISS RECIPE Milk Chocolate Big Ear Bunny Sucker (3 oz 36 count case).  The individual product contains a lavender label and read Wegmans Milk Chocolate Sucker,  comes in a 3-oz., clear plastic flow wrap 6  long by 2  wide.",14214-2154,72 units,Food,Contains Undeclared Peanuts,F-1985-2017,"Landies Candies, Inc.",NY,Terminated,Voluntary: Firm initiated,2017-03-06,2017-04-26,2017-04-18,2018-07-09
25 Myers Rd,Wallkill,Class I,Lot Codes:  7424  Expiration date: 12/11/19,United States,"NY, CT, NJ, MN, NC, FL, VA, MA, IL, PA, and Washington D.C.",84461,"Two or more of the following: Email, Fax, Letter, Press Release, Telephone, Visit",Daniel Boulud brand Baja flavored (8oz) smoked salmon products manufactured on 11/19/19 by Catsmo Acquisition LLC packaged in vacuum pouches.,12589-3516,"Approximately 3,800lbs Total",Food,Product may be contaminated with Listeria monocytogenes.,F-0581-2020,CATSMO LLC,NY,Terminated,Voluntary: Firm initiated,2019-12-10,2020-02-12,2020-01-31,2020-03-25
25 Research Dr,Westborough,Class II,Deli items sold from 1/20/16 to 2/3/16 at the 71 affected clubs (see distribution list).,United States,"BJs locations in Delaware, Maryland, New Jersey, New York, North Carolina, Ohio, Pennsylvania and Virginia",73233,Press Release,ITALIAN SANDWICH RING.  This is a deli service item,01581-3680,19,Food,Product may have been sliced on the same equipment where the mortadella with pistachios was sliced.,F-0960-2016,Bj Wholesale Club,MA,Terminated,Voluntary: Firm initiated,2016-02-05,2016-04-13,2016-04-06,2017-01-24
250 Camelot Dr,Fond Du Lac,Class I,"Batch Numbers:   ANS828-1, ANS828-2, ANS828-3, ANV506-1, ANV506-2, ANV506-3, ANX882-1, ANX882-2, ANX882-3, ANZ662-1, ANZ662-2, ANZ662-3, AOA584-1, AOA584-2, AOA584-3, AOC487-1, AOC487-2, AOC487-3, AOE028-1, AOE028-2, AOE028-3, AOE030-1, AOE030-2, AOE030-3,",United States,"AR, CA, CO, GA, ID, IL, IN, KS, KY, LA, MA, MI, MN, MO, NC, NJ, NY, OH, PA, SD, TN, TX, UT, WI.   Outside the US to Canada, Ecuador, and Japan.",94540,E-Mail,"Grande Bravo 300 Functional Whey Protein  SKU 32102.  34% Protein.   Grade A.  Pasteurized.  Net Wt 50 lbs.  Ingredients: Whey Protein Concentrate  Contains Milk.   Grande Custom Ingredients Group, 250 Camelot Drive, Fond du Lac, WI",54935-8029,"1,726,910 lbs total",Food,Possible Salmonella contamination.,F-1363-2024,GRANDE CHEESE COMPANY,WI,Terminated,Voluntary: Firm initiated,2024-05-01,2024-06-19,2024-06-13,2025-06-26
250 E Main St,Rochester,Class I,"Lot L1300, including L1300A and L1300B.  Lot number is stamped on the back, near the bottom of each individual bar pouch.",United States,New York,98427,"Two or more of the following: Email, Fax, Letter, Press Release, Telephone, Visit","Junebar Chocolate Cherry All Natural Snack Bar; INGREDIENTS: ORGANIC ALMOND BUTTER, DATE PASTE, ORGANIC BLACK BEANS, ORGANIC SWEET POTATOES, GLUTEN FREE ROLLED OATS, SEMI-SWEET SOY FREE VEGAN CHOCOLATE CHIPS (ORGANIC CANE SUGAR, UNSWEETENED CHOCOLATE, COCOA BUTTER), DRIED CHERRIES, ALMONDS; OAT FLOUR, COCOA POWDER, ORANGE ZEST, VANILLA EXTRACT (VANILLA BEAN EXTRACTIVES IN WATER, ALCOHOL), FLAX, CINNAMON, SEA SALT, BAKING POWDER; ALLERGEN WARNING: CONTAINS TREE NUTS (ALMOND, COCONUT), PRODUCED ON EQUPMENT ALSO HANDLING PEANUT, SESAME. PRODUCED IN A FACILITY THAT ALSO PROCESES GLUTEN PRODUCTS. KEEP REFRIGERATED; UPC: 8 60012 38462 4",14604-2196,1800 bars total,Food,Products contain undeclared milk and soy.,H-0543-2026,"Juniper Granola, LLC",NY,Terminated,Voluntary: Firm initiated,2026-02-11,2026-03-11,2026-03-05,2026-05-14
250 E Park Center Blvd,Boise,Class I,All sell thru dates up to and including July 18,United States,"U.S. distribution to the following: AK, CA, CO, CT, DE, ID, IL, IA, ME, MD, MA, NE, NH, NV, NJ, NM, NY, PA, RI, SD, VT, VA, WA, DC, WY  No foreign distribution.",90633,"Two or more of the following: Email, Fax, Letter, Press Release, Telephone, Visit","Ready Meals Crab & Shrimp w/Ccktl   SCE NET WT 12 OZ CAL 310 NET WT. 0lb 12oz (340g) ready2eat UPC 23253500000  Store Banners: ACME, Albertsons, Andronico s Community Markets, Balducci s, Carrs-Safeway, Eagle, Jewel-Osco, King s, Pak  N Save, Safeway, Shaw s, Star Market, Vons",83726-0020,,Food,"Undeclared allergens; fish, shellfish, egg, wheat, and soy",F-1558-2022,Albertsons Companies LLC,ID,Terminated,Voluntary: Firm initiated,2022-07-13,2022-08-24,2022-08-18,2022-09-29
250 E Park Center Blvd,Boise,Class I,"All Sell thru Dates up to and including May 24, 22.",United States,"The store prepared products were available and sold in the following states:     Alaska, Arkansas, California, Colorado, Connecticut, Delaware, Hawaii, Idaho, Illinois, Indiana, Iowa, Louisiana, Maine, Maryland, Massachusetts, Nebraska, Nevada, New Hampshire, New Jersey, New Mexico, New York, North Dakota, Oregon, Pennsylvania, Rhode Island, South Dakota, Texas, Utah, Vermont, Virginia, Washington, and Wyoming.",90293,"Two or more of the following: Email, Fax, Letter, Press Release, Telephone, Visit","Ready Meals PB & Trail Mix Snack.  Product were available for purchase at the following banners: Shaw's, Star Market. Packaged in clear plastic square bottom and lid.  Net wt. 7.6 oz.",83726-0020,Firm did not provide.,Food,Potential Salmonella contamination.,F-1332-2022,Albertsons Companies LLC,ID,Terminated,Voluntary: Firm initiated,2022-05-21,2022-06-29,2022-06-21,2022-07-19
250 E Park Center Blvd,Boise,Class I,Sell Thru Dates: SEP 25 25 Thru OCT 4 25,United States,"Distributed in AK, AR, AZ, CA, CO, HI, LA, NE, NM, NV, OK, SD, TX, UT, and WY.",97724,"Two or more of the following: Email, Fax, Letter, Press Release, Telephone, Visit","Ready Meals Smoked Mozzarella With Hot Links Extra Large, UPC 200003 #####. Product was made in-store with store generated scale label applied to the container.    Sold under store banners Carrs-Safeway, Eagle, and Safeway in AK",83726-0020,unknown,Food,Listeria monocytogenes. Albertson's store-made deli items contain a recalled Penne pasta ingredient which was recalled due to Listeria monocytogenes.,H-0124-2026,Albertsons Companies LLC,ID,Terminated,Voluntary: Firm initiated,2025-09-26,2025-10-29,2025-10-22,2025-11-25
250 E Park Center Blvd,Boise,Class II,Product was labeled with a Packed On date of May 05. 26 or before.,United States,Nationwide.,98953,E-Mail,UPC 21163600000 Ready Meals SALAD WALDORF SS            This is Albertson's store-made item and sold by random weight at point of sale with grocery store's scale label.,83726-0020,82 units,Food,Contains statement does not declare Walnut,H-1016-2026,Albertsons Companies LLC,ID,Ongoing,Voluntary: Firm initiated,2026-05-06,2026-06-10,2026-06-18,
250 E Park Center Blvd,Boise,Class II,Product was labeled with a Packed On date of May 05. 26 or before.,United States,Nationwide.,98953,E-Mail,UPC 25185700000 COOKIE GOURMET DUBAI 1CT                             This is Albertson's store-made item and sold by unit at point of sale with grocery store's scale label.,83726-0020,Firm did not provide,Food,Contains statement does not declare Pistachio.,H-0968-2026,Albertsons Companies LLC,ID,Ongoing,Voluntary: Firm initiated,2026-05-06,2026-06-10,2026-06-18,
250 E Park Center Blvd,Boise,Class III,Product was labeled with a Packed On date of May 05. 26 or before.,United States,Nationwide.,98953,E-Mail,UPC 29120700000 Ready Meals SALAD SMOKED SALMON & FETA PASTA SS   UPC 29137800000 SALAD SMOKED SALMON & FETA PASTA FS COLD     This is Albertson's store-made item and sold by random weight at point of sale with grocery store's scale label.,83726-0020,34 units,Food,Contains statement does not declare Salmon,H-1059-2026,Albertsons Companies LLC,ID,Ongoing,Voluntary: Firm initiated,2026-05-06,2026-06-10,2026-06-18,
250 E Park Center Blvd,Boise,Class III,Product was labeled with a Packed On date of May 05. 26 or before.,United States,Nationwide.,98953,E-Mail,UPC 29604300000 SALMON WASABI GRILLED FS COLD               This is Albertson's store-made item and sold by unit at point of sale with grocery store's scale label.,83726-0020,2 units,Food,Contains statement does not declare Salmon,H-1071-2026,Albertsons Companies LLC,ID,Ongoing,Voluntary: Firm initiated,2026-05-06,2026-06-10,2026-06-18,
250 E Park Center Blvd,Boise,Class II,"All recalled items have sell thru dates up to and including 10-22-17 (October 22, 2017}.",United States,"TEXAS, LOUISIANA and ARKANSAS",78371,Press Release,"Ready. Chef. Go! Halibut Fillet;  UPC 231694    Items are made in store with generated scale label; sold as single, packaged items from refrigerated cases in the meat/seafood department or from mobile refrigerated merchandise cases. The scale label denotes the net weight of each product.",83726-0020,35 units,Food,Recall of Ready. Chef. Go! Seafood meal bags after notification that they were produced with vegetable products recalled by supplier for potential Listeria monocytogenes.,F-0055-2018,Albertsons Inc,ID,Terminated,Voluntary: Firm initiated,2017-10-19,2017-11-08,2017-10-27,2017-11-03
2500 Windy Ridge Pkwy SE,Atlanta,Class II,"UPC 49000 04086, Optimum Taste Code; AUG062 SLA 12:52-13:44",United States,"MO, IA and IL.",62131,Visit,"Coca Cola Zero, 20 fl. oz., The Coca Cola Company.",30339-5677,1000 cases (24 bottles per case).,Food,The product may exhibit off odor and off taste due to low levels of ammonium salts that may exist in these beverages.,F-1733-2012,"Coca-Cola Refreshments, USA Inc.",GA,Terminated,Voluntary: Firm initiated,2012-06-01,2012-07-18,2012-07-06,2012-10-11
2501 N Keeler Ave,Chicago,Class II,Product #A22178; Lot #WN020117D; WN040217D; WN040517D,United States,"Nationwide, Mexico, Canada",77194,Letter,"A22178, BATTER MIX X1, NET WT 50 LBS, Manufactured By: Newly Weds Foods, Inc., Chicago, IL 60639",60639-2131,"10,300 lbs",Food,Product may contain undeclared milk.,F-3000-2017,Newly Weds Foods Inc,IL,Terminated,Voluntary: Firm initiated,2017-05-03,2017-07-26,2017-08-17,2019-08-05
2501 N Keeler Ave,Chicago,Class II,Product #A40126; Lot #WN012517A,United States,"Nationwide, Mexico, Canada",77194,Letter,"A40126, BREADER X1, NET WT 50 LBS, Manufactured By: Newly Weds Foods, Inc., Chicago, IL 60639",60639-2131,"2,500 lbs",Food,Product may contain undeclared milk.,F-3046-2017,Newly Weds Foods Inc,IL,Terminated,Voluntary: Firm initiated,2017-05-03,2017-07-26,2017-08-17,2019-08-05
2501 N Keeler Ave,Chicago,Class II,Product #A59036; Lot #WN021017D;  WN030417E;  WN042017D,United States,"Nationwide, Mexico, Canada",77194,Letter,"A59036 Breader X2, NET WT 50 LBS, Manufactured By:  Newly Weds Foods, Inc., Chicago, IL 60639",60639-2131,"12,800 lbs",Food,Product may contain undeclared milk.,F-2969-2017,Newly Weds Foods Inc,IL,Terminated,Voluntary: Firm initiated,2017-05-03,2017-07-26,2017-08-17,2019-08-05
2501 N Keeler Ave,Chicago,Class II,Product #A81911; Lot #WN012817D,United States,"Nationwide, Mexico, Canada",77194,Letter,"A81911, BATTER MX X1*, NET WT 50 LBS, Manufactured By: Newly Weds Foods, Inc., Chicago, IL 60639",60639-2131,"2,650 lbs",Food,Product may contain undeclared milk.,F-3075-2017,Newly Weds Foods Inc,IL,Terminated,Voluntary: Firm initiated,2017-05-03,2017-07-26,2017-08-17,2019-08-05
2501 N Keeler Ave,Chicago,Class II,Product #A85729; Lot #WN040617E,United States,"Nationwide, Mexico, Canada",77194,Letter,"A85729, BATTER MX X1@, NET WT 1900 LBS, Manufactured By: Newly Weds Foods, Inc., Chicago, IL 60639",60639-2131,"9,500 lbs",Food,Product may contain undeclared milk.,F-3101-2017,Newly Weds Foods Inc,IL,Terminated,Voluntary: Firm initiated,2017-05-03,2017-07-26,2017-08-17,2019-08-05
2501 N Keeler Ave,Chicago,Class II,Product #A96555; Lot #WN012117E,United States,"Nationwide, Mexico, Canada",77194,Letter,"A96555, PREDUST X2, NET WT 50 LBS, Manufactured By: Newly Weds Foods, Inc., Chicago, IL 60639",60639-2131,"2,550 lbs",Food,Product may contain undeclared milk.,F-3116-2017,Newly Weds Foods Inc,IL,Terminated,Voluntary: Firm initiated,2017-05-03,2017-07-26,2017-08-17,2019-08-05
2501 N Keeler Ave,Chicago,Class II,Product #A99824; Lot #WN011217D;  WN032217D,United States,"Nationwide, Mexico, Canada",77194,Letter,"A99824, BREADER X1, NET WT 35 LBS, Manufactured By: Newly Weds Foods, Inc., Chicago, IL 60639",60639-2131,"5,250 lbs",Food,Product may contain undeclared milk.,F-3129-2017,Newly Weds Foods Inc,IL,Terminated,Voluntary: Firm initiated,2017-05-03,2017-07-26,2017-08-17,2019-08-05
2501 N Keeler Ave,Chicago,Class II,Product #B21085; Lot #WN010317D,United States,"Nationwide, Mexico, Canada",77194,Letter,"B21085, BATTER MIX, NET WT 50 LBS, Manufactured By: Newly Weds Foods, Inc., Chicago, IL 60639",60639-2131,"5,100 lbs",Food,Product may contain undeclared milk.,F-3154-2017,Newly Weds Foods Inc,IL,Terminated,Voluntary: Firm initiated,2017-05-03,2017-07-26,2017-08-17,2019-08-05
2501 N Keeler Ave,Chicago,Class II,Product #B27478; Lot #WN021517D;  WN030417E,United States,"Nationwide, Mexico, Canada",77194,Letter,"B27478,  BATTER MIX X2, NET WT 50 LBS, Manufactured By: Newly Weds Foods, Inc., Chicago, IL 60639",60639-2131,"5,000 lbs",Food,Product may contain undeclared milk.,F-3165-2017,Newly Weds Foods Inc,IL,Terminated,Voluntary: Firm initiated,2017-05-03,2017-07-26,2017-08-17,2019-08-05
2501 N Keeler Ave,Chicago,Class II,Product #B2ABN1; Lot #WN030717D,United States,"Nationwide, Mexico, Canada",77194,Letter,"B2ABN1,  BATTER MX X1@, NET WT 50 LBS, Manufactured By: Newly Weds Foods, Inc., Chicago, IL 60639",60639-2131,"2,600 lbs",Food,Product may contain undeclared milk.,F-3173-2017,Newly Weds Foods Inc,IL,Terminated,Voluntary: Firm initiated,2017-05-03,2017-07-26,2017-08-17,2019-08-05
2501 N Keeler Ave,Chicago,Class II,Product #B2ADU3; Lot #WN040217D,United States,"Nationwide, Mexico, Canada",77194,Letter,"B2ADU3,  BATTER MX X1*,  NET WT 50 LBS, Manufactured By: Newly Weds Foods, Inc., Chicago, IL 60639",60639-2131,"2,600 lbs",Food,Product may contain undeclared milk.,F-3175-2017,Newly Weds Foods Inc,IL,Terminated,Voluntary: Firm initiated,2017-05-03,2017-07-26,2017-08-17,2019-08-05
2501 N Keeler Ave,Chicago,Class II,Product #B4016W; Lot #WN011817A;  WN022217A;  WN032917A;  WN041917A;  WN122116A,United States,"Nationwide, Mexico, Canada",77194,Letter,"B4016W, 910277 Breader, NET WT 40 LBS, Manufactured By:  Newly Weds Foods, Inc., Chicago, IL 60639",60639-2131,"26,000 lbs",Food,Product may contain undeclared milk.,F-2992-2017,Newly Weds Foods Inc,IL,Terminated,Voluntary: Firm initiated,2017-05-03,2017-07-26,2017-08-17,2019-08-05
2501 N Keeler Ave,Chicago,Class II,Product #B4AAF3; Lot #WN011117A;  WN022217A;  WN032217A;  WN041217A,United States,"Nationwide, Mexico, Canada",77194,Letter,"B4AAF3, BREADER X1, NET WT 50 LBS, Manufactured By: Newly Weds Foods, Inc., Chicago, IL 60639",60639-2131,"40,000 lbs",Food,Product may contain undeclared milk.,F-3229-2017,Newly Weds Foods Inc,IL,Terminated,Voluntary: Firm initiated,2017-05-03,2017-07-26,2017-08-17,2019-08-05
2501 N Keeler Ave,Chicago,Class II,Product #B51926; Lot #WN011717D;  WN022017D;  WN022117D;  WN032717D;  WN040317D;  WN040717D;  WN040817D;  WN121016D;  WN122016D,United States,"Nationwide, Mexico, Canada",77194,Letter,"B51926, PREDUST X1*, NET WT 40 LBS, Manufactured By: Newly Weds Foods, Inc., Chicago, IL 60639",60639-2131,"194,640 lbs",Food,Product may contain undeclared milk.,F-3238-2017,Newly Weds Foods Inc,IL,Terminated,Voluntary: Firm initiated,2017-05-03,2017-07-26,2017-08-17,2019-08-05
2501 N Keeler Ave,Chicago,Class II,Product #B52432; Lot #WN013017D;  WN013117D;  WN031817D,United States,"Nationwide, Mexico, Canada",77194,Letter,"B52432, BREADER X3@, NET WT 50 LBS, Manufactured By: Newly Weds Foods, Inc., Chicago, IL 60639",60639-2131,"27,500 lbs",Food,Product may contain undeclared milk.,F-3241-2017,Newly Weds Foods Inc,IL,Terminated,Voluntary: Firm initiated,2017-05-03,2017-07-26,2017-08-17,2019-08-05
2501 N Keeler Ave,Chicago,Class II,Product #B86036; Lot #WN012517D;  WN010617D;  WN022017D;  WN122216D,United States,"Nationwide, Mexico, Canada",77194,Letter,"B86036, BATTER MX X1*, NET WT 50 LBS, Manufactured By: Newly Weds Foods, Inc., Chicago, IL 60639",60639-2131,"22,850 lbs",Food,Product may contain undeclared milk.,F-3299-2017,Newly Weds Foods Inc,IL,Terminated,Voluntary: Firm initiated,2017-05-03,2017-07-26,2017-08-17,2019-08-05
2501 N Keeler Ave,Chicago,Class II,Product #B93756; Lot #WN011217E;  WN020817D;  WN031117E;  WN033117D,United States,"Nationwide, Mexico, Canada",77194,Letter,"B93756, BREADER X1@, NET WT 40 LBS, Manufactured By: Newly Weds Foods, Inc., Chicago, IL 60639",60639-2131,"24,080 lbs",Food,Product may contain undeclared milk.,F-3319-2017,Newly Weds Foods Inc,IL,Terminated,Voluntary: Firm initiated,2017-05-03,2017-07-26,2017-08-17,2019-08-05
2521 E Hennepin Ave,Minneapolis,Class II,Lot codes: 130213 and 130214,United States,"5 distributers in 4 states: MN, WI, IA, and ND.",77892,E-Mail,"US Foods VEG MIX BROC/RED-ON-PEP STRIP, 2/5#, 8651259",55413-2911,900 pounds (total),Food,Broccoli has the potential to be contaminated with E. coli O26,F-3414-2017,Go Fresh,MN,Terminated,Voluntary: Firm initiated,2017-08-03,2017-08-30,2017-08-22,2017-09-19
2521 E Hennepin Ave,Minneapolis,Class I,"BEST BY 9/15/12 & 9/16/12,",United States,"Minnesota, Iowa, North Dakota and Wisconsin",63267,Letter,"SYSCO Imperial	6520795	1/5# FRUIT MIX CHUNKS 3/4""	130249 & 130250	BEST BY 9/15/12 & 9/16/12, UPC# 1007 4865393314.",55413-2911,721 TOTAL CASES FOR ALL PRODUCTS,Food,"G.O. Fresh in Minnesota is voluntarily recalling specific cut items that contain cantaloupe, which has been recalled by DFI Marketing, Inc. due to potential Salmonella contamination.",F-0091-2013,G.O. Fresh,MN,Terminated,Voluntary: Firm initiated,2012-09-13,2012-10-17,2012-10-11,2013-02-14
2525 W 7th Pl,Eugene,Class I,No Best by Date or Expiration dates are included on packaging.,United States,distributed in OR only.,86207,"Two or more of the following: Email, Fax, Letter, Press Release, Telephone, Visit","M60026CS Onions Yellow Sliced sold by pound for foodservice use. Product is perishable, refrigerated, shelf life 5 days, and packed in 5 lbs. cello bags. No label was attached/provided.",97402-2688,120 lbs. total,Food,Processed onions products are recalled due to a potential contamination with Salmonella Newport.  Onions were supplied from Thomson International Inc.,F-1260-2020,Emerald Fruit & Produce Inc,OR,Terminated,Voluntary: Firm initiated,2020-07-31,2020-09-02,2020-08-24,2020-09-28
255 Business Center Dr,Horsham,Class II,"Best by: September 24, 2016/ 3098;  UPC:7203001799",United States,nationwide,75079,Visit,"Entenmann's Little Bites Variety - 20 pouches labeled for resale  10 Chocolate Chip; 5 Blueberry; 5 Fudge Brownie;  Net Wt 2 lbs.;  Distributed by: Entenmann's Inc., General Offices, PO #976, Horsham, PA 19044.  Best by: September 24, 2016/ 3098;  UPC:7203001799",19044-3424,"45,600 boxes",Food,Presence of plastic in muffins and brownies.,F-0165-2017,BIMBO Bakeries USA Inc.,PA,Terminated,Voluntary: Firm initiated,2016-08-30,2016-10-26,2016-10-18,2017-06-29
2571 N Main St,Hubbard,Class II,Manufacturing code: 230911033,United States,OH,93090,Telephone,"3 Gallon, plastic container of mint chip flavored ice cream",44425-3245,35,Food,"Undeclared wheat, soy and coconut",F-0294-2024,Katies Korner Inc.,OH,Terminated,Voluntary: Firm initiated,2023-09-14,2023-10-25,2023-10-18,2023-10-18
2583 Milford Rd,E Stroudsburg,Class II,All lots,United States,"Distributed to retail stores, restaurants, and distribution centers in NJ, MA, and PA.",90144,"Two or more of the following: Email, Fax, Letter, Press Release, Telephone, Visit",Cheese & Scallion Pierogi  Grandma s Cuisine Cheese & Scallion Pierogi UPC: 8 67355 00040 2	16oz (454g) / 1 dozen,18301-9719,138 units,Food,Undeclared milk,F-1098-2022,DYMSKI PIEROGI LLC,PA,Terminated,Voluntary: Firm initiated,2022-05-06,2022-06-08,2022-05-27,2022-10-25
2583 Milford Rd,E Stroudsburg,Class II,All lots,United States,"Distributed to retail stores, restaurants, and distribution centers in NJ, MA, and PA.",90144,"Two or more of the following: Email, Fax, Letter, Press Release, Telephone, Visit",Potato and Cheese Pierogi  Grandma s Cuisine Potato-Cheese Pierogi  UPC: 7 1375737813 0 & 8 67355 0030 3lb/3 dozen & 14oz (397g)/1dozen Bernat s Potato & Cheese 16oz (450g) Golden Eagle Potato and Cheese Pierogis UPC: 0 94922 10425 0	16oz Zuzanna s Potato-Cheese Pierogi 16 oz.,18301-9719,"39,084 units",Food,Undeclared milk and wheat,F-1091-2022,DYMSKI PIEROGI LLC,PA,Terminated,Voluntary: Firm initiated,2022-05-06,2022-06-08,2022-05-27,2022-10-25
259 E 7th St,Frederick,Class I,Mar 08 PLT-24008,United States,"Geographic areas of distribution: Maryland and Connecticut    The firm sold product to 14 of direct account customers. All direct account customers were distributors, schools, prisons, and similar institutions.",76586,Telephone,"Grove Fresh Pasteurized Apple Juice from concentrate, 4-ounce cartons, 100 % Pure.",21701-5227,,Food,The firm received several customer complaints regarding foreign material in the product.  The firm tested seven of the returned product units and found that they were positive for undeclared milk.  The product has been recalled due to undeclared milk.,F-1567-2017,"Dairy Maid Dairy, LLC",MD,Terminated,Voluntary: Firm initiated,2017-02-16,2017-03-15,2017-03-03,2017-06-02
2600 Aurora Rd Ste Q,Melbourne,Class II,08182023,United States,Domestic distribution only.,89230,Telephone,"Joy's Gourmet Blast Off! Bloody Mary Mix, Net Wt. 24 Oz",32935-2884,12 cases/12 bottles ea.,Food,Undeclared Fish and Soy,F-0364-2022,"Joy's International Foods, Incorporated",FL,Terminated,Voluntary: Firm initiated,2021-12-13,2022-01-12,2022-01-06,2022-03-16
2600 N US Highway 75,Sioux City,Class I,"Exp 7/12/2017, 7/13/2017, 7/14/2017, 7/17/2017, 7/18/2017, 7/19/2017, 7/20/2017, 7/21/2017, 7/24/2017, 7/27/2017, 7/28/2017, 8/1/2017, 8/2/2017, 8/3/2017, 8/4/2017, 8/7/2017, 8/9/2017, 8/10/2017, 8/18/2017, 8/19/2017, 8/21/2017, 8/29/2017",United States,"Product distributed to grocery stores and grocery store distribution centers in AL, AR, AZ, CA, FL, GA, IA, IL, IN, KS, KY, LA, ME, MI, MN, MO, MS, NC, NE, NM, NV, NY, OH, OK, PA, SC, SD, TN, TX, UT, VA, WA, WI, and WY",76154,"Two or more of the following: Email, Fax, Letter, Press Release, Telephone, Visit","Palmer's Candies Peppermint Bark A) NET WT 9 OZ (255 g) packaged in plastic clamshell containers, UPC Code 77232-17270; B) NET WT 10 OZ (283 g) packaged in paper bags, UPC 77232-23091; C) NET WT 8 OZ (226 g) packaged in paper boxes UPC 77232-12146; C) NET WT 9 OZ (255 g) packaged in plastic clamshell containers UPC 77232-16309; D) NET WT 9 OZ (255 g) packaged in paper boxes UPC 77232-16042; E) 10 lbs. Net Weight (4.54 kg) packaged in cardboard boxes UPC 77232-10770",51105-2444,"A) 3,675/16/9 OZ/clamshells/cases, B) 1,141/18/10 OZ/bags/cases, C) 7,538/24/8 OZ/boxes/cases D) 1/12/9 OZ/boxes/cases E) 1,021 cases",Food,Product contains an ingredient that was recalled by a supplier because it may be contaminated with Salmonella,F-1502-2017,"Palmer and Company, dba Palmer Candy Co",IA,Terminated,Voluntary: Firm initiated,2017-01-09,2017-03-01,2017-02-17,2019-05-07
2600 N US Highway 75,Sioux City,Class I,"Exp 7/17/2017, 7/18/2017, 7/21/2017, 7/25/2017, 7/29/2017 8/7/2017, 8/8/2017, 8/10/2017, 8/11/2017, 8/17/2017, 8/18/2017, 9/1/2017, 9/2/2017",United States,"Product distributed to grocery stores and grocery store distribution centers in AL, AR, AZ, CA, FL, GA, IA, IL, IN, KS, KY, LA, ME, MI, MN, MO, MS, NC, NE, NM, NV, NY, OH, OK, PA, SC, SD, TN, TX, UT, VA, WA, WI, and WY",76154,"Two or more of the following: Email, Fax, Letter, Press Release, Telephone, Visit","Palmer's Candies Creme De Menthe Bark, A) NET WT 9 OZ (255 g) packaged in cardboard boxes, UPC Code 77232-16043, B) NET WT 9 OZ (255 g) packaged in plastic clamshell containers, UPS code 77232-17255; C) NET WT 10 lbs Net Weight (4.54 kg) packaged in cardboard boxes",51105-2444,"A) 1/12/9 OZ/boxes/cases B) 99/16/9 OZ/clamshells/cases and 125/32/8 OZ/clamshells/cases, C) 261 cases",Food,Product contains an ingredient that was recalled by a supplier because it may be contaminated with Salmonella,F-1498-2017,"Palmer and Company, dba Palmer Candy Co",IA,Terminated,Voluntary: Firm initiated,2017-01-09,2017-03-01,2017-02-17,2019-05-07
2600 N US Highway 75,Sioux City,Class I,"Exp 8/30/2017, 9/7/2017",United States,"Product distributed to grocery stores and grocery store distribution centers in AL, AR, AZ, CA, FL, GA, IA, IL, IN, KS, KY, LA, ME, MI, MN, MO, MS, NC, NE, NM, NV, NY, OH, OK, PA, SC, SD, TN, TX, UT, VA, WA, WI, and WY",76154,"Two or more of the following: Email, Fax, Letter, Press Release, Telephone, Visit","Palmer's Candies Swirled Pretzels NET WT 5 OZ (141 g) packaged in foil bags, UPC Code 77232-13990",51105-2444,321/24/5 OZ/bags/cases,Food,Product contains an ingredient that was recalled by a supplier because it may be contaminated with Salmonella,F-1504-2017,"Palmer and Company, dba Palmer Candy Co",IA,Terminated,Voluntary: Firm initiated,2017-01-09,2017-03-01,2017-02-17,2019-05-07
2610 Homestead Pl,Rancho Dominguez,Class III,Lot codes: 72746,United States,"nationwide, Canada and Netherlands",85253,"Two or more of the following: Email, Fax, Letter, Press Release, Telephone, Visit","Pure Planet Organic Parasite Cleanse;  Net Wt. 174g Glass Jar;  Finished Product Item # 52700    Manufactured and Distributed by:  Pure Planet,  Rancho Dominguez, CA",90220-5610,xx,Food,Firm was notified by supplier that Organic Ground Flaxseed powder was under recall by manufacturer due to unapproved herbicide - Haloxyfop,F-0904-2020,"Organic By Nature, Inc.",CA,Terminated,Voluntary: Firm initiated,2020-02-24,2020-04-01,2020-04-13,2021-02-02
262 E Main St,Lovell,Class II,,United States,"Ten retail locations owned by Queen Bee in CO, NM, WY and nationwide via internet sales.",90158,Press Release,"Honey Caramels Blue Raspberry. Product available in 5.87 oz. bag, 1 lb. bag, 3 lb. bag, 6 lb. bag. PLU Code for 5.87 oz. bag: 788394 12675 8.",82431-2102,171 pieces,Food,"Products may potentially contain one or more of the following undeclared tree nuts: Pecans, Almonds, Coconut, Macadamia Nuts, & Walnuts.",F-1472-2022,"Queen Bee Gardens, LLC",WY,Terminated,Voluntary: Firm initiated,2022-04-28,2022-07-27,2022-07-19,2023-01-17
262 E Main St,Lovell,Class II,,United States,"Ten retail locations owned by Queen Bee in CO, NM, WY and nationwide via internet sales.",90158,Press Release,Truffle Gift Box PLU Code: 788394 17655 5,82431-2102,1473 pieces,Food,"Products may potentially contain one or more of the following undeclared tree nuts: Pecans, Almonds, Coconut, Macadamia Nuts, & Walnuts.",F-1495-2022,"Queen Bee Gardens, LLC",WY,Terminated,Voluntary: Firm initiated,2022-04-28,2022-07-27,2022-07-19,2023-01-17
266 4th St NE,Wadena,Class I,"UPC 795631817478, Sell by 10/13/19 to 11/02/19",United States,"The firm distributed products to foodservice establishments and retailers in IA, IL, IN, MI, MN, MT, ND, NE, SD, WI, WY.",84222,"Two or more of the following: Email, Fax, Letter, Press Release, Telephone, Visit","Broccoli Salad Kit V, Large white generic label with Small White label, packaged in a plastic bag.  Packaged for foodservice for deli",56482-1205,1000 units,Food,Products are being recalled because they may have the potential to be contaminated with Listeria monocytogenes,F-0314-2020,"Russ Davis Wholesale, Inc.",MN,Terminated,Voluntary: Firm initiated,2019-11-05,2019-11-27,2019-12-11,2020-06-11
266 4th St NE,Wadena,Class I,"UPC 795631819731, Sell by 10/10/19 to 11/10/19",United States,"The firm distributed products to foodservice establishments and retailers in IA, IL, IN, MI, MN, MT, ND, NE, SD, WI, WY.",84222,"Two or more of the following: Email, Fax, Letter, Press Release, Telephone, Visit","Veggie Pizza Mix, 2.5 lbs, packaged with a small generic white label on a plastic bag for foodservice use.  Contains broccoli florets, cauliflower florets and diced carrots.  Mix meant for putting on flat bread as RTE.",56482-1205,99 units,Food,Products are being recalled because they may have the potential to be contaminated with Listeria monocytogenes,F-0316-2020,"Russ Davis Wholesale, Inc.",MN,Terminated,Voluntary: Firm initiated,2019-11-05,2019-11-27,2019-12-11,2020-06-11
26661 Bunert Rd,Warren,Class I,All product with Best By date of 2/6/20 and prior,United States,"The products were distributed exclusively by Lipari Foods in Warren, Michigan to food service and retail stores throughout Alabama, Florida, Iowa, Illinois, Indiana, Kentucky, Maryland, Michigan, Minnesota, Missouri, Ohio, Pennsylvania, Tennessee, West Virginia, and Wisconsin.",84660,"Two or more of the following: Email, Fax, Letter, Press Release, Telephone, Visit","Premo and Fresh Grab Chicken Salad Wedge Sandwich, 5 oz., UPC: 612510002032",48089-3650,"203,881 Sandwiches Total",Food,Products recalled due to potential contamination with Listeria monocytogenes,F-0656-2020,"Lipari Foods Operating Company, LLC.",MI,Terminated,Voluntary: Firm initiated,2020-01-06,2020-02-12,2020-02-06,2020-08-18
26661 Bunert Rd,Warren,Class I,Lot Number: 15201304  Best By Date: 4/15/2014,United States,"Ohio, Michigan, West Virginia, Kentucky, Tennessee, Pennsylvania, Wisconsin, Illinois, and Indiana.",65392,"Two or more of the following: Email, Fax, Letter, Press Release, Telephone, Visit","Item Number: 192874  Item Description: BAG CLR SUNFLOWER MEAT W/SLT  Case Pack: 12  Package Size: 7 OZ Clear Plastic Bag (Pic-A-Nut Label on Front, Nutritional Label on Back)  UPC Number: 070207000424",48089-3650,127 cases,Food,"Contamination with Listeria monocytogenes, an organism which can cause serious and sometimes fatal infections in young children, frail or elderly people, and others with weakened immune systems. Although healthy individuals may suffer only short-term symptoms such as high fever, severe headache, stiffness, nausea, abdominal pain and diarrhea, Listeria infection can cause miscarriages and stillbirt",F-1662-2013,"Lipari Foods, Inc.",MI,Terminated,Voluntary: Firm initiated,2013-06-04,2013-07-17,2013-07-11,2013-10-17
26661 Bunert Rd,Warren,Class I,"Lot Numbers: 09201304, 20201305  Best By Dates: 4/9/2014, 05/20/2014",United States,"Ohio, Michigan, West Virginia, Kentucky, Tennessee, Pennsylvania, Wisconsin, Illinois, and Indiana.",65392,"Two or more of the following: Email, Fax, Letter, Press Release, Telephone, Visit","Item Number: 366568  Item Description: TUB LG MIX DIET DELIGHT  Case Pack: 12  Package Size: 14 OZ 2-Piece Clear Plastic Tub (No Label on Top, Nutritional Label on Bottom)  UPC Number: 094776081769",48089-3650,203 cases,Food,"Contamination with Listeria monocytogenes, an organism which can cause serious and sometimes fatal infections in young children, frail or elderly people, and others with weakened immune systems. Although healthy individuals may suffer only short-term symptoms such as high fever, severe headache, stiffness, nausea, abdominal pain and diarrhea, Listeria infection can cause miscarriages and stillbirt",F-1695-2013,"Lipari Foods, Inc.",MI,Terminated,Voluntary: Firm initiated,2013-06-04,2013-07-17,2013-07-11,2013-10-17
267 Kappa Dr,Pittsburgh,Class I,,United States,"Product was produced and sold in Giant Eagle and Market District locations in IN, OH, MD, WV and PA.",86176,"Two or more of the following: Email, Fax, Letter, Press Release, Telephone, Visit","MD Salad Bar- Cucumber Tomato Salad. Expiration 07/31/2020. Ingredients:SALAD [CUCUMBER, TOMATOES, OIL BLEND (CANOLA OIL, EXTRA VIRGIN OLIVE OIL), ONIONS, VINEGAR (RED WINE VINEGAR (DILUTED WITH WATER TO 5% ACIDITY), POTASSIUM METABISULFITE (PRESERVATIVE)), DILL WEED, SALT, PEPPER].",15238-2817,unknown,Food,Potential contamination with Salmonella Newport  in onions and prepared foods containing onions.,F-1367-2020,Giant Eagle,PA,Terminated,Voluntary: Firm initiated,2020-08-02,2020-09-09,2020-09-02,2021-05-12
267 Kappa Dr,Pittsburgh,Class I,PLU#23662500000,United States,"Product was produced and sold in Giant Eagle and Market District locations in IN, OH, MD, WV and PA.",86176,"Two or more of the following: Email, Fax, Letter, Press Release, Telephone, Visit","MD G&G Greek Salad PLU#23662500000. Expiration date 8/4/2020. Ingredients: SALAD [ROMAINE LETTUCE, PEPPERONCINI (PEPPERS, WATER, SALT, VINEGAR, CITRIC ACID, SODIUM BENZOATE (AS PRESERVATIVE), SODIUM BISULFITE (TO ENHANCE COLOR), FD&C YELLOW #5), BALSAMIC VINAIGRETTE (SEE DRESSING CUP), GRAPE LEAVES (VINE LEAVES, RICE, ONIONS, SALT, SUNFLOWER OIL, CITRIC ACID, SPICES), GRAPE TOMATOES, FETA CHEESE ((PASTEURIZED PART-SKIM MILK, CHEESE CULTURE, SALT, ENZYMES), POWDERED CELLULOSE TO PREVENT CAKING), CUCUMBER, PITTED KALAMATA OLIVES ((OLIVES, WATER, SALT, OLIVE OIL, ACETIC ACID), CANOLA OIL, SPICES), RED ONION].",15238-2817,unknown,Food,Potential contamination with Salmonella Newport  in onions and prepared foods containing onions.,F-1385-2020,Giant Eagle,PA,Terminated,Voluntary: Firm initiated,2020-08-02,2020-09-09,2020-09-02,2021-05-12
267 Kappa Dr,Pittsburgh,Class II,PLU#23676600000,United States,"Product was produced and sold in Giant Eagle and Market District locations in IN, OH, MD, WV and PA.",86176,"Two or more of the following: Email, Fax, Letter, Press Release, Telephone, Visit","MD Philly Style Steak Stromboli Cold PLU#23676600000. Expiration date: 8/3/2020 Ingredients: STROMBOLI [DOUGH (ENRICHED WHEAT FLOUR [WHEAT FLOUR, MALTED BARLEY FLOUR, NIACIN, REDUCED IRON, THIAMINE MONONITRATE, RIBOFLAVIN, FOLIC ACID], WATER, ENRICHED SEMOLINA FLOUR [SEMOLINA, NIACIN, FERROUS SULFATE, THIAMINE MONONITRATE, RIBOFLAVIN, FOLIC ACID], OLIVE OIL, SALT [SALT, SODIUM SILICOALUMINATE], YEAST [YEAST, SORBITAN MONOSTEARATE, ASCORBIC ACID], SUGAR), BEEF (BEEF, WATER, DEXTROSE, SODIUM PHOSPHATE, MODIFIED CORNSTARCH, SALT, AUTOLYZED YEAST, HYDROLYZED CORN PROTEIN, COATING [DEXTROSE, SODIUM CITRATE, SALT, CARAMEL COLOR, SODIUM DIACETATE, SPICES, GARLIC & ONION, PAPRIKA, HYDROLYZED CORN PROTEIN, MALTODEXTRIN, GRILL FLVR (FROM SUNFLOWER OIL), MODIFIED CORNSTARCH, CORN SYRUP SOLIDS, NTRL SMOKE FLVR, GUAR GUM]), PIZZA SAUCE [GRND TOMATO (TOMATO, SALT, CITRIC ACID), SAUCE (TOMATO, EXTRA VIRGIN OLIVE OIL & SUNFLOWER OIL BLND, SALT, OREGANO, BLACK PEPPER, GRANULATED GARLIC, CITRIC ACID)], ROASTED PEPPER & ONION [YELLOW BELL PEPPER, GREEN BELL PEPPER, RED BELL PEPPER, YELLOW ONION, OIL BLND (CANOLA & EXTRA VIRGIN OLIVE OIL), SALT, BLACK PEPPER], CHEESE BLND (PART SKIM MOZZARELLA [MILK, CHEESE CULTURE, SALT, ENZYMES], PROVOLONE [MILK, CHEESE CULTURE, SALT, ENZYMES]), ROMANO HERB SEASONING [CHEESE (PECORINO ROMANO [SHEEP S MILK, CHEESE CULTURES, SALT, ENZYMES], ROMANO STYLE CHEESE [CORNSTARCH, WATER, PALM OIL, CELLULOSE, SALT, NATRL FLVR, CASEINATE, SORBIC ACID (PRSRVTVE)], PWDRD CELLULOSE [ANTICAKING], NATAMYCIN [NTRL MOLD INHIBITOR]), DHYDRTD GARLIC, GRND OREGANO, PARSLEY], EGGS (EGG, CITRIC ACID [TO PRSRVE COLOR], WATER), OIL BLND (CANOLA & EXTRA VIRGIN OLIVE OIL), FLOUR BLND [FLOUR (BLEACHED WHEAT FLOUR, MALTED BARLEY FLOUR, NIACIN, REDUCED IRON, THIAMINE MONONITRATE, RIBOFLAVIN, FOLIC ACID), ENRICHED SEMOLINA FLOUR (SEMOLINA, NIACIN, FERROUS SULFATE, THIAMINE MONONITRATE, RIBOFLAVIN, FOLIC ACID)]]. Onions are cooked.",15238-2817,unknown,Food,Potential contamination with Salmonella Newport  in onions and prepared foods containing onions.,F-1387-2020,Giant Eagle,PA,Terminated,Voluntary: Firm initiated,2020-08-02,2020-09-09,2020-09-02,2021-05-12
267 Kappa Dr,Pittsburgh,Class II,PLU#24658700000,United States,"Product was produced and sold in Giant Eagle and Market District locations in IN, OH, MD, WV and PA.",86176,"Two or more of the following: Email, Fax, Letter, Press Release, Telephone, Visit","Cajun Style Chicken Meal PLU# 24658700000. Expiration date 8/5/2020.Ingredients: MEAL [CAJUN STYLE BOWTIE PASTA (BOWTIE PASTA (COOKED ENRICHED MACARONI PRODUCT [WATER, SEMOLINA, EGG WHITES, NIACIN, FERROUS SULFATE, THIAMIN MONONITRATE, RIBOFLAVIN, FOLIC ACID], SOYBEAN OIL, CONTAINS LESS THAN 2% OF CULTURED DEXTROSE, SALT), ALFREDO SAUCE [MILK (MILK, VITAMIN D3), HEAVY CREAM (CREAM, MILK), WATER, PARMESAN CHEESE (PASTEURIZED PART-SKIM MILK, CHEESE CULTURE, SALT, ENZYMES, POWDERED CELLULOSE [ANTI-CAKING AGENT]), CORNSTARCH, ROMANO CHEESE (PASTEURIZED SHEEP S MILK, CHEESE CULTURES, SALT, ENZYMES, POWDERED CELLULOSE [ANTI-CAKING AGENT]), CONTAINS 2% OR LESS OF ENRICHED WHEAT FLOUR (WHEAT FLOUR, MALTED BARLEY FLOUR, NIACIN, REDUCED IRON, THIAMINE MONONITRATE, RIBOFLAVIN, FOLIC ACID), SALT, WHITE PEPPER, GARLIC POWDER, LEMON PEEL], PEPPERS & ONIONS [RED BELL PEPPER, GREEN BELL PEPPER, YELLOW BELL PEPPER, YELLOW ONION, OIL BLEND (CANOLA OIL, EXTRA VIRGIN OLIVE OIL), SALT, BLACK PEPPER], CAJUN SEASONING (GARLIC, SPICES [INCLUDING PAPRIKA, OREGANO, RED PEPPER], SALT, ONION)), GRILLED CHICKEN (CHICKEN BREAST [BONELESS SKINLESS CHICKEN BREAST], WATER, ISOLATED SOY PROTEIN, SALT, SODIUM PHOSPHATES, BLACK PEPPER), PEPPERS & ONIONS [RED BELL PEPPER, GREEN BELL PEPPER, YELLOW BELL PEPPER, YELLOW ONION, OIL BLEND (CANOLA OIL, EXTRA VIRGIN OLIVE OIL), SALT, BLACK PEPPER], PARMESAN CHEESE (PASTEURIZED PART SKIM MILK, CHEESE CULTURES AND/OR RENNET, SALT, ENZYMES, STARCH, POWDERED CELLULOSE TO PREVENT CAKING, NATAMYCIN TO PROTECT FLAVOR), PARSLEY, CAJUN SEASONING (GARLIC, SPICES [INCLUDING PAPRIKA, OREGANO, RED PEPPER], SALT, ONION)]. Onions are cooked.",15238-2817,unknown,Food,Potential contamination with Salmonella Newport  in onions and prepared foods containing onions.,F-1388-2020,Giant Eagle,PA,Terminated,Voluntary: Firm initiated,2020-08-02,2020-09-09,2020-09-02,2021-05-12
2700 E 28th St,Minneapolis,Class I,Use By:  02-AUG-24,United States,MN,95087,E-Mail,"Lunds & Byerlys Fresh Guacamole Dip, Net Wt 14 oz (396g).  UPC 0 72431-66072 6.  Keep Refrigerated.",55406-2990,572 units,Food,Guacamole products may be contaminated with Listeria monocytogenes.,F-1732-2024,"Metro Produce Distributors, Inc.",MN,Terminated,Voluntary: Firm initiated,2024-07-31,2024-08-21,2024-08-13,2024-11-26
2710 Holloway Rd Ste 2,Louisville,Class II,"Lot: CTRX1W07032017B1, Best By: 04/04/2018",United States,"Product was shipped to the following states: IN, KY, MO & TN.",77890,E-Mail,The Comfy Cow Cow Trax Ice Cream 1 pint,40299-6127,6 pints,Food,The firm is recalling various brands of ice cream due to E. coli & high Coliform Bacteria counts in various products.,F-3446-2017,"Koogee-Queen Anne, LLC",KY,Terminated,Voluntary: Firm initiated,2017-07-21,2017-08-30,2017-08-23,2018-02-15
2715 Badger Rd,Lakeland,Class II,"Lot #12-194, expiration date 12/2014  UPC #0 13964 66251 1",United States,"Product was distributed to 1 distributor, Kirland Science Labs located in Seattle, WA.",65272,"Two or more of the following: Email, Fax, Letter, Press Release, Telephone, Visit","""***DIETARY SUPPLEMENT 4HB STACK Bedtime***52 CAPLETS***MANUFACTURED EXCLUSIVELY FOR: Kirkland Science Labs 935 Jackson St #91810 Seattle, WA 98104-2818***"".",33811-1348,2526 bottles,Food,"Customer reported that a product user complained that the caplets were not coated, making them difficult to swallow.",F1583-2013,"Florida Nutri Labs, LLC",FL,Terminated,Voluntary: Firm initiated,2013-05-22,2013-07-10,2013-07-01,2013-09-19
2715 W 15th St,Brooklyn,Class I,All lots; all package sizes; all product within expiry,United States,"NY, NJ, IL, PA, CA, FL, NE, AZ, MA, MD, VA, NV, OR, WI, NC, SC, and GA area.",88032,"Two or more of the following: Email, Fax, Letter, Press Release, Telephone, Visit","Banner Smoked Fish Inc. brand Sliced Gravad Lox (Salmon, Salt, Dill weed, Pepper, Natural Hardwood Smoke, Sodium Nitrite)",11224-2705,,Food,Product may be contaminated with Listeria monocytogenes.,F-0713-2021,Banner Smoked Fish Inc.,NY,Terminated,Voluntary: Firm initiated,2021-06-01,2021-06-30,2021-06-24,2021-11-16
2715 W 15th St,Brooklyn,Class I,All lots; all package sizes; all product within expiry,United States,"NY, NJ, IL, PA, CA, FL, NE, AZ, MA, MD, VA, NV, OR, WI, NC, SC, and GA area.",88032,"Two or more of the following: Email, Fax, Letter, Press Release, Telephone, Visit","Banner Smoked Fish Inc. brand Sliced Gravlax (Salmon (fish), Salt, Sugar, Dill, Pepper, Sodium Nitrite)",11224-2705,,Food,Product may be contaminated with Listeria monocytogenes.,F-0714-2021,Banner Smoked Fish Inc.,NY,Terminated,Voluntary: Firm initiated,2021-06-01,2021-06-30,2021-06-24,2021-11-16
2721 E 90th St,Cleveland,Class II,Sargento Fat Free Ricotta Natural Cheese item # SARGFF15B with EXP 14SEP14 and  Dutch Farms Fat Free Ricotta Cheese item # DFFREE15B with EXP 4OCT14,United States,"Product was distributed to the following states: IL, MN, OH, and WI.",68810,E-Mail,Sargento Fat Free Ricotta Natural Cheese and Dutch Farms Fat Free Ricotta Cheese packaged in 15 ounce plastic tubs.,44104-3301,169 cases SARS15B and 13 cases DFFREE15B,Food,These ricotta cheese products were manufactured from loads of whey protein concentrate that tested positive for beta lactam residues.,F-2322-2014,Miceli Dairy Products Co,OH,Terminated,Voluntary: Firm initiated,2014-06-19,2014-08-20,2014-08-14,2014-09-02
273 Columbus Ave Ste 8,Tuckahoe,Class I,Uncoded,United States,nationwide,68964,E-Mail,"Sunburst SUPERFOODS ORGANIC RAW CAROB POWDER in ONE POUND and 5 POUNDS bags --- Firm on label: SunburstSuperfoods.com Clifton, NJ (old label) and SunburstSuperfoods.com Tuckahoe, NY (new label)",10707-2550,180 lbs.,Food,The repacked product has the potential to be contaminated with Salmonella (from raw material).,F-2409-2014,"Super Organic Foods, Inc",NY,Terminated,Voluntary: Firm initiated,2014-07-29,2014-09-10,2014-09-02,2017-05-09
274 Old County Rd,Belhaven,Class I,Firm does not use a coding system or expiration date.,United States,Product was shipped to NC and SC.,94670,Telephone,"""COUNTY ROAD SEAFOOD Crab Cake 2 Pack 4 Ounce Allergens: Blue Crab, Soy, Wheat got to be NC SEAFOOD""",27810-9720,"3,688/2/4 oz. crab cakes",Food,Product contains (allergen) undeclared egg.,F-1297-2024,"County Road Seafood, LLC",NC,Ongoing,Voluntary: Firm initiated,2024-05-15,2024-06-12,2024-06-05,
2746 W Main St,Tampa,Class I,Lot Numbers that begin with 23 and end with 03 or 04 or 05.,United States,Domestic distribution only.,92583,Telephone,"Regular Deviled Crabs, 4oz",33607-3317,Approximately 520 cases/36ct/4oz,Food,Undeclared Milk and Sesame Seeds,F-1239-2023,SANTOS FROZEN FOODS,FL,Terminated,Voluntary: Firm initiated,2023-06-21,2023-07-19,2023-07-10,2024-02-29
27853 Chardon Rd,Willoughby Hills,Class I,Lots: X0736829 and X0740519    Product Number: PP#51648    Best Buy Dates: 04/12/22-04/20/22,United States,Products were distributed to IL and OH.,90017,E-Mail,Produce Packaging Inc. brand Spicy Southwest Grain Bowl in a 11.75oz plastic bowl with a plastic lid. One bowl per case.,44092-2703,21 cases,Food,Undeclared wheat on product label.,F-1015-2022,Produce Packaging Inc,OH,Terminated,Voluntary: Firm initiated,2022-04-14,2022-05-04,2022-04-27,2022-05-04
2800 Wegworth Ln,Baltimore,Class I,UPC Code : 813141020093,United States,"The recalled product was distributed to the following states: MD, PA, DE, NY, DC, NJ, NC, CT, SC, VA, MA .",91653,Press Release,"Fresh Creative Cuisine, Smoked Turkey & Swiss Croissant, Net . Wt. 7 Oz. Single Serving, Keep refrigerated",21230-3300,69  units,Food,"On 02/03/2023, FRESH IDEATION FOOD GROUP, LLC dba Fresh Creative Cuisine of Baltimore, MD is  initiating a recall of  various products sold from January 24, 2023 through January 30, 2023 because the products have the potential to be contaminated with Listeria monocytogenes .",F-0566-2023,"FRESH IDEATION FOOD GROUP, LLC dba Fresh Creative Cuisine",MD,Terminated,Voluntary: Firm initiated,2023-02-03,2023-03-22,2023-10-17,2023-10-17
2800 Wegworth Ln,Baltimore,Class I,UPC Code : 813141020093,United States,"The recalled product was distributed to the following states: MD, PA, DE, NY, DC, NJ, NC, CT, SC, VA, MA .",91653,Press Release,"Quick & Fresh, Smoked Turkey & Swiss Croissant, Net . Wt. 7 Oz. Single Serving, Keep refrigerated",21230-3300,199,Food,"On 02/03/2023, FRESH IDEATION FOOD GROUP, LLC dba Fresh Creative Cuisine of Baltimore, MD is  initiating a recall of  various products sold from January 24, 2023 through January 30, 2023 because the products have the potential to be contaminated with Listeria monocytogenes .",F-0228-2024,"FRESH IDEATION FOOD GROUP, LLC dba Fresh Creative Cuisine",MD,Terminated,Voluntary: Firm initiated,2023-02-03,2023-03-22,2023-10-17,2023-10-17
2800 Wegworth Ln,Baltimore,Class I,UPC Code : 813141020635,United States,"The recalled product was distributed to the following states: MD, PA, DE, NY, DC, NJ, NC, CT, SC, VA, MA .",91653,Press Release,"Quick & Fresh, Rainbow Berry & Nut Salad W/Dressing, Net Wt. 8.7 Oz. Single Serving, Keep refrigerated",21230-3300,5,Food,"On 02/03/2023, FRESH IDEATION FOOD GROUP, LLC dba Fresh Creative Cuisine of Baltimore, MD is  initiating a recall of  various products sold from January 24, 2023 through January 30, 2023 because the products have the potential to be contaminated with Listeria monocytogenes .",F-0204-2024,"FRESH IDEATION FOOD GROUP, LLC dba Fresh Creative Cuisine",MD,Terminated,Voluntary: Firm initiated,2023-02-03,2023-03-22,2023-10-17,2023-10-17
2800 Wegworth Ln,Baltimore,Class I,UPC Code : 813141021144,United States,"The recalled product was distributed to the following states: MD, PA, DE, NY, DC, NJ, NC, CT, SC, VA, MA .",91653,Press Release,"Bistro To Go, Gourmet Cheese & Fruit Plate, Net Wt. 6 Oz. Single Serving, Keep refrigerated",21230-3300,18 units,Food,"On 02/03/2023, FRESH IDEATION FOOD GROUP, LLC dba Fresh Creative Cuisine of Baltimore, MD is  initiating a recall of  various products sold from January 24, 2023 through January 30, 2023 because the products have the potential to be contaminated with Listeria monocytogenes .",F-0459-2023,"FRESH IDEATION FOOD GROUP, LLC dba Fresh Creative Cuisine",MD,Terminated,Voluntary: Firm initiated,2023-02-03,2023-03-22,2023-10-17,2023-10-17
2800 Wegworth Ln,Baltimore,Class I,UPC Code : 813141021144,United States,"The recalled product was distributed to the following states: MD, PA, DE, NY, DC, NJ, NC, CT, SC, VA, MA .",91653,Press Release,"Naval Academy1845 Coffee, Gourmet Cheese & Fruit Plate, Net Wt. 6 Oz. Single Serving, Keep refrigerated",21230-3300,8 units,Food,"On 02/03/2023, FRESH IDEATION FOOD GROUP, LLC dba Fresh Creative Cuisine of Baltimore, MD is  initiating a recall of  various products sold from January 24, 2023 through January 30, 2023 because the products have the potential to be contaminated with Listeria monocytogenes .",F-0482-2023,"FRESH IDEATION FOOD GROUP, LLC dba Fresh Creative Cuisine",MD,Terminated,Voluntary: Firm initiated,2023-02-03,2023-03-22,2023-10-17,2023-10-17
2800 Wegworth Ln,Baltimore,Class I,UPC Code : 813141021205,United States,"The recalled product was distributed to the following states: MD, PA, DE, NY, DC, NJ, NC, CT, SC, VA, MA .",91653,Press Release,"Bistro To Go, Chocolate Pudding Delight, Net Wt. 6.5 Oz. Single Serving, Keep refrigerated",21230-3300,186 units,Food,"On 02/03/2023, FRESH IDEATION FOOD GROUP, LLC dba Fresh Creative Cuisine of Baltimore, MD is  initiating a recall of  various products sold from January 24, 2023 through January 30, 2023 because the products have the potential to be contaminated with Listeria monocytogenes .",F-0470-2023,"FRESH IDEATION FOOD GROUP, LLC dba Fresh Creative Cuisine",MD,Terminated,Voluntary: Firm initiated,2023-02-03,2023-03-22,2023-10-17,2023-10-17
2800 Wegworth Ln,Baltimore,Class I,UPC Code : 813141021373,United States,"The recalled product was distributed to the following states: MD, PA, DE, NY, DC, NJ, NC, CT, SC, VA, MA .",91653,Press Release,"Orchard Bistro, Turkey & Cheddar Hoagie, Net Wt. 7.3 Oz. Single Serving, Keep refrigerated",21230-3300,18,Food,"On 02/03/2023, FRESH IDEATION FOOD GROUP, LLC dba Fresh Creative Cuisine of Baltimore, MD is  initiating a recall of  various products sold from January 24, 2023 through January 30, 2023 because the products have the potential to be contaminated with Listeria monocytogenes .",F-0241-2024,"FRESH IDEATION FOOD GROUP, LLC dba Fresh Creative Cuisine",MD,Terminated,Voluntary: Firm initiated,2023-02-03,2023-03-22,2023-10-17,2023-10-17
2800 Wegworth Ln,Baltimore,Class I,UPC Code : 813141021380,United States,"The recalled product was distributed to the following states: MD, PA, DE, NY, DC, NJ, NC, CT, SC, VA, MA .",91653,Press Release,"Bistro To Go, Roast Beef & Horseradish Hoagie, Net Wt. 7 Oz. Single Serving, Keep refrigerated",21230-3300,824  units,Food,"On 02/03/2023, FRESH IDEATION FOOD GROUP, LLC dba Fresh Creative Cuisine of Baltimore, MD is  initiating a recall of  various products sold from January 24, 2023 through January 30, 2023 because the products have the potential to be contaminated with Listeria monocytogenes .",F-0501-2023,"FRESH IDEATION FOOD GROUP, LLC dba Fresh Creative Cuisine",MD,Terminated,Voluntary: Firm initiated,2023-02-03,2023-03-22,2023-10-17,2023-10-17
2800 Wegworth Ln,Baltimore,Class I,UPC Code : 813141021694,United States,"The recalled product was distributed to the following states: MD, PA, DE, NY, DC, NJ, NC, CT, SC, VA, MA .",91653,Press Release,"Quick & Fresh, Tuna Salad Croissant, Net . Wt. 8 Oz. Single Serving, Keep refrigerated",21230-3300,6,Food,"On 02/03/2023, FRESH IDEATION FOOD GROUP, LLC dba Fresh Creative Cuisine of Baltimore, MD is  initiating a recall of  various products sold from January 24, 2023 through January 30, 2023 because the products have the potential to be contaminated with Listeria monocytogenes .",F-0237-2024,"FRESH IDEATION FOOD GROUP, LLC dba Fresh Creative Cuisine",MD,Terminated,Voluntary: Firm initiated,2023-02-03,2023-03-22,2023-10-17,2023-10-17
2800 Wegworth Ln,Baltimore,Class I,UPC Code : 813141022103,United States,"The recalled product was distributed to the following states: MD, PA, DE, NY, DC, NJ, NC, CT, SC, VA, MA .",91653,Press Release,"Fresh Creative Cuisine, Turkey Sausage, Egg & Cheddar Muffin, Net . Wt. 5.5 Oz. Single Serving, Keep refrigerated",21230-3300,2  units,Food,"On 02/03/2023, FRESH IDEATION FOOD GROUP, LLC dba Fresh Creative Cuisine of Baltimore, MD is  initiating a recall of  various products sold from January 24, 2023 through January 30, 2023 because the products have the potential to be contaminated with Listeria monocytogenes .",F-0578-2023,"FRESH IDEATION FOOD GROUP, LLC dba Fresh Creative Cuisine",MD,Terminated,Voluntary: Firm initiated,2023-02-03,2023-03-22,2023-10-17,2023-10-17
2800 Wegworth Ln,Baltimore,Class I,UPC Code : 813141022127,United States,"The recalled product was distributed to the following states: MD, PA, DE, NY, DC, NJ, NC, CT, SC, VA, MA .",91653,Press Release,"Bistro To Go, Egg Salad Wheat, Net Wt. 5.5 Oz. Single Serving, Keep refrigerated",21230-3300,4 units,Food,"On 02/03/2023, FRESH IDEATION FOOD GROUP, LLC dba Fresh Creative Cuisine of Baltimore, MD is  initiating a recall of  various products sold from January 24, 2023 through January 30, 2023 because the products have the potential to be contaminated with Listeria monocytogenes .",F-0476-2023,"FRESH IDEATION FOOD GROUP, LLC dba Fresh Creative Cuisine",MD,Terminated,Voluntary: Firm initiated,2023-02-03,2023-03-22,2023-10-17,2023-10-17
2800 Wegworth Ln,Baltimore,Class I,UPC Code : 813141022639,United States,"The recalled product was distributed to the following states: MD, PA, DE, NY, DC, NJ, NC, CT, SC, VA, MA .",91653,Press Release,"Orchard Bistro, Garden salad with Dressing Net Wt. 8.2 Oz. Single Serving, Keep refrigerated",21230-3300,72,Food,"On 02/03/2023, FRESH IDEATION FOOD GROUP, LLC dba Fresh Creative Cuisine of Baltimore, MD is  initiating a recall of  various products sold from January 24, 2023 through January 30, 2023 because the products have the potential to be contaminated with Listeria monocytogenes .",F-0113-2024,"FRESH IDEATION FOOD GROUP, LLC dba Fresh Creative Cuisine",MD,Terminated,Voluntary: Firm initiated,2023-02-03,2023-03-22,2023-10-17,2023-10-17
2800 Wegworth Ln,Baltimore,Class I,UPC Code : 813141025753,United States,"The recalled product was distributed to the following states: MD, PA, DE, NY, DC, NJ, NC, CT, SC, VA, MA .",91653,Press Release,"Dietz & Watson, Turkey & Cheese Finger Sandwiches, Net Wt. 6.5 Oz. Single Serving, Keep refrigerated",21230-3300,500,Food,"On 02/03/2023, FRESH IDEATION FOOD GROUP, LLC dba Fresh Creative Cuisine of Baltimore, MD is  initiating a recall of  various products sold from January 24, 2023 through January 30, 2023 because the products have the potential to be contaminated with Listeria monocytogenes .",F-0250-2024,"FRESH IDEATION FOOD GROUP, LLC dba Fresh Creative Cuisine",MD,Terminated,Voluntary: Firm initiated,2023-02-03,2023-03-22,2023-10-17,2023-10-17
2800 Wegworth Ln,Baltimore,Class I,UPC Code : 813141025777,United States,"The recalled product was distributed to the following states: MD, PA, DE, NY, DC, NJ, NC, CT, SC, VA, MA .",91653,Press Release,"Quick & Fresh, Albacore Tuna Finger Sandwiches, Net . Wt. 6.5 Oz. Single Serving, Mylar Wrap, Keep refrigerated",21230-3300,39,Food,"On 02/03/2023, FRESH IDEATION FOOD GROUP, LLC dba Fresh Creative Cuisine of Baltimore, MD is  initiating a recall of  various products sold from January 24, 2023 through January 30, 2023 because the products have the potential to be contaminated with Listeria monocytogenes .",F-0027-2024,"FRESH IDEATION FOOD GROUP, LLC dba Fresh Creative Cuisine",MD,Terminated,Voluntary: Firm initiated,2023-02-03,2023-03-22,2023-10-17,2023-10-17
2800 Wegworth Ln,Baltimore,Class I,UPC Code : 813141027689,United States,"The recalled product was distributed to the following states: MD, PA, DE, NY, DC, NJ, NC, CT, SC, VA, MA .",91653,Press Release,"Dietz & Watson, Turkey & Swiss Half Sub. Single Serving, Keep refrigerated",21230-3300,1152,Food,"On 02/03/2023, FRESH IDEATION FOOD GROUP, LLC dba Fresh Creative Cuisine of Baltimore, MD is  initiating a recall of  various products sold from January 24, 2023 through January 30, 2023 because the products have the potential to be contaminated with Listeria monocytogenes .",F-0268-2024,"FRESH IDEATION FOOD GROUP, LLC dba Fresh Creative Cuisine",MD,Terminated,Voluntary: Firm initiated,2023-02-03,2023-03-22,2023-10-17,2023-10-17
285 Fullerton Ave,Carol Stream,Class III,526606702  608042  601013,United States,"CA, IL, NV, PA, TN, TX, UT",80358,E-Mail,Prinova brand  Product - Reginator NV (41825)  25 Kgs Fiber carton double layer polyethylene bag as liner,60188-1886,3000 kgs,Food,"This recall has been identified due to the detection of cyclamates (artificial sweetener). Use of or consumption of cyclamates may include potential health hazard. Cyclamates and its salts (such as calcium cyclamate, sodium cyclamate, magnesium cyclamate, and potassium cyclamate) are currently prohibited from use in the United States.",F-1660-2018,Prinova US LLC,IL,Terminated,Voluntary: Firm initiated,2018-06-22,2018-08-01,2018-07-20,2019-05-15
2880 N 112th St Bldg E,Milwaukee,Class II,"Lot 080, Use by date 3/21/2020",United States,MA,82606,E-Mail,"Mediterranean Brands Callaloo Greens, Product 6017.  Net Weight 15.0 lbs (6.90 Kgs).  Keep Frozen.  Manufactured for:  MBI, Glenview, IL  60025",53222-4201,119 cases (1785 lbs.),Food,Callaloo Greens are being recalled due to potential contamination with foreign material (plastic).,F-1302-2019,"American Pasteurization Company, LLC",WI,Terminated,Voluntary: Firm initiated,2019-04-09,2019-05-01,2019-04-22,2019-08-06
2901 76th St Se,Caledonia,Class I,Sell By 3/23/23,United States,"MI, OH, WI",92065,"Two or more of the following: Email, Fax, Letter, Press Release, Telephone, Visit",Revolution Farms Zesty Southwest 6oz salad kit in plastic container UPC 856791008240,49316-8399,66,Food,Listeria monocytogenes,F-0829-2023,Caledonia Facility of Revolution Farms LLC,MI,Terminated,Voluntary: Firm initiated,2023-04-05,2023-05-17,2023-05-06,2023-05-09
2902 Blankenbaker Rd,Louisville,Class II,Lot 01212071B Product No. 14927 Best By 07/26/22,United States,Amazon distribution center located in NM,89748,"Two or more of the following: Email, Fax, Letter, Press Release, Telephone, Visit","Carbquik Mug Cakes   Cinnamon Spice, Net Wt. 9 oz  1.5oz mug cake mix packaged in foil pouch  6 servings per pouch, 24 pouches per case",40299-3841,1700 cases,Food,Undeclared Allergen- Milk,F-0914-2022,Tova Industries Inc,KY,Terminated,Voluntary: Firm initiated,2022-03-03,2022-04-06,2022-03-29,2022-08-19
2905 N Highway 61,Muscatine,Class III,2B0045802   best by 10/2024 2B0042678   best by 11/2024,United States,"Distributed to food service distributors for use in hospitals, nursing homes and similar facilities. Specific distribution information pending.",90449,Letter,Thick-It Original Food & Beverage Thickener 6/36 oz. jars per case,52761-5809,14 cases,Food,Food and beverage thickener recalled because of possible insanitary conditions during manufacturing,F-1688-2022,"Kent Precision Foods Group, Inc.",IA,Terminated,Voluntary: Firm initiated,2022-06-09,2022-09-14,2022-09-06,2022-12-20
2909 W Western Ave,South Bend,Class III,firm does not code product,United States,"Domestic: MI, IN retail stores",64945,"Two or more of the following: Email, Fax, Letter, Press Release, Telephone, Visit","Pina Colada Dessert Bar  , 4 oz. Undeclared FD&C Red # 40 in clear flexible plastic, ingredients: water, sugar, partially hydrogenated palm kernel oil, nonfat milk solids, cream of coconut, whey powder,",46619-3140,,Food,"Product labeling is incorrect, FD&C colors are undeclared.",F-1360-2013,"Paleteria Y Neveria La Rosita, LLC",IN,Terminated,Voluntary: Firm initiated,2013-04-06,2013-05-08,2013-04-26,2013-08-29
291 Aspen Lane,Aurora,Class II,"Lot Code: 13217, 13220, 13235",United States,"US: IL, WI",66734,Telephone,"Key Lime Sugar Cookie, 3-oz (85g), individually wrapped in plastic and labeled in part: Manufactured for Simply D'lish, LLC.; Aurora, IL 60504; www.simplydlish.biz",60504,"21 cases (2,520 cookies)",Food,"On the back label of the individual cookie, the milk allergen was not declared in the allergen statement, however, butter was listed as an ingredient.",F-0697-2014,"Simply D'Lish, LLC",IL,Terminated,Voluntary: Firm initiated,2013-10-29,2013-12-11,2013-12-03,2016-04-11
291 Aspen Lane,Aurora,Class II,Lot Code: 13220,United States,"US: IL, WI",66734,Telephone,"Sea Salt Chocolate Chip Cookie, 3-oz (85g), individually wrapped in plastic and labeled in part: Manufactured for Simply D'lish, LLC.; Aurora, IL 60504; www.simplydlish.biz",60504,"23 cases (2,640 cookies)",Food,"On the back label of the individual cookie, the milk allergen was not declared in the allergen statement, however, butter was listed as an ingredient.",F-0700-2014,"Simply D'Lish, LLC",IL,Terminated,Voluntary: Firm initiated,2013-10-29,2013-12-11,2013-12-03,2016-04-11
29190 Highway 34,Corvallis,Class II,9/6/19  This date represents the production date.,United States,distributed in Oregon.,83829,"Two or more of the following: Email, Fax, Letter, Press Release, Telephone, Visit","Fudge Brownie Cookie, net wt. 2 oz.  The product was distributed frozen and has a 5-day shelf life after being defrosted at the stores.    The label is read in parts: ""***Fudge Brownie Cookie*** Ingredients:  Evaporated cane juice, sunflower oil, almond milk, cocoa powder, chocolate chips, sorhgum flour, tapioca flour, flax meal, vanilla, baking powder, salt***Gluten-Free ***Vegan Foods ***Made by: Whole Flower Farms 29190 hwy 34 Corvallis, OR***"".",97333-2218,7 units,Food,Fudge Brownie Cookie product is recalled due to undeclared soy lecithin.,F-2258-2019,Whole Flower Farms LLC,OR,Terminated,Voluntary: Firm initiated,2019-09-17,2019-10-09,2019-09-30,2019-09-30
292 County Rd S,Algoma,Class II,"Jams and Jellies produced prior to January 17, 2018",United States,"AL, AK, IA,, IL, MI, MN, OR, PA, UT, WI",78982,"Two or more of the following: Email, Fax, Letter, Press Release, Telephone, Visit","Wienke's Market Cherry Rhubarb Jam, Net Wt. 8 oz (226g), UPC 14106-00216.  Refrigerate after opening.  Ingredients:  cherries, rhubarb, sugar, pectin.",54201-9442,"41,646 total jars (2016); unknown (2017)",Food,Jams and Jellies are made with butter which is not declared on the label.,F-0719-2018,Wienke LLC,WI,Terminated,Voluntary: Firm initiated,2018-01-19,2018-02-14,2018-02-02,2018-10-10
292 County Rd S,Algoma,Class II,"Jams and Jellies produced prior to January 17, 2018",United States,"AL, AK, IA,, IL, MI, MN, OR, PA, UT, WI",78982,"Two or more of the following: Email, Fax, Letter, Press Release, Telephone, Visit","Wienke's Market Strawberry Raspberry Jam, Net Wt. 8 oz (226g), UPC 14106-00235.    Refrigerate after opening.  Ingredients:  strawberries, raspberries, sugar, pectin.",54201-9442,"41,646 total jars (2016); unknown (2017)",Food,Jams and Jellies are made with butter which is not declared on the label.,F-0736-2018,Wienke LLC,WI,Terminated,Voluntary: Firm initiated,2018-01-19,2018-02-14,2018-02-02,2018-10-10
2928 Walden Ave,Depew,Class I,"Best if Used By  date between March 5, 2022 and March 23, 2022  1. UPC: 077890209066  2. UPC: 077890246610  3. UPC: 64779300469  4. BBD: 3/5/22 to BBD: 3/22/22  5. BBD: 3/5/22 to BBD: 3/22/22  6. UPC: 64779300373  7. UPC: 64779300468  8. UPC: 077890938096  9. UPC: 647793000000",United States,"NY,  MA, PA",89844,Telephone,1. Wegmans 10oz Watermelon Chunks	  2. Wegmans 32oz Watermelon Chunks  3.Fresh Harvest 18oz Watermelon Chunks  4. Tops Large Watermelon	BBD: 3/5/22 to	BBD: 3/22/22  5. Tops Small Watermelon 	BBD: 3/5/22 to	BBD: 3/22/22  6. Lexington Co-op 10oz Watermelon Chunks  7. Lexington Co-op 32oz Watermelon Chunks  8. Wegmans 24oz Mini Watermelon Hearts	  9. EDU Kids 2 oz. watermelon tidbits,14043-2603,"39,232 units total",Food,may be contaminated with Listeria monocytogenes,F-0970-2022,"Fruit Fresh Up, Inc.",NY,Terminated,Voluntary: Firm initiated,2022-03-18,2022-04-13,2022-04-07,2023-08-21
2929 Walker Ave Nw,Grand Rapids,Class I,Sell by 3/19/2023 to 3/28/2023,United States,"Meijer stores in Michigan, Indiana, Illinois, Ohio, Kentucky, and Wisconsin",92119,E-Mail,Fresh From Meijer Chicken Cobb Salad 8.8 Oz UPC - 719283679321,49544-6402,4532,Food,Listeria monocytogenes,F-0832-2023,Meijer Inc,MI,Terminated,Voluntary: Firm initiated,2023-04-05,2023-05-17,2023-05-09,2023-05-12
2929 Walker Ave Nw,Grand Rapids,Class II,Date code for all products: 3/8/2018    7-60236-12431-3        Meijer Greek Yogurt 0% Blueberry 5.3 oz.,United States,"Domestic: Meijer stores in Michigan, Ohio, Indiana, Illinois, Kentucky and Wisconsin    No Foreign or VA/DOD",79163,"Two or more of the following: Email, Fax, Letter, Press Release, Telephone, Visit",Meijer Greek Yogurt 0% Blueberry 5.3 oz.    The products are packaged in a plastic cup with a foil seal and a label listing the above-mentioned UPCs.,49544-6402,10080,Food,The firm is announcing a voluntary recall of select Meijer branded Greek and Low-fat yogurt as a precautionary measure due to the potential risk of small particles of glass.,F-0875-2018,"Meijer Distribution, Inc",MI,Terminated,Voluntary: Firm initiated,2018-02-05,2018-03-07,2018-03-01,2018-06-26
295 W Lundgren Mill Dr,Sisters,Class III,"Lot numbers: 2401192904.  B000975-3.5-0711.  B000975-3.5-0712.  B001010-3.5-0208.   B001010-3.5-0211.   B001010-3.5-0212.   B000979-2L-0927.  B000979-2L-0928 .    Best By dates are 10/2020, 12/2020, and 06/2021.",United States,distributed nationwide and in Canada.,82954,Letter,"Performance Mushrooms product is dried mushroom blend of 4 different mushroom mycelial biomass powders cultured on certified organic oats, brand Laird Superfood, uses as Beverage Booster and Functional Fuel Supplement.    Product is packaged in 3.17 oz (90 gram) stand up with zipper, heat-sealed pouches. There are 6 pouches per case or 24 pouches cases.",97759,"estimated 24,862 pouches",Food,The product  is incorrectly labeled with 14 mg of Iron and 78% DV when the actual amount is 14 mcg of Iron and 0% DV.,F-1456-2019,LAIRD SUPERFOOD INC,OR,Terminated,Voluntary: Firm initiated,2019-05-24,2019-06-19,2019-06-12,2019-10-23
2959 Salinas Hwy,Monterey,Class I,"Product codes beginning with B - Best by Dates of December 23, 2021 through January 8, 2022.",United States,"Canada: AB, BC, NB, ON, QC, Sk; United States: AL, AZ, CA, CO, CT, FL, GA, HI, IA, ID, IL, IN, KS, KY, LA, MA, MD, MI, MN, MO, MS, NC, ND, NE, NV, NY, OH, OK, OR, PA, SC, TN, TX, UT, VA, WA, WI",89381,Telephone,Marketside 12oz Classic Salad  UPC:6-81131-32894-4  SKU: 3107,93940-6400,,Food,Harvest equipment used in harvesting raw iceberg lettuce was tested by  Dole and found to contain Listeria monocytogenes.,F-0757-2022,Dole Fresh Vegetables Inc,CA,Terminated,Voluntary: Firm initiated,2022-01-06,2022-03-02,2022-02-22,2022-03-22
2959 Salinas Hwy,Monterey,Class I,"Product codes beginning with W - Best by Dates of December 22, 2021 through January 9, 2022.",United States,"Canada: AB, BC, NB, ON, QC, Sk; United States: AL, AZ, CA, CO, CT, FL, GA, HI, IA, ID, IL, IN, KS, KY, LA, MA, MD, MI, MN, MO, MS, NC, ND, NE, NV, NY, OH, OK, OR, PA, SC, TN, TX, UT, VA, WA, WI",89381,Telephone,Dole 9.8 oz  Chopped Teriyaki Pineapple Kit   UPC: 0-71430-00100-4  SKU: 791  Dole 9.8 oz  Chopped Teriyaki Pineapple Kit / Teriyaki A L'ananas  UPC: ¿0-71430-00182-0  SKU 1014,93940-6400,"OH/CA Total Distributed Combined: 578,243 cases",Food,Harvest equipment used in harvesting raw iceberg lettuce was tested by  Dole and found to contain Listeria monocytogenes.,F-0777-2022,Dole Fresh Vegetables Inc,CA,Terminated,Voluntary: Firm initiated,2022-01-06,2022-03-02,2022-02-22,2022-03-22
2959 Salinas Hwy,Monterey,Class I,Bag Code                        Expiration Date  B2311020  9/4/2014   B23110211 9/4/2014  B2311022  9/4/2014  B2311023  9/4/2014  B2311024  9/4/2014  B2311025  9/4/2014.,United States,"One distribution center in AZ and retail stores in AZ, NM and NV.",69128,Telephone,"Dole Baby Spinach:  Thoroughly Washed, Preservative Free, All natural  Net W.t6 oz. bag;  SKU 323  Perishable, keep refrigerated.  UPC 071430009642;    Dole Fresh Vegetables  Monterey, CA  93940",93940-6400,150 cartons (6 x 6 oz bags per carton),Food,Green Walnuts from a tree dropped into spinach as it was being tractored away from the harvested field. Walnuts were discovered on the Dole spinach processing line,F-2441-2014,Dole Fresh Vegetables Inc,CA,Terminated,Voluntary: Firm initiated,2014-08-27,2014-09-24,2014-09-15,2014-09-17
3 Chris Ct Ste J,Dayton,Class I,no code on bag,United States,"NY, PA",72268,Telephone,"Basma 3 Chris Court Dayton, New Jersey 08810  Tel.:7323559600 Fax: 7323559644  16 oz package    This golden raisin product is labeled in a foreign language.",08810-1648,5cases of 1 lb  pk;,Food,Product contains undeclared sulfites.,F-0285-2016,UNITED TRADING CENTER INC,NJ,Terminated,Voluntary: Firm initiated,2015-09-15,2015-12-30,2015-12-23,2016-04-28
3 Lakes Dr,Northfield,Class II,Plant Code: 06-245;   Code Dates: 09 MAY 2014 through 23 JUL 2014,United States,"US: Nationwide (AL, AR, AZ, CA, CO, CT, FL, GA, IA, IL, IN, KS, KY, LA, MA, MD, ME, MI, MN, MO, MS, MT, NC, NE, NH, NJ, NM, NV, NY, OH, OK, OR, PA, SC, TN, TX, UT, VA, WA, WI, WY) + Puerto Rico",68625,Letter,"Low fat cottage cheese, 2% milkfat, sold under the Breakstone's brand, Daily Chef brand, Knudsen brand, or Kraft brand packaged in a tray of 4 plastic containers each with a net weight of 4 oz. (113 g), a tray of 8 plastic containers each with a net weight of 4 oz. (113 g), a plastic container with a net weight of 8 oz. (227 g), a plastic container with a net weight of 16 oz. (1 lb.) 453 g, a plastic container with a net weight of 24 oz. (1.5 lb.) 680 g, a plastic container with a net weight of 32 oz. (2 lb.) 907 g, or a 3 lb. plastic container with a net weight of 48 oz. (3 lb.) 1.36 kg.",60093-2753,"1) Breakstone's: 1,039,484 trays; 2) Daily Chef: 194,526 containers; 3) Knudsen: 2,313,098 containers and trays; 4) Kraft: 613,138 containers",Food,"Kraft Foods is voluntarily recalling 18 SKUs of Knudsen Cottage Cheese, nine SKUs of Breakstone's Cottage Cheese, five SKUs of Simply Kraft Cottage Cheese and two SKUs of Daily Chef Cottage Cheese produced at our Tulare, CA manufacturing facility. Some ingredients used in these products were not stored in accordance with Kraft's temperature standards. While unlikely, this could create conditions t",F-2208-2014,Kraft Foods Group,IL,Terminated,Voluntary: Firm initiated,2014-05-16,2014-07-30,2014-07-24,2016-06-22
3 Lakes Dr,Northfield,Class II,best when used by code date: 11 DEC 2016 Gr02CT762 and 12 DEC 2016 GR02CT762.,United States,The firm distributed the product to 132 domestic firms. Please see the attached spreadsheet for a list of all consignees.,72950,Letter,Kool-Aid Jammers Tropical Punch packaged in a red blue and purple box with white lettering.,60093-2753,"20, 298 cases, 4 boxes/case, 10 drinks/box.",Food,Possible presence of glass fragments in CapriSun and Kool-Aid Jammers.,F-1396-2016,Kraft Heinz Foods,IL,Terminated,Voluntary: Firm initiated,2015-12-29,2016-06-01,2016-05-20,2018-02-21
3 Lakes Dr,Northfield,Class III,"1) 12 oz. packages of singles; UPC (Retail Package): 021000604647; Code Dates: 20 FEB 2015, 21 FEB 2015; UPC Code (Case): 210006046400;     2) 16 oz. packages of singles; UPC (Retail Package): 021000615261; Code Date: 20 FEB 2015; UPC Code (Case): 210006145000;     3) 16 oz. packages of singles; UPC (Retail Package): 021000615261; Code Date: 20 FEB 2015; UPC Code (Case): 210006152600;     4) 4 lb. cartons of singles; UPC (Retail Package): 021000633609; Code Date: 20 FEB 2015; UPC Code (Case): 210006255900",United States,"US: Nationwide (AL, AR, CA, CA, FL, GA, IL, IN, KS, MI, NC, NJ, OH, OK, TN, TX, VA)",69142,"Two or more of the following: Email, Fax, Letter, Press Release, Telephone, Visit","Individually 2/3 oz. slices of American cheese product individually wrapped in transparent plastic an packaged in 12 oz. and 16 oz.. packages, and 4 lb. cartons under the Kraft brand name.     Cases of 12 oz. packages include 48 packages per case.     Cases of 16 oz. packages include either 12 or 36 packages per case.     Cases of 4 lb. cartons include 8 cartons per case.",60093-2753,"7,691 cases",Food,"Kraft Foods Group is voluntarily recalling 7,691 cases of select varieties of regular Kraft American Singles Pasteurized Prepared Cheese Product. A supplier did not store an ingredient used in this product in accordance with Kraft's temperature standards.",F-0022-2015,Kraft Heinz Foods,IL,Terminated,Voluntary: Firm initiated,2014-08-29,2014-10-22,2014-10-10,2016-08-08
30 Vandam St Fl 3,New York,Class II,Best By Dates ranging from 5/29/24 to 9/17/25 UPC:89903900283,United States,nationwide,94392,Other,Cream Cheese Stuffed Plain Mini Bagels,10013-1253,"Plain Mini Bagels 4,550 cases",Food,Contains undeclared gluten,F-1427-2024,FEEL GOOD FOODS INC,NY,Terminated,Voluntary: Firm initiated,2024-04-10,2024-07-03,2024-06-27,2024-07-01
30003 Bainbridge Rd,Solon,Class II,"Production codes  and Best Before dates:    1.  5351595916, 5353595915, 5353595916, Best Before March 2017  6004595916,  Best Before:  April 2017    2.  5353595913, Best Before:  March 2017.  6011595513, Best Before:  April 2017.      3.  5349595914, Best Before:  Jan 2017.    4.  5346595916, Best Before:  March 2017",United States,nationwide,73500,Telephone,"Stouffer's vegetable lasagna.  Keep Frozen. Sold in the following sizes and UPC:  1.  Party Size  Net Wt. 96 oz (6 lb) 2.72kg  UPC 13800-19002.  2.  Net Wt. 10 1/2 oz (297g)  UPC 13800-10323.  3.  Family Size Net Wt. 37 1/2 oz (2 lbs. 5 1/2 oz) 1.06 kg, UPC 13800-55510.  4.  Food Service Professional Product Net Wt. 6 lbs (2.72 kg)  UPC 13800-30322.(this product is not available in retail stores)",44139-2205,"28,785 cases",Food,"Nestle is recalling a limited number of DiGiorno, Lean Cuisine, and Stouffer's products due to the potential presence of glass pieces.",F-0792-2016,Nestle USA,OH,Terminated,Voluntary: Firm initiated,2016-03-10,2016-03-30,2016-03-23,2020-03-19
3005 County Line Rd,Cullen,Class II,100923,United States,"The recall product was distributed to the following states : MD, VA",93957,"Two or more of the following: Email, Fax, Letter, Press Release, Telephone, Visit","Fresh Local , Country Corner Dairy,  YELLOW COLBY CHEESE, INGREDIENTS: Pasteurized Milk, Salt , Rennet, Calcium Chloride,  Cheese Culture, Contains Milk. Product comes in various sizes, 6 oz. up to 42 lbs. and is in vacuum sealed plastic packaging.",23934-2041,6605 lbs. total,Food,Product was made with a lack of proper pasteurization.,F-0913-2024,"Country Corner Dairy, LLC",VA,Terminated,Voluntary: Firm initiated,2024-02-01,2024-02-28,2024-02-22,2024-03-25
301 Salem Rd,Jeffersonville,Class II,Best By 3/3/2023 3/4/2023 23-MR-03,United States,Nationwide US and Canada,90568,"Two or more of the following: Email, Fax, Letter, Press Release, Telephone, Visit","Enjoy Life Chewy Bars   Caramel Blondie (Chocolate Chip and Caramel), 5.75 oz (165g) UPC 819597011258 and 819597011333",47130,"89,736 total cases",Food,Due to the potential presence of a foreign material (hard plastic pieces) in baked good products.,F-1568-2022,"Enjoy Life Natural Brands, LLC",IN,Terminated,Voluntary: Firm initiated,2022-06-30,2022-08-31,2022-08-19,2024-08-02
3021 78th St,Norway,Class I,lot 4290 use by Oct 2017,United States,"Product was distributed nationwide, as well as to Puerto Rico and The Virgin Islands.  Foreign distribution was made to Canada.  There was also military distribution.",70726,Press Release,"Frontier Natural Products Co-Op Organic Mama Garlic packaged in a cardboard canister with paper label Net  Wt. 5 oz (141 g), UPC 0 89836 18506 8.  The responsible name on the package is Frontier Norway, IA.",52318-9520,1374 canisters,Food,Product may be contaminated with Salmonella.,F-2370-2015,Frontier Natural Products Co-op,IA,Terminated,Voluntary: Firm initiated,2015-03-16,2015-06-10,2015-06-02,2017-03-30
304 Commerce St,New Oxford,Class II,"Use By: 03/14/216, Lot # 430",United States,MD  NC  NJ  NY  PA  VA,73562,"Two or more of the following: Email, Fax, Letter, Press Release, Telephone, Visit","Blue Ridge Farms Macaroni Salad; 05021  Net Weight: 1 X 10 LB., Keep Refrigerated; Use by: 03/14/16; Lot # 430;   Packed by Winter Gardens Quality Foods, Inc, New Oxford, PA 17350",17350-1723,44,Food,The supplier of the salad oil used in the above product(s) has voluntarily recalled this raw material due to the potential presence of foreign material.  Winter Gardens is continuing this voluntary recall through the supply chain.,F-1050-2016,"Winter Gardens Quality Foods, Inc.",PA,Terminated,Voluntary: Firm initiated,2016-02-15,2016-04-20,2016-04-08,2016-06-09
3040 Ualena St,Honolulu,Class II,all manufacturing codes - i.e.05/02/19,United States,HI only - island of Oahu,82877,Letter,"Regal's Fundraising Cookies: Cornflake flavor.  Net Weight 12 oz. (340 grams).    All varieties have the same ingredient list:  Flour, Sugar, Cotton Seed Oil, Butter Blend, Chocolate Chips, Salted Butter, Vanilla Extract, Salt, Baking Soda.    Regal Foods,  Honolulu, HI  www.regalfoodsusa.com",96819-1984,,Food,"FDA inspection found that allergen sub ingredients are not declared on the label - wheat, soy, milk.",F-1459-2019,Regal Food Inc./dba The Pizza Shop,HI,Terminated,Voluntary: Firm initiated,2019-05-15,2019-06-26,2019-06-14,2019-11-19
30520 Se 84th Street,Preston,Class II,"Sparkling ICE Cherry Limeade Lot Codes on Bottles:    8064-63  8065-63  8079-63  8080-63  8087-63  8088-63  8089-63  8112-63  8113-63  8114-63  8118-63  8119-63  8126-63  8131-63  8132-63  8144-63  8145-63  8146-63  8165-63  8166-63  8167-63    Sparkling ICE Cherry Limeade Expiration Dates found on Bottles:    12/5/2018  12/6/2018  12/20/2018  12/21/2018  12/28/2018  12/29/2018  12/30/2018  1/22/2019  1/23/2019  1/24/2019  1/28/2019  1/29/2019  2/6/2019  2/11/2019  2/12/2019  2/24/2019  2/25/2019  2/26/2019  3/14/2019  3/15/2019  3/16/2019      The affected Variety Packs can be tracked by the UPC codes, Expiration dates and Location Codes (19, 35, 71, and 75) and they are printed on the case wrapper.  Location Codes correspond to the facility that re-packaged (no bottling) the bottles into variety packs.  The Location Codes break down as follows:     75 -Texas  71 - Georgia  35 - North Carolina  19 - Illinois    The following codes are internal warehouse inventory tracking codes for affected Variety Packs (these codes are NOT printed on bottles or on variety case wrappers):    8085-8063-19  8085-8064-75  8085-8065-75    8086-8062-19  8086-8063-19  8086-8064-19  8086-8064-75  8086-8065-19    8087-8064-19  8087-8073-75    8089-8066-19  8089-8073-19    8092-8072-75  8092-8073-75    8093-8072-75  8093-8073-19    8095-8072-19  8095-8073-19  8095-8073-75    8096-8072-71  8096-8073-71  8096-8073-75    8097-8073-75    8099-8072-19  8099-8073-19    8100-8072-19  8100-8072-75  8100-8073-19    8101-8072-75  8101-8073-75    8102-8073-19  8102-8073-75  8102-8074-19  8102-8086-19    8103-8071-71  8103-8073-75  8103-8076-71    8107-8065-19  8107-8072-19  8107-8072-71  8107-8073-19  8107-8076-71    8108-8073-19    8109-8073-75  8109-8077-71  8109-8080-71  8109-8081-71  8109-8084-71  8109-8085-71  8109-8089-71    8110-8065-75  8110-8068-75  8110-8073-75  8110-8083-71  8110-8084-71    8113-8072-71  8113-8076-75  8113-8080-71  8113-8083-71    8114-8065-19  8114-8073-19  8114-8073-75  8114-8076-75    8115-8065-19  8115-8068-19  8115-8069-19    8117-8068-75    8118-8081-71    8120-8068-75  8120-8080-19    8121-8080-19    8127-8076-75    8128-8072-19  8128-8073-19    8131-8074-19    8132-8073-75  8132-8076-75    8134-8073-19  8134-8074-19  8134-8075-19  8134-8076-19  8134-8076-75  8134-8096-75    8135-8075-19  8135-8076-19    8136-8076-75    8137-8076-75  8137-8096-75    8138-8076-75  8138-8117-75    8139-8114-75    8141-8073-19  8141-8076-19  8141-8114-19  8141-8114-75    8142-8114-75    8143-8069-19  8143-8092-19  8143-8093-19  8143-8094-19    8144-8073-75  8144-8076-75    8149-8094-19    8150-8075-19  8150-8076-19  8150-8086-19    8151-8114-75  8151-8115-75    8152-8090-75  8152-8112-75  8152-8114-19  8152-8115-75  8152-8119-75    8155-8073-19  8155-8076-19  8155-8080-35  8155-8082-35  8155-8084-19  8155-8090-75  8155-8103-19  8155-8104-19    8156-8112-75  8156-8113-75    8159-8119-75    8160-8101-75  8160-8102-75    8162-8073-35  8162-8085-35  8162-8086-35  8162-8094-35  8162-8102-75    8163-8119-75    8164-8076-19  8164-8119-75    8165-8119-19  8165-8119-75",United States,"Distributed in AL, AR, AZ, CA, CO, CT, FL, GA, HI, IA, IL, IN, KS, KY, LA, ME, MI, MN, MO, MS, NC, ND, NE, NJ, NM, NV, OH, OK, SC, SD, TN, TX, UT, VA, WA, and WI.",80367,"Two or more of the following: Email, Fax, Letter, Press Release, Telephone, Visit","Sparkling ICE Cherry Limeade Naturally Flavored Sparking Water, packaged in a PET bottles with a plastic cap, Net Wt. 17 ounces (502.8 ml).    UPC code on bottle: 0 16571 95084 2.  UPC on Single Pack Wrapper (1 flavor/12 bottles): 016571953126  UPC on Single Pack Wrapper (1 flavor/24 bottles): NONE    ******************************************************************************************  Sparkling ICE Cherry Limeade is also assembled and sold in Variety Packs with other flavors (those other flavors are not affected by this recall).      The UPCs on those Variety Packs are:    016571953614 (4 flavors/6 bottles of Sparkling ICE Cherry Limeade/24 bottles total).    016571950927 (4 flavors/3 bottles of Sparkling ICE Cherry Limeade/12 bottles total).    016571951283 (3 flavors/6 bottles of Sparkling ICE Cherry Limeade/18 bottles total .    016571950866 (UPC on Pallets of variety packs).",98050,"684,977 cases (single pack = 214,311 cases and variety pack = 470,666 cases)",Food,"Sparkling ICE Cherry Limeade, 17 oz. bottles, is recalled after the firm received a small number of customer complaints that reported an off-taste and off-odor of the product.",F-1622-2018,Talking Rain Beverage Co Inc,WA,Terminated,Voluntary: Firm initiated,2018-06-22,2018-07-18,2018-07-12,2019-07-08
309 Industrial Ave Ne,Albuquerque,Class II,All products sold between 4/21/13 to 10/21/14,United States,"NM, CO, WA, KS, LA, NY, TX, AZ, NC, OH; potentially nationwide; Australia (relabeled by the distributor in Australia).  No govt/VA/military",69599,Telephone,"Los Chileros de nuevo mexico gourmet southwestern cuisine Santa Fe Chile Seasoning,  4.5oz (127.6 grams), Los Chileros de Nuevo Mexico, PO Box 6215, Santa Fe, NM 87502",87107-2232,1977,Food,"Los Chileros De Nuevo Mexico is conducting a field action for Blue Corn Waffle & Pancake Mix (BWPB), Sopaipilla Mix (SOPP), Santa Fe Chile Seasoning (SFCS), Green Chile Blue Cornbread (GCBB), Cream of Green Chile Chicken Soup (GCCS), Green Chile Stew with Tortilla Mix (GCSB) and Carne Adovada with Sopaipilla Mix (CADB) due to undeclared wheat.",F-0567-2015,"Los Chileros De Nuevo Mexico, LTD",NM,Terminated,Voluntary: Firm initiated,2014-10-21,2014-12-03,2014-11-25,2017-05-08
310 S Park Dr,Saint Marys,Class II,"Lot Numbers: 3128, 3129, 3130, 3131, 3135, 3136, 3137, 3138, 3139, 3140, 3142, 3143, 3144, 3145, 3146, 3150, 3151, 3152, 3153, 3156, 3157, 3158, 3159, 3160, 3163, 3164, 3165, 3166, 3167, 3170, 3171, 3172, 3173, 3174, 3177, 3178, 3179, 3180, 3181, 3186, 3187, 3188, 3191, 3192, 3193, 3194, 3195, 3196, 3198, 3199, 3200, 3201, 3202, 3205, 3206, 3207, 3212, 3213, 3214, 3215, 3216, 3219, 3220, 3221, 3222, 3223, 3226, 3227, 3228, 3229, 3233, 3234, 3235, 3236, 3240, 3241, 3242, 3243, 3248, 3249, 3250, 3254, 3255, 3256, 3257, 3262, 3269, 3270, 3271, 3276, 3277, 3282, 3283, 3284, 3285, 3286, 3289, 3290, 3291, 3292, 3296, 3297, 3298, 3299, 3303, 3305, 3310, 3312, 3313, 3317, 3318, 3319, 3320, 3332, 3333, 3334, 3339, 3340, 3341, 3345, 3346, 3348, 3348, 3352, 3353, 3354, 3355, 3361, 3362, 4002, 4003, 4004, 4008, 4009, 4010, 4011, 4015, 4016, 4017, 4022, 4024, 4037, 4043, 4048, 4023, 4024, 4036, 4044, 4057, 4059, 4064, 4065, 4066, 4071, 4072, 4078, 4079, 4081, 4085, 4086, 4087, 4088, 4092, 4101, 4103, 4106, 4114, 4116, 4120, 4122, 4127, 4128, 4137, 4141, 4155, 4156  Best By Dates: 2/2/2024, 2/3/2024, 2/4/2024, 2/5/2024, 2/9/2024, 2/10/2024, 2/11/2024, 2/12/2024, 2/12/2024, 2/14/2024, 2/16/2024, 2/17/2024, 2/18/2024, 20/19/2024, 2/20/2024, 2/24/2024, 2/25/2024, 2/26/2024, 2/27/2024, 3/1/2024, 3/2/2024, 3/3/2024, 3/4/2024, 3/5/2024, 3/6/2024, 3/7/2024, 3/8/2024, 3/9/2024, 3/10/2024, 3/11/2024, 3/12/2024, 3/15/2024, 3/16/2024, 3/17/2024, 3/18/2024, 3/19/2024, 3/20/2024, 3/21/2024, 3/22/2024, 3/23/2024, 3/24/2024, 3/31/2024, 4/1/2024, 4/5/2024, 4/6/2024, 4/7/2024, 4/8/2024, 4/10/2024, 4/11/2024, 4/12/2024, 4/13/2024, 4/14/2024, 4/15/2024, 4/19/2024, 4/20/2024, 4/21/2024, 4/26/2024, 4/27/2024, 4/28/2024, 4/29/2024, 4/30/2024, 5/3/2024, 5/4/2024, 5/5/2024, 5/6/2024, 5/7/2024, 5/8/2024, 5/11/2024, 5/12/2024, 5/13/2024, 5/17/2024, 5/19/2024, 5/20/2024, 6/6/2024, 6/7/2024, 6/8/2024, 6/14/2024, 6/15/2024, 6/22/2024, 6/23/2024, 6/29/2024, 6/30/2024, 7/6/2024, 7/7/2024, 7/8/2024, 7/9/2024, 7/12/2024, 7/13/2024, 7/14/2024, 7/15/2024, 7/19/2024, 7/20/2024, 7/21/2024, 7/22/2024, 7/24/2024, 7/25/2024, 7/26/2024, 8/4/2024, 8/5/2024, 8/10/2024, 8/12/2024, 8/14/2024, 8/16/2024, 8/17/2024, 8/22/2024, 8/25/2024, 8/26/2024, 8/28/2024, 8/29/2024, 8/30/2024, 8/31/2024, 9/1/2024, 9/5/2024, 9/6/2024, 9/7/2024, 9/13/2024, 9/14/2024, 9/16/2024, 9/22/2024, 9/28/2024, 9/29/2024, 9/30/2024, 10/3/2024, 10/5/2024, 10/9/2024, 10/11/2024, 10/12/2024, 10/13/2024, 10/17/2024, 10/18/2024, 10/19/2024, 10/20/2024, 10/23/2024, 10/24/2024, 10/25/2024, 10/26/2024, 11/1/2024, 11/2/2024, 11/5/2024, 11/6/2024, 11/8/2024, 11/9/2024, 11/15/2024, 11/22/2024, 11/26/2024, 11/28/2024, 11/30/2024, 12/4/2024, 12/6/2024, 12/7/2024, 12/11/2024, 12/13/2024, 12/14/2024, 12/16/2024, 12/18/2024, 12/19/2024, 12/20/2024, 12/21/2024, 12/27/2024, 12/28/2024, 1/1/2025, 1/2/2025, 1/4/2025, 1/5/2025, 1/8/2025, 1/10/2025, 1/11/2025, 1/12/2025, 1/15/2025, 1/18/2025, 1/23/2025, 1/25/2025, 1/29/2025, 1/31/2025, 2/1/2025, 2/7/2025, 2/10/2025, 2/14/2025, 2/28/2025, 3/1/2025",United States,"Product distributed in Arkansas, California, Florida, Georgia, Indiana, Louisiana, Maryland, Missouri, New York, Ohio, Pennsylvania, Tennessee, Texas, Virginia",94789,"Two or more of the following: Email, Fax, Letter, Press Release, Telephone, Visit",(Item 551697) Wakefield Ham & Cheddar Pretzel Croissant,45885-9688,1323 cases,Food,Possibly contaminated with Listeria monocytogenes,F-1403-2024,Classic Delight LLC,OH,Terminated,Voluntary: Firm initiated,2024-06-10,2024-07-03,2024-06-24,2024-08-12
310 W Alondra Blvd,Gardena,Class I,Lot #040115-050616,United States,U.S. distribution nationwide.     No foreign distribution.,74243,Letter,Cafe Favorites  Oven Roasted Turkey Breast & Cheese Deli Flatz-IW  Code #C22348/22348,90248-2423,,Food,Potential Listeria monocytogenes contamination.,F-1894-2016,"Let's Do Lunch, Inc.",CA,Terminated,Voluntary: Firm initiated,2016-05-23,2016-08-17,2016-08-05,2017-05-31
310 W Alondra Blvd,Gardena,Class I,Lot #040115-050616,United States,U.S. distribution nationwide.     No foreign distribution.,74243,Letter,Integrated Food Service  Turkey Breast & Cheese Sandwich  on a Whole Grain French Roll  Code #C16001/160001,90248-2423,,Food,Potential Listeria monocytogenes contamination.,F-1892-2016,"Let's Do Lunch, Inc.",CA,Terminated,Voluntary: Firm initiated,2016-05-23,2016-08-17,2016-08-05,2017-05-31
3100 Canal St,Houston,Class I,Use By: 07/25/19 thru 8/20/19,United States,Nationwide throughout the US,83343,"Two or more of the following: Email, Fax, Letter, Press Release, Telephone, Visit",PitaPal Organic Cilantro Jalapeno Hummus  10 oz. UPC 851570003348 packaged in Plastic tub with clear lid with green rim.,77003-1602,24 cases,Food,Product has potential to be contaminated with Listeria monocytogenes,F-2199-2019,Pita Pal Foods LP,TX,Terminated,Voluntary: Firm initiated,2019-07-15,2019-09-25,2019-09-16,2020-04-13
3100 Canal St,Houston,Class I,Use By: 07/25/19 thru 9/18/19,United States,Nationwide throughout the US,83343,"Two or more of the following: Email, Fax, Letter, Press Release, Telephone, Visit",PitaPal Edamame Dip with Pretzels 4.1 oz. UPC 851351007091 packaged in Clear tub with clear lid with green rim.,77003-1602,36 cases,Food,Product has potential to be contaminated with Listeria monocytogenes,F-2209-2019,Pita Pal Foods LP,TX,Terminated,Voluntary: Firm initiated,2019-07-15,2019-09-25,2019-09-16,2020-04-13
3100 Canal St,Houston,Class I,Use By: 07/25/19 thru 9/18/19,United States,Nationwide throughout the US,83343,"Two or more of the following: Email, Fax, Letter, Press Release, Telephone, Visit",PitaPal Mezza Sundried Tomato Hummus  11 oz. UPC 851351007336 packaged in Plastic tub with clear lid with green rim.,77003-1602,24 cases,Food,Product has potential to be contaminated with Listeria monocytogenes,F-2192-2019,Pita Pal Foods LP,TX,Terminated,Voluntary: Firm initiated,2019-07-15,2019-09-25,2019-09-16,2020-04-13
3105 Columbia Ave NE,Minneapolis,Class II,Lot Numbers:  002180 - 061180,United States,"AK, GA, IA, IN, KY, MN, MO, ND, NH, NY, OH, TX, WI",79458,"Two or more of the following: Email, Fax, Letter, Press Release, Telephone, Visit","Midwest Northern Nut Mendakota Mix.  Net Wt. 25 lbs.    Midwest Northern Inc., Minneapolis, MN  55118",55418-1810,"35,056 lbs.",Food,potential Allergen cross contact in oil used to roast various nuts and seeds products.,F-1082-2018,Midwest Northern Inc,MN,Terminated,Voluntary: Firm initiated,2017-03-07,2018-04-25,2018-04-16,2018-04-25
311 Bluff St,Sioux City,Class I,1. Best by date: 1/22/25 2. Best by date: 1/22/25,United States,Nationwide United States and Canada,94571,E-Mail,"1. Palmer Candy Drizzled Caramel Corn, Item 19271, Net Wt. 16/5oz tubs, UPC 77343 19271 2. Meijer Drizzled Caramel Popcorn Snack Bowl, Net Wt. 12oz, UPC 60236 18830, 8/12oz case",51103-5401,,Food,Potential salmonella contamination,F-1671-2024,Palmer & Company,IA,Terminated,Voluntary: Firm initiated,2024-05-03,2024-08-14,2024-08-06,2025-11-21
311 Bluff St,Sioux City,Class I,Best By Date 1/19/25,United States,Nationwide United States and Canada,94571,E-Mail,"Palmer Patriotic Munchy Medley, Net Wt 15oz, UPC 7723237060, 12/15oz case",51103-5401,,Food,Potential salmonella contamination,F-1663-2024,Palmer & Company,IA,Terminated,Voluntary: Firm initiated,2024-05-03,2024-08-14,2024-08-06,2025-11-21
31128 San Clemente Street,Hayward,Class II,Case Code sell by date 011916  Package sell by date: JAN192016,United States,nationwide,70817,Press Release,"Rising Moon Organics Spinach Florentine Ravioli;  Net Wt 8 oz. (227g)  UPC 7 85030 22770 1    Distributed by Rising Moon Organics  313 Iron Horse Way  Providence, RI 02908",94544,1260 cases (6/8 oz. packages per case),Food,Firm was notified by supplier of spinach and used in manufacturing showed the presence of Listeria Monocytogenes and was shipped erroneously.,F-2018-2015,"Carmel Food Group, Inc.",CA,Terminated,Voluntary: Firm initiated,2015-03-23,2015-04-29,2015-04-20,2016-07-20
312 N Nopal St,Santa Barbara,Class I,"Batches 1144-3949  Use By Dates: April 29th to May 6th, 2015  SKU: 8 30859 01079 6  SKU: 8 30859 02484 7",United States,"U.S. distribution to the following: CA, HI, IL, FL, GA, CO, NV, TX, NY, OH, MI, LA, AZ, CT, NE, NJ, MO, MN, NC, MD, and KY     No foreign distribution.",71412,Telephone,'- Cambridge House Mild Smoked Salmon Sliced Side  - Grade A Smoked Salmon Trimmings 1lb    Products are packaged in Reduced Oxygen Package (ROP).  Product is priced per pound.,93103-3225,"about 250,000 lbs. (including all lots)",Food,"The Santa Barbara Smokehouse, Inc. is recalling fresh and frozen cold smoked salmon due to potential Listeria Monocytogenes contamination.",F-2776-2015,"The Santa Barbara Smokehouse, Inc.",CA,Terminated,Voluntary: Firm initiated,2015-06-04,2015-07-01,2015-06-25,2015-12-15
3120 N Post Rd,Indianapolis,Class I,"All products Best By or Use By: 4/27/18 to 6/16/18    Kroger  MIXED SPEARS 1/16Z , 16 oz., UPC: 826766139606  Clear Generic Label Distributed by Renaissance Food Group",United States,"Domestic: AL, CA, FL, GA, IA, ID, IL, IN, KS, KY, MI, MN, MO, NC, ND, NE, OH, PA, SD, TN, VA, WI, WV",80274,"Two or more of the following: Email, Fax, Letter, Press Release, Telephone, Visit","Multiple Brands Mixed Melon:    Customer  Product Description  Pack Weight                 UPC      	   Label Description/Brand 	    	  Kroger 	MIXED SPEARS 1/16Z ,	16 oz., UPC: 826766139606 	Clear Generic Label Distributed by Renaissance Food Group",46226-6514,"3,160,647.91 lbs. Total",Food,Products have the potential to be contaminated with Salmonella.,F-1633-2018,"Caito Foods Service, Inc.",IN,Terminated,Voluntary: Firm initiated,2018-06-08,2018-07-11,2018-07-12,2018-10-18
3120 N Post Rd,Indianapolis,Class I,"All products Best By or Use By: 4/27/18 to 6/16/18    Walmart  SALAD SEASONAL FRUIT 4/10Z  13 oz., UPC: 826766254262  Freshness Guaranteed label",United States,"Domestic: AL, CA, FL, GA, IA, ID, IL, IN, KS, KY, MI, MN, MO, NC, ND, NE, OH, PA, SD, TN, VA, WI, WV",80274,"Two or more of the following: Email, Fax, Letter, Press Release, Telephone, Visit","Multiple Brands Mixed Melon:    Customer  Product Description  Pack Weight                 UPC      	   Label Description/Brand 	    Walmart 	SALAD SEASONAL FRUIT 4/10Z 	13 oz., UPC: 826766254262 	Freshness Guaranteed label",46226-6514,"3,160,647.91 lbs. Total",Food,Products have the potential to be contaminated with Salmonella.,F-1642-2018,"Caito Foods Service, Inc.",IN,Terminated,Voluntary: Firm initiated,2018-06-08,2018-07-11,2018-07-12,2018-10-18
3120 N Post Rd,Indianapolis,Class I,"Item  382987,  Best By 8/04/2012- 09/16/12",United States,"4 Distributors in WI, IN, IL, CA with further nationwide distribution to retail stores",63193,"Two or more of the following: Email, Fax, Letter, Press Release, Telephone, Visit","Garden Highway, Chef Essentials, Mango Salsa, Net Wt  7 oz, UPC 8.26766-42208.1, Ingredients: Mango, Lime Juice, Red Onion, Mint, Jalapeno Pepper, Packed in It's Own Juice",46226-6514,7 cases,Food,"In cooperation with the FDA warning to not consume mangoes from Agricola Daniella, Mexico.  FreshLine of Indianapolis, Indiana, has initiated a voluntary recall of a limited quantity of expired products that contain fresh-cut mangoes due to the potential risk that the mangoes may contain Salmonella.",F-0133-2013,"Caito Foods Service, Inc.",IN,Terminated,Voluntary: Firm initiated,2012-09-15,2012-10-24,2012-10-17,2013-08-28
3125 Mercer Ave Ste 101,Bellingham,Class II,"Best By Dates 7/12, 7/15, and 7/19",United States,distributed in WA.,92658,"Two or more of the following: Email, Fax, Letter, Press Release, Telephone, Visit","Semolina Shells, net wt. 13oz. Product is packaged in a clear clamshell plastic container.  Label declares: Fresh & Hand Crafted Bellingham Pasta Co. Ingredients Semolina Flour, Water, Egg, dusted with Brown Rice Flour. Keep Refrigerated. UPC 8 98975 00219 4.",98225-8435,24 packages,Food,Pasta label declares semolina flour but does not declare wheat.,F-1374-2023,Bellingham Pasta Co,WA,Terminated,Voluntary: Firm initiated,2023-07-03,2023-08-16,2023-08-04,2023-09-13
313 Iron Horse Way,Providence,Class II,1. UPC:      07-40695-94629 case code: 442,United States,"NJ, NY, MD, DC, PA",97051,"Two or more of the following: Email, Fax, Letter, Press Release, Telephone, Visit",1. USA OG2 LEEKS,02908-5637,213 cases (total),Food,May be contaminated with fluid from a reach truck,H-0245-2025,UNFI General Corporate,RI,Terminated,Voluntary: Firm initiated,2025-06-07,2025-07-16,2025-07-10,2026-03-16
315 New Market Rd E,Immokalee,Class I,Expiration Date:5/14/2025-5/23/2025 Lot# 3-431726 3-431831 3-431866 3-432045 3-1614605 3-1613675 3-1614079 3-1614605 3-1614152 3-1614291 3-1614662 3-1614663 3-1614592 3-1614661 3-1614805 3-1614806 3-1614982 3-1615014 3-1615313 3-1615440 3-1615442 3-1615860 3-1616065 3-1616066 3-1616509 3-1614079 3-1613675 3-1614605 3-1614266 3-1614152 3-1615313 3-1614152 3-1614266 3-1614291 3-1614605 3-1614662 3-1614663 3-1614806 3-1614862 3-1614889 3-1615014 3-1615203 3-1615226 3-1615313 3-1615822 3-1615823 3-1616065 3-1616246 3-1616509,United States,"Product was distributed to AZ, CA, IL, FL, WI, MA, MS, MN, CA, NC, VA, TN, VT, CT, NY, MD, PA, NJ, TX",97008,E-Mail,"Cucumber Super Selec Repacked by Lipman Produce Hendersonville, NC 28792, Product of USA",34142-3509,"16,504 cases total",Food,Potential salmonella contamination,H-0030-2025,LIPMAN FAMILY FARMS,FL,Terminated,Voluntary: Firm initiated,2025-05-20,2025-06-18,2025-06-10,2025-08-07
315 New Market Rd E,Immokalee,Class I,Pack Date May 22 Lot #3-1614763 3-1614959 3-1615358 3-1615676 3-1616199 3-1616384,United States,"Product was distributed to AZ, CA, IL, FL, WI, MA, MS, MN, CA, NC, VA, TN, VT, CT, NY, MD, PA, NJ, TX",97008,E-Mail,PR Cucumber Sliced 2/5# 1/4 Pack Date May 22 Product of USA Lipman Family Farms Hendersonville / NC,34142-3509,"16,504 cases total",Food,Potential salmonella contamination,H-0029-2025,LIPMAN FAMILY FARMS,FL,Terminated,Voluntary: Firm initiated,2025-05-20,2025-06-18,2025-06-10,2025-08-07
3158 E Hamilton Ave,Fresno,Class I,EXPANDED 8-10-2022        Lot Code 9031 / Best By Date 11/05/2022,United States,nationwide,90667,Telephone,"kate farms Peptide  1.5 Cal/mL, Plain, Sole-Source Nutrition Formula.  325 mL (11 fl oz) UPC  8 51823-00646 1.  12 count case UPC 00851823006379.  Shake Well.  A ready-to-use oral and tube feeding formula with enzymatically hydrolyzed organic pea protein.  Made for Kate Farms, Inc., 101 Innovation Place, Santa Barbara, CA  93708",93702-4163,"53,818,025 total units",Food,Findings and potential for Cronobacter sakazakii and Clostridium botulinum.,F-1671-2022,"Lyons Magnus, Inc",CA,Terminated,Voluntary: Firm initiated,2022-07-22,2022-09-07,2022-08-30,2024-07-25
3158 E Hamilton Ave,Fresno,Class I,Lot Code 0012 / Best By Date 1/5/2023;     Lot Code 1412 / Best By Date 2/15/2023;           Lot Code 9512 / Best By Date 3/5/2023;     Lot Code 9902 / Best By Date 1/4/2023.        EXPANED 8-10-2022  Lot Code 0231 / Best By Date 08/12/2022.     Lot Code 0231 / Best By Date 08/13/2022.     Lot Code 0702 / Best By Date 12/06/2022.     Lot Code 1702 / Best By Date 12/07/2022.     Lot Code 6702 / Best By Date 12/12/2022.     Lot Code 7102 / Best By Date 10/14/2022.     Lot Code 8302 / Best By Date 11/04/2022.     Lot Code 8431 / Best By Date 09/10/2022.     Lot Code 9131 / Best By Date 08/12/2022.,United States,nationwide,90667,Telephone,"Sysco Imperial Med Plus 2.0 butter Pecan Nutritional Drink.  High Calorie, High Protein.   Mildly Thick Nectar Consistency.    32 FL OZ (1 QT)  946mL  UPC 0 74865-92732 1.  Reorder # 0108936.  12 count case UPC 10074865927328.      Refrigerate prior to serving.  Shake well.   Refrigerate after opening and use within 3 days.    Distributed by  Sysco Corporation, Houston, Texas  77077.",93702-4163,"53,818,025 total units",Food,Findings and potential for Cronobacter sakazakii and Clostridium botulinum.,F-1634-2022,"Lyons Magnus, Inc",CA,Terminated,Voluntary: Firm initiated,2022-07-22,2022-09-07,2022-08-30,2024-07-25
3158 E Hamilton Ave,Fresno,Class I,Lot Code 1412 / Best By Date 02/15/2023;     Lot Code 6312 / Best By Date 02/10/2023;     Lot Code 9312 / Best By Date 02/13/2023;     Lot Code 9902 / Best By Date 01/04/2023.      EXPANDED 8-10-2022  Lot Code 6702 / Best By Date 12/12/2022.     Lot Code 8302/Best By Date 11/04/2022.,United States,nationwide,90667,Telephone,"Lyons Ready Care 2.0  Butter Pecan High Calorie, High Protein,  Nutritional Drink.  32 FL OZ (1 QT)  946mL  UPC 0 45796-10049 7  Item 10049.  12 count case UPC 10045796100494.    Refrigerate after opening.     Lyons Magnus, Fresno, CA  93702.",93702-4163,"53,818,025 total units",Food,Findings and potential for Cronobacter sakazakii and Clostridium botulinum.,F-1613-2022,"Lyons Magnus, Inc",CA,Terminated,Voluntary: Firm initiated,2022-07-22,2022-09-07,2022-08-30,2024-07-25
3158 E Hamilton Ave,Fresno,Class I,Lot Code 8312 / Best By Date 07/12/2023  Lot Code 9312 / Best By Date 07/13/2023.      EXPANDED 8-10-2022  Lot Code 0702 / Best By Date 05/05/2023.     Lot Code 1702 / Best By Date 05/06/2023.     Lot Code 3221 / Best By Date 10/05/2022.     Lot Code 4221 / Best By Date 10/06/2022.     Lot Code 5431 / Best By Date 02/04/2023.     Lot Code 6431 / Best By Date 02/05/2023.     Lot Code 6821 / Best By Date 12/07/2022.,United States,nationwide,90667,Telephone,"Aloha Organic Protein Drink, Chocolate Sea Salt, Plant-based protein.  Net 11 FL OZ (330 mL) Tetra Pak container UPC 8 42096-11235 5.  Sold in 4 count package wrap with UPC  842095122354.  Shake Well.  Best Chilled.     Manufactured for:  Aloha, Littleton, CO  80127",93702-4163,"53,818,025 total units",Food,Findings and potential for Cronobacter sakazakii and Clostridium botulinum.,F-1603-2022,"Lyons Magnus, Inc",CA,Terminated,Voluntary: Firm initiated,2022-07-22,2022-09-07,2022-08-30,2024-07-25
3158 E Hamilton Ave,Fresno,Class I,BB codes: 022125 to 022126,United States,"Distribution centers located throughout the U.S. and further distributed to sensitive populations located in long term care facilities, skilled nursing homes, hospitals, etc.",96376,"Two or more of the following: Email, Fax, Letter, Press Release, Telephone, Visit","Ready Care Strawberry Shake No Sugar Added (4 oz), UPC 10045796017372;  Imperial Strawberry Shake No Sugar Added (4 oz), UPC 00074865926843",93702-4163,"763,250 cases (50 or 75 cartons per case) Total",Food,Potential contamination with Listeria monocytogenes.,F-0657-2025,Lyons Magnus LLC,CA,Ongoing,Voluntary: Firm initiated,2025-02-21,2025-03-26,2025-03-20,
317 New Boston St,Woburn,Class III,"Safecor Health Lot # A15012, A15021, 16A004, 16A015 and 16A035",United States,nationwide,75196,Letter,"Safecor Vitamin B-1 (THIAMINE) 100 mg tablets  NDC: 48433-0108-01  Distributed by: SAFECOR HEALTH, 317 NEW BOSTON STREET, WOBURN, MA",01801-6231,1431 boxes,Food,Box labeled Thiamine Hydrochloride instead of Thiamine Mononitrate,F-0606-2017,"Safecor Health, LLC",MA,Terminated,Voluntary: Firm initiated,2016-09-12,2016-12-14,2016-12-06,2017-08-01
3180 Corporate Pl,Hayward,Class II,Best Before 07/03/2017.,United States,"US Distribution only to distributors in OR, CA, GA, CT, IA, TX, OH, CO, WA, NH, IN, NY, SC, FL, WI",77471,Letter,"Kite Hill Almond Yogurt, Peach,  NET WT.  5.3 oz (150G)    Case UPC: 8-56624-00415-9    Distributed by Lyrical Foods, Hayward, CA.",94545-3916,1878 cases (12 x 5.3 oz. containers per case),Food,Lyrical Foods is voluntarily recalling four flavors of Kite Hill Almond Yogurt with best by dates 07/03/17 and 07/04/17 as some of these packages have spoiled before the best by date.,F-2581-2017,Lyrical Foods Inc,CA,Terminated,Voluntary: Firm initiated,2017-06-07,2017-07-19,2017-07-13,2017-08-14
319 E Prairie St,Denton,Class III,All lots,United States,Nationwide throughout the US,72822,Letter,Buttermilk Pancake Mix # 1 NET WT 5 LBS (2.27kg),76201-6109,6774 cases,Food,May contain small metal fragments from wire mesh sifter.,F-0894-2016,"C. H. Guenther & Son, Inc.dba Morrison Milling",TX,Terminated,Voluntary: Firm initiated,2015-12-07,2016-04-20,2016-04-11,2016-08-02
319 E Prairie St,Denton,Class III,All lots,United States,Nationwide throughout the US,72822,Letter,HEB Lemon Seasonal Fish Fry Mix NET WT. 16 OZ (1 LB) CONT. NET 454g and HEB Lemon Seasonal Fish Fry Mix NET WT. 10 OZ  CONT. NET 284g  packed in paper box,76201-6109,"29,350 cases",Food,May contain small metal fragments from wire mesh sifter.,F-0823-2016,"C. H. Guenther & Son, Inc.dba Morrison Milling",TX,Terminated,Voluntary: Firm initiated,2015-12-07,2016-04-20,2016-04-11,2016-08-02
319 E Prairie St,Denton,Class III,All lots,United States,Nationwide throughout the US,72822,Letter,HSRG Cornmeal Breader NET WT 25 LB (11.33 kg),76201-6109,3609 cases,Food,May contain small metal fragments from wire mesh sifter.,F-0857-2016,"C. H. Guenther & Son, Inc.dba Morrison Milling",TX,Terminated,Voluntary: Firm initiated,2015-12-07,2016-04-20,2016-04-11,2016-08-02
319 E Prairie St,Denton,Class III,All lots,United States,Nationwide throughout the US,72822,Letter,Morrison's Pancake Mix Net Wt 5 LB (2.27 kg),76201-6109,"15,881 cases",Food,May contain small metal fragments from wire mesh sifter.,F-0889-2016,"C. H. Guenther & Son, Inc.dba Morrison Milling",TX,Terminated,Voluntary: Firm initiated,2015-12-07,2016-04-20,2016-04-11,2016-08-02
319 E Prairie St,Denton,Class III,All lots,United States,Nationwide throughout the US,72822,Letter,Pioneer Sweet Corn Muffin Mix NET WT. 5 LBS 2.27 kg,76201-6109,4737 cases,Food,May contain small metal fragments from wire mesh sifter.,F-0867-2016,"C. H. Guenther & Son, Inc.dba Morrison Milling",TX,Terminated,Voluntary: Firm initiated,2015-12-07,2016-04-20,2016-04-11,2016-08-02
31900 Solon Rd,Solon,Class II,UPC 0 38445 12286 5 and the date codes of Best By May 24 2017 KN and August 05 2017 KN.,United States,"US nationwide.  The product was distributed to the following states: OH, KS, MN.",75109,"Two or more of the following: Email, Fax, Letter, Press Release, Telephone, Visit","Southern Grove Cashews with Sea Salt, a 10 ounce stand up pouch bag with a UPC 0 38445 12286 5 and the date codes of Best By May 24 2017 KN and August 05 2017 KN",44139-3536,485 cases (7760 individual bags),Food,This recall has been initiated due to the possible presence of peanuts.,F-2330-2016,"Kanan Enterprises, Inc.",OH,Terminated,Voluntary: Firm initiated,2016-09-03,2016-09-28,2016-09-16,2016-12-20
320 Hamilton St,Leominster,Class II,Lot: 2018317-1,United States,xx,81737,Telephone,"DAHlicious ORGANIC Lassi India -Style DRINKABLE YOGURT, Grassland Plain, , 32 FL OZ (946 mL), UPC: 7 93573 01459 7",01453-2373,2175 units (bottles)/362 cases,Food,Product was improperly pasteurized.,F-1172-2019,DAHLICIOUS,MA,Terminated,Voluntary: Firm initiated,2018-12-11,2019-03-27,2019-03-15,2019-04-05
320 N 2nd St,Tipp City,Class I,Trophy Nut Brand 1.5 oz. Red Pistachio Tube UPC 74249-50779 Code Date 08/16/2009 thru 10/27/2009 and Nut Barrel Brand 1.25 oz. Red Pistachio Tube UPC 74249-27779 Code Date 8/16/2009 thru 10/6/2009.,United States,"Distributed nationwide, including the states of: CA, IL, IN, MD, MI, MN, NC, ND, NJ, NM, NY, OH, OK, PA, SC, TN, TX, VA, VT, and VI.",51894,"Two or more of the following: Email, Fax, Letter, Press Release, Telephone, Visit",Trophy Nut Brand 1.5 oz. Red Pistachio Tube and Nut Barrel Brand 1.25 oz. Red Pistachio Tube.,45371,,Food,"The product is being recalled because it was manufactured using pistachios recalled by Setton Pistachios of Terra Bella, CA because it has the potential to be contaminated with Salmonella.",F-1519-2013,Trophy Nut Co Inc,OH,Terminated,Voluntary: Firm initiated,2009-04-07,2013-06-19,2013-06-10,2013-06-10
320 N 2nd St,Tipp City,Class II,"Product #29973B  Code Dates: 10/20/2016, 11/8/2016, 11/9/2016 & 01/12/2017.",United States,Product was sent to one manufacturer in MI,77213,Letter,"Honey Bourbon Pecans Net Wt. 20 lb. (9.088g) Mfg. By: Trophy Nut Co. Tipp City, OH 45371",45371,480/20 ib cases,Food,The firm stated that the product contains undeclared allergens.,F-2326-2017,Trophy Nut Co Inc,OH,Terminated,Voluntary: Firm initiated,2017-05-05,2017-06-14,2017-06-05,2018-02-13
3217 Johnston Rd,Gonzales,Class I,"Best Buy Dates:23-Sep-16, 24-Sep-16, 07-Oct-16, 11-Nov-16, 05-Dec-16, 07-Nov-16, 18-Dec-16, 26-Aug-16; Lot: (50# boxes only) P9A53E001, P9A5P1001, P9A69Z001, P9A6N7001, P9A6VB001, P9A7DJ001;  Lot: (25 pound boxes only) P9A6M6001",United States,"AL, AR, CA, CO, FL, ID, IL, IN, , KS, KY, LA, MI, MO, MS, NC, NE, NJ, NM, OH, OK, TX, UT, WA",70117,Press Release,"Adams Pantry Basics Ground Cumin Net Wt. 2.82 oz (80 g) UPC: 041313019525; Adams Pantry Basics Value Size Ground Cumin Net Wt. 6.70 oz (190 g) UPC: 041313019532; Adams Pantry Basics Saver Size Ground Cumin Net Wt. 16 oz (454 g) UPC: 041313023126; No brand name Cumin, Ground 50# Box Item Code: 33325 UPCA: 041313333256 and 25# Box Item Code: 33326 UPCA: 041313333263",78629-8008,unknown,Food,Product may contain undeclared peanut protein.,F-1304-2015,Adams Extract & Spice LLC,TX,Terminated,Voluntary: Firm initiated,2014-12-26,2015-03-04,2015-02-23,2016-10-05
3217 Johnston Rd,Gonzales,Class I,"Best Buy Dates:28-Aug-16, 30-Sep-16, 02-Oct-16, 17-Oct-16, 05-Nov-16, 05-Dec-16; Lot# (25# only) P9A625001, P9A5YN001; Lot # (50# only) P9A7WZ001, P9A7XO001",United States,"AL, AR, CA, CO, FL, ID, IL, IN, , KS, KY, LA, MI, MO, MS, NC, NE, NJ, NM, OH, OK, TX, UT, WA",70117,Press Release,Adams Pantry Basics Multi-Season Seasoned Salt Net Wt. 30 oz (851 g) UPC: 041313024888;  50# Multi Seasoning Item Code: 06095 Item UPCA: 041313060954; 25# Multi Seasoning Item Code: 06096 Item UPCA: 041313060961,78629-8008,unknown,Food,Product may contain undeclared peanut protein.,F-1308-2015,Adams Extract & Spice LLC,TX,Terminated,Voluntary: Firm initiated,2014-12-26,2015-03-04,2015-02-23,2016-10-05
32-34 Papetti Plz,Elizabeth,Class II,Lot Code: 55-H422,United States,US: Illinois,69199,Letter,"Wheat Cake (Maruto ""C"" Cake), 6.3 ounces (180g), individually packaged in gold foil pouches and sold under the Maruto Brand. Sold at retail locations in display cases containing 8 bars per display case.",07206-1432,10 cases (160 pieces),Food,This voluntary recall has been initiated because Maruto 'C' Cakes (Wheat Cakes) omitted soy lecithin as an ingredient and an accompanying allergen warning.,F-0004-2015,Ikko International Trading LLC,NJ,Terminated,Voluntary: Firm initiated,2014-08-05,2014-10-15,2014-10-06,2016-09-13
3250 Camino Del Sol,Oxnard,Class I,"UPC code: 400000290942  Lot #: 060367, 060692, 061252 and 061864",United States,"US states:  ""	Connecticut  ""	Delaware  ""	Florida  ""	Georgia  ""	Maine  ""	Maryland  ""	Massachusetts  ""	New Hampshire  ""	New Jersey  ""	New York  ""	North Carolina  ""	Ohio  ""	Pennsylvania  ""	Rhode Island  ""	Virginia",65705,Letter,"Earth's Pride Organics: Organic Oregano, 2.2 oz. Packaged at 12 units per case.    Packaged in a glass jar with cork closure.    Product labeling reads in part:""earth's pride organics PANTRY COLLECTION***ORGANIC OREGANO***NET WT. 2.2 OZ (62.4g)***DISTRIBUTED BY BJWC 25 RESEARCH DRIVE  WESTBOROUGH, MA 01581  1-800-934-1204***"".",93030-8998,"11,000 UNITS",Food,"Olde Thompson Inc. Oxnard, CA is recalling Earths Pride Organics: Organic Oregano packaged in a 2.2 oz. glass jar with cork closure, Lot #: 060367, 060692, 061252 and 061864 due to Salmonella.",F-1793-2013,"Olde Thompson, Inc.",CA,Terminated,Voluntary: Firm initiated,2013-07-10,2013-08-14,2013-08-08,2013-09-11
32816 Manor Park,Garden City,Class I,Best Before 07-01-2022,United States,"The recalled  Halva  were distributed through Mediterranean food stores and wholesalers in Michigan, Illinois, Missouri, New York, Ohio, North Carolina and  Pennsylvania.  Between March 2020 to Feb 2021.",87576,Telephone,Kareem Chef Halva 1lb and 2lb sizes in plastic tub,48135-1545,1320 units,Food,Salmonella,F-0377-2021,KAREEM MART INC,MI,Terminated,Voluntary: Firm initiated,2021-03-08,2021-04-07,2021-03-30,2021-09-01
32816 Manor Park,Garden City,Class I,"Lot 1, DATE OF EXPIRATION 07-01-2022, numbers in firm systems are KH100P045, KH100P090, KH100M100",United States,"The products covered by this recall may have been distributed to a distributor and retail stores in the following states: Illinois, Montana, Michigan, New York, North Carolina, Ohio, Pennsylvania, and Virginia.",87438,Telephone,Tahina Sesame Paste packaged in 1lb and 2lb plastic jars and 10kg metal containers; UPC CODES 6215000382207,48135-1545,1800 of the 1lb units; 450 of the 2lb units; and 100 of the 10kg units,Food,Product tested positive for Salmonella.,F-0341-2021,KAREEM MART INC,MI,Terminated,Voluntary: Firm initiated,2021-02-25,2021-03-24,2021-03-16,2021-09-01
33 S 6th St,Minneapolis,Class II,"All product purchased at  Target store T2780, Honolulu, HI from March 23 through March 27, 2018.",United States,HI,79663,Telephone,2-ct. (9-oz.) Hot Pockets X Four Cheese Pizza    UPC: 43695071092    Target item number: 270-6-190,55402-3601,2652 retail units total,Food,Shipping container from CA to HI was not held at proper temperature which could cause food items to be contaminated with spoilage organisms or pathogens,F-1220-2018,Target Corporation,MN,Terminated,Voluntary: Firm initiated,2018-03-27,2018-05-09,2018-05-03,2018-05-03
33 S 6th St,Minneapolis,Class II,"All product purchased at  Target store T2780, Honolulu, HI from March 23 through March 27, 2018.",United States,HI,79663,Telephone,Ben & Jerry's Chocolate Cookie PB Swirl Non-Diary Frozen Dessert 16 oz.    UPC: 76840580767    Target item number: 288-7-814,55402-3601,2652 retail units total,Food,Shipping container from CA to HI was not held at proper temperature which could cause food items to be contaminated with spoilage organisms or pathogens,F-1211-2018,Target Corporation,MN,Terminated,Voluntary: Firm initiated,2018-03-27,2018-05-09,2018-05-03,2018-05-03
33 S 6th St,Minneapolis,Class II,"All product purchased at  Target store T2780, Honolulu, HI from March 23 through March 27, 2018.",United States,HI,79663,Telephone,Ben & Jerry's Non Diary Coconut 7 layer 16 fl oz    UPC: 768406744668    Target item number: 288-7-2060,55402-3601,2652 retail units total,Food,Shipping container from CA to HI was not held at proper temperature which could cause food items to be contaminated with spoilage organisms or pathogens,F-1218-2018,Target Corporation,MN,Terminated,Voluntary: Firm initiated,2018-03-27,2018-05-09,2018-05-03,2018-05-03
33 S 6th St,Minneapolis,Class II,"All product purchased at  Target store T2780, Honolulu, HI from March 23 through March 27, 2018.",United States,HI,79663,Telephone,CW ULTIMATE SOUTHWEST VEG 14OZ    UPC: 70332002881    Target item number: 270-0-4,55402-3601,2652 retail units total,Food,Shipping container from CA to HI was not held at proper temperature which could cause food items to be contaminated with spoilage organisms or pathogens,F-1356-2018,Target Corporation,MN,Terminated,Voluntary: Firm initiated,2018-03-27,2018-05-09,2018-05-03,2018-05-03
33 S 6th St,Minneapolis,Class II,"All product purchased at  Target store T2780, Honolulu, HI from March 23 through March 27, 2018.",United States,HI,79663,Telephone,Eggo Homestyle Waffles 24ct 29.6oz    UPC: 38000402807    Target item number: 270-5-49,55402-3601,2652 retail units total,Food,Shipping container from CA to HI was not held at proper temperature which could cause food items to be contaminated with spoilage organisms or pathogens,F-1334-2018,Target Corporation,MN,Terminated,Voluntary: Firm initiated,2018-03-27,2018-05-09,2018-05-03,2018-05-03
33 S 6th St,Minneapolis,Class II,"All product purchased at  Target store T2780, Honolulu, HI from March 23 through March 27, 2018.",United States,HI,79663,Telephone,Market Pantry Cookies n' Cream Ice Cream 128oz    UPC: 85239014974    Target item number: 288-7-310,55402-3601,2652 retail units total,Food,Shipping container from CA to HI was not held at proper temperature which could cause food items to be contaminated with spoilage organisms or pathogens,F-1208-2018,Target Corporation,MN,Terminated,Voluntary: Firm initiated,2018-03-27,2018-05-09,2018-05-03,2018-05-03
33 S 6th St,Minneapolis,Class II,"All product purchased at  Target store T2780, Honolulu, HI from March 23 through March 27, 2018.",United States,HI,79663,Telephone,Market Pantry Vanilla Ice Cream 128oz    UPC: 85239014943    Target item number: 288-7-307,55402-3601,2652 retail units total,Food,Shipping container from CA to HI was not held at proper temperature which could cause food items to be contaminated with spoilage organisms or pathogens,F-1328-2018,Target Corporation,MN,Terminated,Voluntary: Firm initiated,2018-03-27,2018-05-09,2018-05-03,2018-05-03
33 S 6th St,Minneapolis,Class II,"All product purchased at  Target store T2780, Honolulu, HI from March 23 through March 27, 2018.",United States,HI,79663,Telephone,Simply Balanced Quinoa Spinach Red Pepper Onion Chickpeas 10oz;    UPC: 85239058107    Target item number: 270-0-581,55402-3601,2652 retail units total,Food,Shipping container from CA to HI was not held at proper temperature which could cause food items to be contaminated with spoilage organisms or pathogens,F-1254-2018,Target Corporation,MN,Terminated,Voluntary: Firm initiated,2018-03-27,2018-05-09,2018-05-03,2018-05-03
33 S 6th St,Minneapolis,Class II,"All product purchased at  Target store T2780, Honolulu, HI from March 23 through March 27, 2018.",United States,HI,79663,Telephone,Yasso Birthday Cake Pint    UPC: 851035003739    Target item number: 288-7-1614,55402-3601,2652 retail units total,Food,Shipping container from CA to HI was not held at proper temperature which could cause food items to be contaminated with spoilage organisms or pathogens,F-1227-2018,Target Corporation,MN,Terminated,Voluntary: Firm initiated,2018-03-27,2018-05-09,2018-05-03,2018-05-03
33 W 17th St,New York,Class II,"All lot codes (GI-6940, GI-6967, GI-7009, GI-7039)",United States,nationwide via internet sales and in NY via 6 retail stores.,70398,"Two or more of the following: Email, Fax, Letter, Press Release, Telephone, Visit","ALOHA VANILLA PREMIUM PROTEIN is a powder and product is packed as the following: 1) Tin: UPC 641061842606, 2) Pouch: UPC 641061842644 and 3) Protein Tower 14 pack: UPC 640864820729.  Formulated, Quality Tested & Exclusively Sold by ALOHA, Inc. NY, NY 10011 +1 888.444.3898",10011-5511,"58,146 units",Food,Aloha has recalled protein powder dietary supplements due to the presence of Staphylococcus enterotoxin,F-1587-2015,Aloha,NY,Terminated,Voluntary: Firm initiated,2015-01-29,2015-04-01,2015-03-24,2017-05-03
330 Turnpike St,Canton,Class II,All Lots in Commerce,United States,Nationwide                  Nationwide,67966,Letter,"Pastene  ITALIAN FARFALLE  #66 ,16 oz cellophane bag.   Imported from Italy. Imported by the Pastene Company, Canton, MA    Item Number:7091  UPC: 066086070917",02021-2703,"6,000 cases, total for all varieties",Food,"Semolina pasta fails to declare the allergen""wheat""",F-1906-2014,The Pastene Companies Ltd.,MA,Terminated,Voluntary: Firm initiated,2014-04-10,2014-05-07,2014-04-28,2015-08-19
3300 Publix Corporate Pkwy,Lakeland,Class I,"All lot codes, all expiration dates.  last ship date 04/30/2016.",United States,"Distributed to Publix retail stores in AL, FL, GA, NC, SC, & TN",74088,"Two or more of the following: Email, Fax, Letter, Press Release, Telephone, Visit","Publix Deli, Wheatberry Salad,  sold in 3.5 oz clamshell, 1 lb Grab and Go kit, and Chef Select custom order behind the deli counter.  Received at retail store as a 12.75 lbs kit.  Ingredients are combined at retail store.  Manufactured for Publix Supermarkets in Lakeland, FL",33811-3311,"1,559 kits",Food,Potential contamination with Listeria monocytogenes.,F-1518-2016,"Publix Super Markets, Inc.",FL,Terminated,Voluntary: Firm initiated,2016-05-05,2016-06-22,2016-06-14,2017-04-13
3300 Publix Corporate Pkwy,Lakeland,Class II,All date codes through expiration date 01/19/2017.,United States,"Distributed to the following states: AL, FL, GA, NC, SC, TN.",75147,"Two or more of the following: Email, Fax, Letter, Press Release, Telephone, Visit","Publix Danish Apple Coffee Cake Strip, 15 oz.  UPC 002-19562-00000",33811-3311,"Approximately 14,788 cases total (12 units per case)",Food,Presence of small metal shavings,F-0732-2017,"Publix Super Markets, Inc.",FL,Terminated,Voluntary: Firm initiated,2016-09-08,2016-12-21,2016-12-14,2017-04-14
3300 Publix Corporate Pkwy,Lakeland,Class I,"Recalled products were distributed from November 11, 2012 through November 15, 2012.",United States,Florida,64493,E-Mail,Publix 7 inch Chocolate with Chocolate butter cream layer cake  Scale ID Number * 002-95954-00000 *The last five digits of the scale ID number contain the unit price. For example $4.99 would have the last five digits ending 00499.,33811-3311,,Food,Maplehurst Deli-Bake South Inc. the cake supplier notified Publix Super market of a contamination with Listeria Monocytogenes on 11/15/2012.,F-1181-2013,"Publix Super Markets, Inc.",FL,Terminated,Voluntary: Firm initiated,2012-11-15,2013-03-20,2013-03-13,2013-05-17
3300 Publix Corporate Pkwy,Lakeland,Class I,"Recalled products were distributed from November 11, 2012 through November 15, 2012.",United States,Florida,64493,E-Mail,Publix 7 inch Cookies Cream Layer Cake  Scale ID Number * 002-16466-00000 *The last five digits of the scale ID number contain the unit price. For example $4.99 would have the last five digits ending 00499.,33811-3311,,Food,Maplehurst Deli-Bake South Inc. the cake supplier notified Publix Super market of a contamination with Listeria Monocytogenes on 11/15/2012.,F-1146-2013,"Publix Super Markets, Inc.",FL,Terminated,Voluntary: Firm initiated,2012-11-15,2013-03-20,2013-03-13,2013-05-17
3300 Publix Corporate Pkwy,Lakeland,Class I,"Recalled products were distributed from November 11, 2012 through November 15, 2012.",United States,Florida,64493,E-Mail,Publix Chocolate Ganache cake  Scale ID Number * 002-94078-00000 *The last five digits of the scale ID number contain the unit price. For example $4.99 would have the last five digits ending 00499.,33811-3311,,Food,Maplehurst Deli-Bake South Inc. the cake supplier notified Publix Super market of a contamination with Listeria Monocytogenes on 11/15/2012.,F-1155-2013,"Publix Super Markets, Inc.",FL,Terminated,Voluntary: Firm initiated,2012-11-15,2013-03-20,2013-03-13,2013-05-17
3301 Montreal Industrial Way,Tucker,Class I,"CSM Item Code: 31566200, Lot code: 5AF 1411901030",United States,"AL, GA, FL, IL, IN, MA, MD, MI, NJ, NY, NV, OH, PA and VA.",68761,"Two or more of the following: Email, Fax, Letter, Press Release, Telephone, Visit","TranSmart Raspberry Filled frozen unbaked cookie dough, 108/1.75 oz. units, CSM Bakery Products, 3301 Montreal Industrial Way Tucker, GA 30084..",30084-5211,577 cases (108 frozen pucks per case),Food,Undeclared Allergen; Peanuts.,F-1415-2015,CSM Bakery Products NA-Atlanta Frozen,GA,Terminated,Voluntary: Firm initiated,2014-06-26,2015-03-18,2015-03-12,2015-03-26
333 Southeast Sykes Ave,Roseburg,Class II,010816,United States,"distributed in AK, ID, CA, MT, OR, and WA.",73097,"Two or more of the following: Email, Fax, Letter, Press Release, Telephone, Visit","Dairy Queen Chocolate Soft Serve Mix, item no. 04979, 5 gallon container.  UPC 0071203004874",97470-3414,138/5 gallon containers,Food,Dairy Queen Chocolate Soft Serve Mix was made from milk which was tested presumptive positive for beta lactam antibiotics. The firm did not conduct any confirmation test.,F-0609-2016,Umpqua Dairy Products Co,OR,Terminated,Voluntary: Firm initiated,2016-01-14,2016-02-24,2016-02-17,2016-10-13
333 Southeast Sykes Ave,Roseburg,Class II,Sell by 1/13/16,United States,"distributed in AK, ID, CA, MT, OR, and WA.",73097,"Two or more of the following: Email, Fax, Letter, Press Release, Telephone, Visit","Pint Umpqua Dairy 4% Cottage Cheese, item no. 04308, Net wt. 16 oz. UPC 0 71203 00248 1    24 oz. Umpqua Dairy 4% Cottage Cheese, item no. 04286, UPC 0 71203 00255 9.    3 lbs.  Umpqua Dairy 4% Cottage Cheese, item no. 03980, UPC 0 71203 00280 1.",97470-3414,2656/16 oz. units; 2001/24 oz. units; and 957/3 lbs. units.,Food,Umpqua Dairy 4% Cottage Cheese was made from milk which was tested presumptive positive for beta lactam antibiotics. The firm did not conduct any confirmation test.,F-0612-2016,Umpqua Dairy Products Co,OR,Terminated,Voluntary: Firm initiated,2016-01-14,2016-02-24,2016-02-17,2016-10-13
34 Lauer Rd,Poughkeepsie,Class I,The cheese being recalled can be identified with the lot number make date of 10-9-18 and best by date of 12-9-18.,United States,NY,81522,"Two or more of the following: Email, Fax, Letter, Press Release, Telephone, Visit","Margie Cheese. It is packaged with a green round label, wrapped in white milk paper in one-pound wheels.",12603-3903,132 - 1 pound wheels,Food,Product is contaminated with Listeria monocytogenes.,F-0657-2019,"Sprout Creek Farm, Inc.",NY,Terminated,Voluntary: Firm initiated,2018-11-06,2018-11-28,2018-11-21,2019-02-05
3400 Millington RD,Beloit,Class I,Lot: 0417424307,United States,"IL, WI, KY, PA, AR, KS.    CANADA",68307,"Two or more of the following: Email, Fax, Letter, Press Release, Telephone, Visit","Item Number 721698.01, Kerry,  Breakfast Sausage Seasoning, Net WT  50 Lb (22.68 KG),  Lot Number: 0417424307",53511-9554,"40 bags (2,000 lbs)",Food,Kerry determined that eleven products they manufactured contained an ingredient which was found positive for Salmonella.,F-0587-2015,Kerry Foods,WI,Terminated,Voluntary: Firm initiated,2014-05-12,2014-12-03,2014-11-26,2017-07-26
3400 Millington RD,Beloit,Class II,0416205401,United States,"AZ, CA, MN, NV, NC, OR, IL, IN, MO, NE, OH, PA, TN, TX, WI.    CANADA, CHILE",62019,E-Mail,"KERRY, MELOBLEND 737, CODE:QO-05358, CONTAINS MILK,  Item # I7126.465,  Net Wt 50 Lb (22.68Kg)",53511-9554,400 BG,Food,Kerry has decided to voluntarily recall its lactic acid containing products because they are contaminated with  metal fragments.,F-1532-2012,Kerry Foods,WI,Terminated,Voluntary: Firm initiated,2012-06-01,2012-06-27,2012-06-18,2013-01-31
3400 Millington RD,Beloit,Class II,0416205402  0417205401  0418205401,United States,"AZ, CA, MN, NV, NC, OR, IL, IN, MO, NE, OH, PA, TN, TX, WI.    CANADA, CHILE",62019,E-Mail,"KERRY, CULTURED NF BUTTERMILK 986, CODE 031001.010,  CONTAINS MILK,  Item # I2868.465 ,  Net Wt 50 Lb (22.68 Kg)",53511-9554,2400 BG,Food,Kerry has decided to voluntarily recall its lactic acid containing products because they are contaminated with  metal fragments.,F-1503-2012,Kerry Foods,WI,Terminated,Voluntary: Firm initiated,2012-06-01,2012-06-27,2012-06-18,2013-01-31
3400 Millington RD,Beloit,Class II,lot 0505460104,United States,"IL, WI, KY, PA, AR, KS.    CANADA",68307,"Two or more of the following: Email, Fax, Letter, Press Release, Telephone, Visit","Kerry 52-0189-02 All Purpose Beef & Chicken Meatball Seasoning, Net WT 43.42 lbs (19.69 Kg) , B18517.01.",53511-9554,8727.42 lb.,Food,"Kerry Ingredients is recalling two products, Italian Pork and Beef Meatball Seasoning, and Beef and Chicken Meatball Seasoning, because they were processed on the same equipment as Breakfast Sausage Seasoning which tested positive for Salmonella.  Kerry determined that the source of the Salmonella was an ingredient used in the Breakfast Sausage Seasoning.",F-0577-2015,Kerry Foods,WI,Terminated,Voluntary: Firm initiated,2014-05-12,2014-12-03,2014-11-26,2017-07-26
3400 Millington RD,Beloit,Class II,"0617987101, 0620987105, 0624987102, 0624987103, 715987105, 718987105, and 0722987135",United States,"Distributed to manufacturers and food service distributors in the following US states: AL, AR, CA FL, GA, MO, OH, OK, TX, and WI.",83498,"Two or more of the following: Email, Fax, Letter, Press Release, Telephone, Visit","Breader, Item Number 30753150.49, Net Wt. 50 lb, Distributed by Kerry Ingredients & Flavours, Beloit, WI",53511-9554,"4,500 bags",Food,Product contains foreign material (nylon string),F-1998-2019,"Kerry, Inc",WI,Terminated,Voluntary: Firm initiated,2019-07-29,2019-08-21,2019-08-13,2020-02-06
3400 Millington RD,Beloit,Class II,0626987104,United States,"Distributed to manufacturers and food service distributors in the following US states: AL, AR, CA FL, GA, MO, OH, OK, TX, and WI.",83498,"Two or more of the following: Email, Fax, Letter, Press Release, Telephone, Visit","Predust/Batter, Item Number 30753195.49, Net Wt. 50 lb, Distributed by Kerry Ingredients & Flavours, Beloit, WI",53511-9554,104 bags,Food,Product contains foreign material (nylon string),F-2019-2019,"Kerry, Inc",WI,Terminated,Voluntary: Firm initiated,2019-07-29,2019-08-21,2019-08-13,2020-02-06
3428 Auburn Blvd,Sacramento,Class II,All best by dates up to 4/2/2025 (shelf life is 1 year from manufacture date). Firm does not apply lot codes.,United States,"U.S. Distribution to the following states: CA, AK, IA, NY, TX, FL, WA, NJ, WA, VA, GA, TN, AZ, AL, NC. For foreign or government distribution.",94390,"Two or more of the following: Email, Fax, Letter, Press Release, Telephone, Visit",California Wine Wafer - Mocha Chocolate and Original Wine Wafer - Mocha Chocolate [Two sizes: retail package of 8 wafers (7 oz) and retail gift package of 2 wafers (2 oz)],95821-1904,"Retail package of 8 wafers: 1,169 units; Retail Gift of 2 wafers: 355 units",Food,Undeclared allergen (milk),F-1218-2024,Sacramento Cookie Factory,CA,Ongoing,Voluntary: Firm initiated,2024-04-17,2024-05-15,2024-05-06,
3429 Airport Way S,Seattle,Class III,no codes,United States,distributed in WA,80233,Visit,"Coffee Toffee - 4 oz. packages. UPC 6 55974 89001 2.    The label is read in parts: ""***Ingredients: butter (milk), sugar, bittersweet chocolate 60% (cocoa liquor, emulsifier, soya lecithin, vanilla), coffee, pecans *** Contains: milk & soya ***"".",98134-2139,24 packages,Food,Coffee Toffee is recalled because pecan is listed on the Ingredients statement but it is not listed in the Contains statement.,F-1578-2018,Yukon Jackson,WA,Terminated,Voluntary: Firm initiated,2018-05-25,2018-06-20,2018-06-14,2018-06-25
34301 Alvarado Niles Rd,Union City,Class II,Use by : JULY-2027 Lot : NATL/ASFTP/G/24 (BB/ASFTP/G/24) UPC : 4 973993 173586,United States,U.S. distribution: CA Foreign distribution: N/A,98151,Telephone,"SOMA KITCHEN NATURAL ASAFOETIDA Net Wt. 4 oz (0.25 lb) Product of India Manufactured for and Imported by: Bharat Bazar, Fremont, CA 94539 Use by : JULY-2027 Lot : NATL/ASFTP/G/24 (BB/ASFTP/G/24) UPC : 4 973993 173586 Ingredients :- Natural Hing",94587-4455,180 packages (4-oz./package),Food,Undeclared wheat.,H-0417-2026,BHARAT BAZAR,CA,Ongoing,Voluntary: Firm initiated,2025-12-05,2026-02-04,2026-01-23,
3453 Koehn Dr,Harrisonburg,Class III,Lots:  50 143233;  50 243233;  50343233; and 50 443233,United States,"Product was distributed to PA, VA and MD.",66302,E-Mail,"Basil, fresh, Giant brand, packaged in 2.5 oz. package and labeled in part ***Distributed by FoodHold USA Landover, MD 20785***",22802-1770,200 lbs total,Food,Fresh basil may be adulterated with pesticides.,F-1915-2013,"Shenandoah Growers, Inc.",VA,Terminated,Voluntary: Firm initiated,2013-08-23,2013-10-02,2013-09-24,2013-09-28
3460 John F Donnelly Dr,Holland,Class II,Item # 00774    Lot:  18142,United States,Nationwide and Canada,81325,E-Mail,"Kashi, Fire Roasted Quinoa Bowl 9.5oz.  UPC 18627 10769  Frozen  8, 9.5oz. units per case",49424-9294,3372 cases,Food,The firm was notified by their supplier that ingredients used in their products were possibly contaminated with Listeria monocytogenes and Salmonella.,F-0389-2019,Request Foods Incorporated,MI,Terminated,Voluntary: Firm initiated,2018-10-15,2018-11-14,2018-11-06,2020-05-20
3465 N Kimball Ave,Chicago,Class II,09052021 through 09252021,United States,The recalled product was distributed in ILLINOIS where the product was further distributed and it reached customers through distributors to retail stores potentially nationwide.,88262,Telephone,"5000 Years Foods NO MSG SLICED CABBAGE KIMCHI in 5GAL plastic tubs, and 128 oz, 64 oz, 32 oz, & 16 oz glass jars",60618-5516,"approximately 54,000 lbs total",Food,potential to be contaminated with Listeria monocytogenes,F-0853-2021,"5000 Years Foods, Inc.",IL,Terminated,Voluntary: Firm initiated,2021-07-06,2021-08-18,2021-08-10,2022-02-01
35 Maple St,Norwood,Class II,Lot 508660-001 (Mitsui Foods Lot) WFSBC-160401,United States,U.S,75874,"Two or more of the following: Email, Fax, Letter, Press Release, Telephone, Visit","Fresh Catch Smoked Baby Clams 3.53 oz. pouch (100g) Item Number 541187381, UPC 087381043895",07648-2003,6750 cases,Food,A seal quality issue with the packaging may result in the food spoiling causing package swelling (bloating),F-0856-2017,Mitsui Foods Inc,NJ,Terminated,Voluntary: Firm initiated,2016-11-04,2017-01-11,2017-01-05,2017-07-07
35 Union Ave,Bridgeport,Class II,RDVS-252 Lot Numbers Expiration date 136361 10/25/2023 136664 11/6/2023 136889 11/13/2023 137166 11/21/2023 137693 12/3/2023 137979 12/11/2023 138224 12/17/2023 138550 12/27/2023 138989 1/7/2024 139286 1/15/2024 139548 1/21/2024 139814 1/29/2024 140088 2/6/2024 140499 2/20/2024 141274 3/12/2024 141710 3/27/2024 142342 4/13/2024 142757 4/30/2024 143525 5/29/2024,United States,"Arizona, California, Colorado, Connecticut, Florida, Georgia, Alabama, Indiana, Kansas, Louisiana, Massachusetts, Maryland, Michigan, Minnesota, Missouri, North Carolina, New Jersey, Nevada, New York, Ohio, Pennsylvania, South Carolina, Tennessee, Texas, Utah, Virginia, Wisconsin",93642,"Two or more of the following: Email, Fax, Letter, Press Release, Telephone, Visit",RTB MIXED DANISH Variety,06607-2335,7620 units (total),Food,Contains undeclared soy lecithin.,F-0787-2024,Lecoq Cuisine Corporation,CT,Terminated,Voluntary: Firm initiated,2023-12-15,2024-01-31,2024-01-22,2024-07-16
354 Industry Street,Astoria,Class II,any codes starting with OC and it can be found on top or bottom of a can.  Last date of distribution was September 2015.,United States,distributed in Oregon and sold to consumers through mail orders.  The firm did not keep records regarding who the product was sold to.,72460,Press Release,"Columbia River Chinook Salmon -Custom Packed, NW Wild Products, 6.5 oz. metal cans.  No UPC",97103-6306,cannot be determined,Food,"All canned black cod, salmon, sardines, steelhead, sturgeon, tuna, and Razor clams with any codes starting with OC because it has the potential to be contaminated with Clostridium botulinum.",F-1955-2016,Northwest Wild Products,OR,Terminated,Voluntary: Firm initiated,2015-10-19,2016-08-31,2016-08-19,2016-08-19
3609 Boston Rd,Bronx,Class II,"Product manufactured, processed, packed, held, and/or distributed during the time period beginning 1/1/2014 through 5/27/2020.",United States,NY,85882,Letter,"""SUNDIAL***Traditional Herbal Products***TRADITIONAL ORGANIC HERBS***WHITE JOINTA***1 oz.***USES: NERVES, COLD, ASTHMA, BRONCHITIS, MUCOUS FEVER MENSTRUAL PROBLEMS***""; packaged in clear plastic zip-top bags",10466-5810,unknown,Food,Recall required by Order of Permanent Injunction. The products are misbranded and deemed unapproved drugs based on labeling claims.,F-1479-2020,Sundial Herbal Products,NY,Terminated,FDA Mandated,2020-06-30,2020-09-09,2020-09-15,2022-10-26
3614 15th Ave,Brooklyn,Class I,No codes.,United States,"CA, CO, CT, DC, DE, FL, IL, MA, MD, MI, MN, NC, NH, NJ, NY, OH, OR, PA, VA, WV; Mexico, United Kingdom, Canada, Belgium, and Brazil",92840,Letter,Soft Serve on the Go brand Razzle n' Dazzle Peanut Butter flavor; 8 fl oz; UPC 0-91404-15133-7,11218-4402,"54,076 Cases  (12 cups per case) total all products",Food,Product may be contaminated with Listeria monocytogenes.,F-1478-2023,"Real Kosher Ice Cream, Inc.",NY,Terminated,Voluntary: Firm initiated,2023-08-08,2023-08-30,2023-08-28,2024-06-14
362 3rd St,Clifton,Class I,None.,United States,NJ,67681,"Two or more of the following: Email, Fax, Letter, Press Release, Telephone, Visit","Net Food Turkey Dried Apricots Net Weight 16.1 oz (454 g) Thunderbolt Export & Imports 743 Fairview Avenue. Suit :2 Arcadia, CA 91007 USA  UPC 8697445250019",07011,61 boxes (24 containers in each case),Food,NYSDAM Analysis has revealed the presence of undeclared sulfites in Dried Apricots.,F-1744-2014,Net Food Import and Export llc.,NJ,Terminated,Voluntary: Firm initiated,2014-02-24,2014-04-09,2014-04-03,2015-10-16
3636 Medallion Ave,Newport,Class I,"DEC 16 2015 SHA, DEC 17 2015 SHA, DEC 18 2015 SHA",United States,"TX, AZ, OK, LA, MO, MS, AR, NM",72293,Letter,ON THE BORDER MEXICAN GRILL & CANTINA Cafe Style Tortilla Chips 18 oz. bags,72112-9096,"11,592 cases",Food,Product may have been exposed to a milk-containing ingredient.,F-0131-2016,Shearer's Foods Inc.,AR,Terminated,Voluntary: Firm initiated,2015-09-24,2015-11-11,2015-11-05,2016-07-07
3667 Ellenton Norman Park Rd,Norman Park,Class I,Lot code: bak144-6806 BEST BY 11-21-2024,United States,"Product was shipped to distribution centers in the following states: AL, AR, FL, GA, KY, LA, MS, TN & TX.",95877,"Two or more of the following: Email, Fax, Letter, Press Release, Telephone, Visit","Baker Farms CURLY MUSTARD 16 oz NET WT 16 oz UPC 8 13098 02018 4 Baker Farms 3667 Ellenton-Norman Park Road Norman Park, GA 31771",31771-5025,449cs/8/16oz bags,Food,The firm was notified by the Texas Department of Agriculture that the product test positive for Listeria monocytogenes.,F-0302-2025,"Terry and Joe Baker Farms, LLC dba Baker Farms",GA,Terminated,Voluntary: Firm initiated,2024-11-29,2024-12-25,2024-12-18,2026-01-09
3700 S Kedzie Ave,Chicago,Class II,"Lot: 6196; Best By: July 13, 2017",United States,nationwide,75129,"Two or more of the following: Email, Fax, Letter, Press Release, Telephone, Visit","Archer Farms Strawberry Danish | NET WT 14 OZ  (397g) | Distributed by Target Corporation Minneapolis, MN 55403 | UPC 085239101094",60632-2768,"1,619 cases",Food,Presence of small metal shavings.,F-0061-2017,"Gold Standard Baking, Inc.",IL,Terminated,Voluntary: Firm initiated,2016-09-08,2016-10-19,2016-10-07,2019-08-05
3700 S Kedzie Ave,Chicago,Class II,"Lots: 71316, 72116",United States,nationwide,75129,"Two or more of the following: Email, Fax, Letter, Press Release, Telephone, Visit","The Bakery Raspberry Danish | Net Wt 14 OZ (397g) | Distributed By WAL-MART Stores, Inc, Bentonville, AR 72716 | UPC: 605388124487",60632-2768,"1,629 cases",Food,Presence of small metal shavings.,F-0063-2017,"Gold Standard Baking, Inc.",IL,Terminated,Voluntary: Firm initiated,2016-09-08,2016-10-19,2016-10-07,2019-08-05
3711 Plaza Dr Ste 5,Ann Arbor,Class II,,United States,Michigan and Ohio,63640,"Two or more of the following: Email, Fax, Letter, Press Release, Telephone, Visit",Zingerman's Bakehouse Hot Cocoa Cake Net wt. 3 LB; 1.25 LB,48108-1680,3lbs; 1.5lb (Total Quantity: 325),Food,"Zingerman's BAKEHOUSE pastry labels were found  not identifying the source of butter and cream ingredients as milk; the source of flour as wheat, and lacking identity of soy allergen found in products.",F-0749-2013,"Zingerman's Bakehouse, Inc.",MI,Terminated,Voluntary: Firm initiated,2012-11-02,2012-12-12,2012-12-04,2013-02-01
3711 Plaza Dr Ste 5,Ann Arbor,Class II,,United States,Michigan and Ohio,63640,"Two or more of the following: Email, Fax, Letter, Press Release, Telephone, Visit",Zingerman's Bakehouse Olive Oil Cake Net wt. 1.25 lb,48108-1680,1.25 lb,Food,"Zingerman's BAKEHOUSE pastry labels were found  not identifying the source of butter and cream ingredients as milk; the source of flour as wheat, and lacking identity of soy allergen found in products.",F-0781-2013,"Zingerman's Bakehouse, Inc.",MI,Terminated,Voluntary: Firm initiated,2012-11-02,2012-12-12,2012-12-04,2013-02-01
3717 Lexington Rd,Louisville,Class II,No codes applied,United States,KY,97901,"Two or more of the following: Email, Fax, Letter, Press Release, Telephone, Visit","Lotsa Pasta International Food Shop Fresh Basil Infused Olive Oil, Net Wt. 12 oz. (375ml), packaged in a glass bottle, UPC 736211448316, packed 12 bottles per case",40207-3023,54 bottles (TOTAL),Food,Potential to be contaminated with Clostridium botulinum. Products manufactured without an approved process filed.,H-0241-2026,Hale inc,KY,Terminated,Voluntary: Firm initiated,2025-09-09,2025-12-10,2025-12-08,2026-05-07
375 Adrian Rd,Millbrae,Class II,"FG-M1MOT-UW  Best by Nov 1, 2016.",United States,"CA, WA, OR.",75069,"Two or more of the following: Email, Fax, Letter, Press Release, Telephone, Visit","Koi Palace Mini Moon Cake: Single Box - Mini Oolong Tea Paste  Unit Size 1/2 lb. and 1/4 lb. in circular box (1 piece) and rectangular boxes (4, 6 or 8 pieces).",94030-3104,"2 cases (1 pc/bx, 48bx/cs)",Food,"Mooncake products, manufactured and distributed by Magic Gourmet Trading, Inc. of Milbrae, CA did not have adequate product labeling, including ingredient statements and allergen declaration. Undeclared ingredients include wheat, peanut oil.",F-0865-2017,Magic Gourmet Trading Inc,CA,Terminated,Voluntary: Firm initiated,2016-08-31,2017-01-18,2017-01-06,2017-01-11
3751 Sunset Ave,Waukegan,Class I,Firm's product code N34B lot code L902095,United States,"U.S. food distributors located in CA, CO, FL, GA, IA, IL, IN, KS, KY, LA, MA,	MD, MI, MO, NE, NJ, NY, OH, OK, PA, TN, TX, UT, WA and WI.",74231,"Two or more of the following: Email, Fax, Letter, Press Release, Telephone, Visit","Product is packaged into a plastic bag and placed into cardboard box. Product is labeled as ""N34D SALT-FREE ROASTED SUNFLOWER SEEDS"".",60087-3213,960 lbs,Food,Sunflower seeds purchased from SunOpta that are potentially contaminated with Listeria.,F-0729-2017,Woodland Foods,IL,Terminated,Voluntary: Firm initiated,2016-05-19,2016-12-28,2016-12-22,2018-10-31
376 Vernon Ave,Brooklyn,Class II,MERRYY2011/10,United States,FL & NY via retail stores,71288,"Two or more of the following: Email, Fax, Letter, Press Release, Telephone, Visit","Fruit Juice Candy Bonbons de Jus de Fruits, Net Wt 8 oz (227g), UPC Code 6 923648 832113, Manufacturer. Jin Shun FA Food Co., Ltd. 147 community shops Southwest District Luoshan Street Jinjiang of Fujian, Sole Agent of U.S.A.: Fine Land Corp. 376 Vernon Ave, Brooklyn, NY 11206, Sole Agent of Canada: PT Trading Enterprises Ltd. 928 Kingsway, Vancouver, B.C. V5V 3C4.  Product of P.R.C.",11206-6702,27 cartons,Food,The Florida Dept of Agriculture sample tested positive for lead at concentration of 0.226 ppm (ug/g).,F-2768-2015,Fine Land Corp,NY,Terminated,Voluntary: Firm initiated,2015-05-11,2015-07-01,2015-06-24,2017-03-28
3767 Hecktown Rd,Easton,Class III,10 Dec 2014 thru 7 Apr 2015  15 Dec 2014 thru 10 Apr 2014  22 Jan 2015 thru 21 Mar 2015,United States,ME VT NH MA RI CT NY PA,70067,"Two or more of the following: Email, Fax, Letter, Press Release, Telephone, Visit","Weis  Veggie Chips  Net Wt. 6 oz.  Packed For Weis Markets, Inc. Sunbury, PA 17801  With code dates: 10 Dec 2014 thru 7 Apr 2015    Natures Place  Veggie chips  Net Wt. 6 oz  Distributed By: DZA Brands, LLC, Salisbury NC 28147/Scarborough, ME 04074  With code dates: 15 Dec 2014 thru 10 Apr 2014      Market Basket  Veggie Chips   Net Wt. 6 oz  Distributed by: DeMoulas Supermarkets, Inc. Tewksbury, MA 01876  With code dates: 22 Jan 2015 thru 21 Mar 2015",18045-2350,"7556 cs, 12 units/case",Food,Firm's sodium claims of 55 g/serving is incorrect. Product analyzed and found to contain shows approx. 290 mg/serving size,F-1407-2015,Keystone Food Products Inc,PA,Terminated,Voluntary: Firm initiated,2014-12-16,2015-03-18,2015-03-09,2015-08-25
38 Gwynns Mill Ct,Owings Mills,Class II,All Best By Dates Between: 05/20/24 to 06/20/25 Plant Code: 24-65,United States,Distributed nationwide.,94829,E-Mail,"Dolcezza Peanut Butter Stracciatella Gelato 16 fl oz/1 pint, UPC 857838006090. Packaged in paper containers, 8 containers per case.",21117-3512,2355 cases,Food,Possible contamination with Listeria monocytogenes,F-1608-2024,"Totally Cool, Inc.",MD,Terminated,Voluntary: Firm initiated,2024-06-13,2024-08-07,2024-08-01,2024-10-08
38 Gwynns Mill Ct,Owings Mills,Class II,All Best by Dates: 06/07/24 to 12/11/25 Codes between: 2312341 to 2406163,United States,Distributed nationwide.,94829,E-Mail,"Marco Dulce De Leche & Cookies Ice Cream 16 fl oz/1 pint, UPC 860006880514. Packaged in paper containers, 8 containers per case.",21117-3512,17633 cases,Food,Possible contamination with Listeria monocytogenes,F-1593-2024,"Totally Cool, Inc.",MD,Terminated,Voluntary: Firm initiated,2024-06-13,2024-08-07,2024-08-01,2024-10-08
38 Gwynns Mill Ct,Owings Mills,Class II,All Best by Dates: 06/07/24 to 12/11/25 Codes between: 2312341 to 2406163,United States,Distributed nationwide.,94829,E-Mail,"Marco Turkish Mocha Ice Cream 16 fl oz/1 pint, UPC 860001992885. Packaged in paper containers, 8 containers per case.",21117-3512,15541 cases,Food,Possible contamination with Listeria monocytogenes,F-1594-2024,"Totally Cool, Inc.",MD,Terminated,Voluntary: Firm initiated,2024-06-13,2024-08-07,2024-08-01,2024-10-08
381 Park Ave S,New York,Class II,Lot GF8.2  Best by 05/26/2023 UPC Codes: Bottle: 8-50029394129/ 4-Pack: 8-50029394136,United States,nationwide,91141,E-Mail,Betty Buzz Sparkling Grapefruit - Non-alcoholic Beverage & Mixer Container Description:  4 x 9oz Bottles in Pack 24 units per case,10016-8806,"939 Cases/22,536 9oz Bottles",Food,Beverage has off-odor,F-0186-2023,Betty Buzz LLC,NY,Terminated,Voluntary: Firm initiated,2022-11-07,2022-12-14,2022-12-06,2023-10-24
3820 Lakeside Ave E,Cleveland,Class II,"All Lot Codes Distributed between November 26, 2023 and January 5, 2024",United States,"OH, NY & PA",93817,"Two or more of the following: Email, Fax, Letter, Press Release, Telephone, Visit",GRANDE     1.5OZ FRESH BOCCONCINI MOZZ 1/3#         SUPC/ITEM # 19132P,44114-3848,1375 cases total,Food,The food was not held at an appropriate temperature.  The holding temperature could affect spoilage and potentially support pathogen growth.,F-0848-2024,Greco Sidari,OH,Terminated,Voluntary: Firm initiated,2024-01-11,2024-02-14,2024-02-05,2024-09-05
3820 Lakeside Ave E,Cleveland,Class II,"All Lot Codes Distributed between November 26, 2023 and January 5, 2024",United States,"OH, NY & PA",93817,"Two or more of the following: Email, Fax, Letter, Press Release, Telephone, Visit",SAPUTO STELLA ASGO HLF MLD 11LB  SUPC/ITEM # 19009,44114-3848,1375 cases total,Food,The food was not held at an appropriate temperature.  The holding temperature could affect spoilage and potentially support pathogen growth.,F-0828-2024,Greco Sidari,OH,Terminated,Voluntary: Firm initiated,2024-01-11,2024-02-14,2024-02-05,2024-09-05
"3864 Courtney St, Ste -140",Bethlehem,Class II,"Batch Numbers: 2339, 2579, 2588, 2657, 2347, 2366, 2456, 2508, 2545, 2578, 2632, 2687",United States,nationwide,71859,Press Release,"JBN (Just Be Natural) French Vanilla Cream Whey Superior NET WT. 32.8 oz. (2.05 lb) 930g and NET WT. 98.4 oz. (6.15 lb) 2,790g - DIETARY SUPPLEMENT, packaged in plastic bottles, UPC codes: 655455001685, 655455001777, MANUFACTURED BY NRS -Nutrition Resource Services, Inc. DISTRIBUTED BY JBN -Just Be Natural INGREDIENTS: Whey protein concentrate, Whey protein isolate, Natural Flavor with other Natural Flavors, Soluable Corn Fiber, Cellulose, Xanthan and Carrageenan Gums, Maltodextrin, Salt, Sucralose. ALLERGEN STATEMENT: This product could have been transported, manufactured, or processed in a facility that contains milk, egg, fish, crustacean shellfish, tree nuts, wheat, peanuts and soybeans.",18017,3434 units Total,Food,"Protein powders and nutritional supplement products made of whey concentrate, whey isolate, casein, and colostrum are not labeled as containing milk",F-0051-2016,"Nutrition Resource Services, Inc.",PA,Terminated,Voluntary: Firm initiated,2015-07-30,2015-10-28,2015-10-21,2016-12-05
3911 S 56th St,Tacoma,Class II,"E1016, E1116, E1216, E1316, E1616, E1716, E1816, E1916, E2016, E2316, E2416, E2516, E2616, E2716, E3016, E3116, F0116, F0216, F0316, F0616, F0716, F0816, F0916, F1016, F1316, F1416, F1516, F1616, F1716, F2016, F2916, F3016, G0116, G0416, G0516, G0616, G0716, G0816, G1116, G1216, G1316, G1416, G1516, G1816, G1916, G2016, G2116, G2216,  G2516, G2616, G2716, G2816, G2916, H0116, H0216, H0316, H0416, H0516, H0816, H0916,  F2116, F2216, F2316, F2416, F2716, and F2816.    A through L represent the Month (January through December); The first 2 digits represent the day of the month; the second two digits represent the year.",United States,"Washington, Oregon, Idaho, Montana, Nebraska, Military commissaries",75699,"Two or more of the following: Email, Fax, Letter, Press Release, Telephone, Visit","""***PREMIUM SMOKED SALMON***CRACKED PEPPER*** NET WT: 4OZ***Packaged 5 lbs case 20/4oz vacuum packages/case. Cardboard type label is folded over and affixed to the top of the package.  Sell by date is marked on the label by the consignee.  UPC 7 02772 00560 2.",98409-2607,"28,487 lbs.(total)",Food,"Northern Fish Products is recalling hot smoked salmon, black cod, steelhead, and trout, with the exception of hot jerky salmon and jerky salmon due to undeclared soy.",F-0822-2017,"Northern Fish Products, Inc.",WA,Terminated,Voluntary: Firm initiated,2016-11-10,2016-12-28,2016-12-20,2017-01-31
3911 S 56th St,Tacoma,Class II,"E1016, E1116, E1216, E1316, E1616, E1716, E1816, E1916, E2016, E2316, E2416, E2516, E2616, E2716, E3016, E3116, F0116, F0216, F0316, F0616, F0716, F0816, F0916, F1016, F1316, F1416, F1516, F1616, F1716, F2016, F2916, F3016, G0116, G0416, G0516, G0616, G0716, G0816, G1116, G1216, G1316, G1416, G1516, G1816, G1916, G2016, G2116, G2216,  G2516, G2616, G2716, G2816, G2916, H0116, H0216, H0316, H0416, H0516, H0816, H0916,  F2116, F2216, F2316, F2416, F2716, and F2816.    A through L represent the Month (January through December); The first 2 digits represent the day of the month; the second two digits represent the year.",United States,"Washington, Oregon, Idaho, Montana, Nebraska, Military commissaries",75699,"Two or more of the following: Email, Fax, Letter, Press Release, Telephone, Visit",PREMIUM SMOKED SALMON  UPC 7 02772 00564 0    Packaged in a 5 lb case 20/4oz vacuum packaged per case. Cardboard type label is folded over and affixed to the top of the package.  Sell by date is marked on the label by the consignee.,98409-2607,"28,487 lbs.(total)",Food,"Northern Fish Products is recalling hot smoked salmon, black cod, steelhead, and trout, with the exception of hot jerky salmon and jerky salmon due to undeclared soy.",F-0826-2017,"Northern Fish Products, Inc.",WA,Terminated,Voluntary: Firm initiated,2016-11-10,2016-12-28,2016-12-20,2017-01-31
3914 Us Highway 70 E Ste E,New Bern,Class I,"Lot number: 69205,  UPC Code, 783521095013",United States,"AE, AZ, CA, CO, CT, DC, FL, IL,  IN, KY, KS, MA, MD, MI, MO, NC, NE, NV, NY, OH, OK, OR, PA, TN, UT, VT, WA, WI and WY.",72371,E-Mail,"American Pure Whey, Whey Protein Matrix Vanilla flavor, 2 lb. and 5 lb. containers, Manufactured by American Pure Whey, Vanceboro, NC.",28560-7000,,Food,Undeclared Allergens; Soy and Milk.,F-0121-2016,American Pure Whey,NC,Terminated,Voluntary: Firm initiated,2015-10-06,2015-11-04,2015-10-28,2017-01-24
3924 N Cannon St,Spokane,Class II,,United States,distributed in WA.,98673,Visit,"Booey's Dragon's Breath sauce, 15.2oz ringneck glass bottle. UPC on bottle: 7 01936 29222 3.  There are 12 bottles per case. Manufactured Exclusively for  BOOEYS GOURMET 3924 N. Cannon St. Spokane, WA 99205.  Label declares: INGREDIENTS: Contains Soy and Wheat. *** Soy Sauce (Water, Soybeans, Wheat, Salt ***Squid Sauce (Anchovy Extract) ***Sesame Oil***.",99205-1437,870 bottles,Food,"Ingredients statement declares Anchovy and Sasame, but Contains statement does not declare Fish (Anchovy) and Sesame.",H-0665-2026,Booey's Gourmet LLC,WA,Terminated,Voluntary: Firm initiated,2026-03-23,2026-04-22,2026-04-15,2026-06-09
399 Jefferson Rd,Parsippany,Class II,ALL,United States,nationwide,77197,"Two or more of the following: Email, Fax, Letter, Press Release, Telephone, Visit","AUNT JEMIMA(R) 14 BLUEBERRY WAFFLES, NET WT 17.18oz UPC 019600062202",07054-3707,153513 units,Food,Potential for Listeria monocytogenes contamination,F-2305-2017,"Pinnacle Foods, LLC",NJ,Completed,Voluntary: Firm initiated,2017-05-05,2017-06-14,2017-06-05,
399 Jefferson Rd,Parsippany,Class II,ALL,United States,nationwide,77197,"Two or more of the following: Email, Fax, Letter, Press Release, Telephone, Visit","AUNT JEMIMA(R) 14 LOW FAT WAFFLES, NET WT 17.18oz UPC 019600062301",07054-3707,33099 units,Food,Potential for Listeria monocytogenes contamination,F-2306-2017,"Pinnacle Foods, LLC",NJ,Completed,Voluntary: Firm initiated,2017-05-05,2017-06-14,2017-06-05,
399 Jefferson Rd,Parsippany,Class II,ALL,United States,nationwide,77197,"Two or more of the following: Email, Fax, Letter, Press Release, Telephone, Visit","AUNT JEMIMA(R) MiNi pancakes, MAPLE BLAST, NET WT 3.2 OZ, UPC 001960043563",07054-3707,8344 units,Food,Potential for Listeria monocytogenes contamination,F-2307-2017,"Pinnacle Foods, LLC",NJ,Completed,Voluntary: Firm initiated,2017-05-05,2017-06-14,2017-06-05,
4 Corporate Dr,Cranbury,Class II,Expiration date 1/04/2013.,United States,"Connecticut, Georgia, Massachussets, Maryland, New Jersey, New York, Tennessee and Virginia.",64361,"Two or more of the following: Email, Fax, Letter, Press Release, Telephone, Visit","POMEGRANATE DRINK  MIX.  Yoruk Prens Nar Net 400 g.  USA Distributor:  Ethnic Int. Holding Inc. 4 Corporate Drive, Cranbury, NJ 08512.  Tel. 609-395-8513.  Picture of pomegranate on label.",08512,166 total cases all 4 flavors (20 units per case),Food,"Yoruk Prens brand drink mix flavored Apple, Orange, Pomegranate, Cinnamon and Rosehip.  We were informed that these products include some colorants, which are not allowed to use in the USA as per a New York State Department of Agriculture and Markets sample analysis.",F-1065-2013,Ethnic International Holding Inc,NJ,Terminated,Voluntary: Firm initiated,2012-12-27,2013-03-20,2013-03-11,2015-02-05
4 New Century Pkwy,New Century,Class I,Lot number: 1204607256; 1204607257; 1204607258; 1204607259; 1204607260; 1204607261; 1204607262; 1204607264,United States,"US: AZ, CA, CO, FL, IA, ID, IL, IN, KS, KY, MI, MN, MO, NE, NJ, NY, OH, OK, PA, TN, TX, UT, VA, WI; Canada, and Mexico",94565,"Two or more of the following: Email, Fax, Letter, Press Release, Telephone, Visit","Grindsted Sweetlife CINN. Roll BAS Stabilizer & Emulsifier System, 22.68 kg/ 50 lb bag",66031-1144,7257.60 kg,Food,Potential salmonella contamination,F-1333-2024,Danisco USA Inc.,KS,Terminated,Voluntary: Firm initiated,2024-05-03,2024-06-12,2024-06-06,2024-09-04
40 Pointe Dr,Brea,Class II,B31423  Use By: APR 08 24B Manufacture Date: 11/10/2023 Use By: APR 08 24B,United States,Products are distributed at the Wholesale (Distribution) level. U.S. distribution to GA and FL. No foreign distribution.,93770,"Two or more of the following: Email, Fax, Letter, Press Release, Telephone, Visit","DELI CAROLINA STYLE MUSTARD BBQ SAUCE, 2 oz (57g), plastic cup, 96 cups/case, store in ambient temperatures",92821-3652,392 cases,Food,Undeclared fish (anchovy) allergen,F-0713-2024,Ventura Foods Llc,CA,Terminated,Voluntary: Firm initiated,2024-01-04,2024-01-24,2024-01-12,2024-06-28
40 W 25th St,New York,Class I,Production Week: 08/04/2021 EveryPlate Product Code: 81-82-84-90-92-95-98-99 (Number sequence may vary),United States,Nationwide.,88958,Other,EveryPlate Meal Kit Product Codes 81-82-84-90-92-95-98-99 from Production Week 32 (production week start date: 08/04/2021),10010-2707,,Food,Products contain onions purchased from ProSource and associated with a Salmonella Oranienburg outbreak.,F-0202-2022,HELLOFRESH US,NY,Terminated,Voluntary: Firm initiated,2021-10-22,2021-11-24,2021-11-18,2022-09-01
400 High Point Rd Se,Cartersville,Class I,Best By: 06/24/2027 25175; Best By: 06/25/2027 25176; Best By: 06/26/2027 25177; Best By: 06/30/2027 25181; Best By: 07/01/2027 25182; Best By: 07/02/2027 25183; Best By: 07/03/2027 25184; Best By: 07/05/2027 25186; Best By: 07/07/2027 25188; Best By: 07/08/2027 25189; Best By: 07/09/2027 25190; Best By: 07/10/2027 25191; Best By: 07/11/2027 25192; Best By: 07/15/2027 25196; Best By: 07/16/2027 25197; Best By: 07/27/2027 25198; Best By: 07/18/2027 25199; Best By: 07/21/2027 25202; Best By: 07/22/2027 25203; Best By: 07/23/2027 25204; Best By: 07/24/2027 25205; Best By: 07/25/2027 25206,United States,"Product was shipped to the following: Distribution Center Shipped to: AR, AZ, CO, KS, IL, IN, MN, TX Distribution Centers Provided to these states: AL, AZ, CA, CO, CT, DE, FL, GA, HI, IA, ID, IL, IN, KS, LA, MD, ME, MI, MN, MO, MS, MT, NC, ND, NE, NH, NJ, NM, NV, NY, OH, OK, PA, PR, SC, SD, TN, TX, UT, VA, WI, WV, WY",97340,E-Mail,Member's Mark FREEZE DRIED FRUIT VARIETY PACK 15 COUNT 5-0.35OZ (10g) STRAWBERRY POUCHES 5-0.42OZ (12g) BANANA POUCHES 5-0.25 OZ (10g) APPLE POUCHES NET WT 5.6OZ (160g) NO ADDED SWEETENERS ONE INGREDIENT ONLY PER PACK UPC 1 93968 50900 2,30120-6607,"21,552/15 Count Boxes",Food,Listeria monocytogenes. During routine testing the firm received positive test results for Listeria monocytogenes.,H-0394-2025,"Doehler North America, Inc.",GA,Ongoing,Voluntary: Firm initiated,2025-07-25,2025-08-13,2025-08-06,
400 Sw Memorial Dr,Walnut Ridge,Class I,Julian Date 190 Best By: 8/22/205 through Julian Date 260 Best By: 10/31/2025,United States,"Retail and wholesale locations in AR and MO Wholesale and broker locations in MS, TX, CA and IN",97655,"Two or more of the following: Email, Fax, Letter, Press Release, Telephone, Visit","Free Range Grade A Large Brown Eggs, 12ct Cartons, UPC: 860010568507,  Black Sheep Egg Company 400 S Memorial Drive  Walnut Ridge AR 72476",72476-1758,"23,625 dozen",Food,Potential Salmonella contamination.,H-0047-2026,"Black Sheep Egg Company, LLC",AR,Terminated,Voluntary: Firm initiated,2025-09-19,2025-10-22,2025-10-14,2025-11-21
4001 Nw 31st Ave,Miami,Class I,Product Code 8491. No expiration date,United States,Product is distributed throughout Florida to child care programs and after school programs for children.,76786,Telephone,"Pan Pita with soynut butter spread on top, 4"" pita. Manufactured by Greater Miami Caterers 4001 NW 31 Ave.,",33142-5103,"Approx. 43,776 portion cups, 16,000 sandwiches, 1,120 lb in various sized repackaged containers",Food,Possible contamination with E. coli O157,F-1949-2017,"Greater Miami Caterers, Inc.",FL,Ongoing,Voluntary: Firm initiated,2017-03-09,2017-04-26,2017-04-14,
401 N Front St Ste 300,Columbus,Class I,"All lots distributed were between July 1, 2013 and April 22, 2015.",United States,"National: AZ, CA, CO, CT, DE, FL, GA, IA, IN, KY, NH, NY, OH, OR, PA, TX, WA & WI. International: None reported.",71170,"Two or more of the following: Email, Fax, Letter, Press Release, Telephone, Visit","Beet + Grapefruit Shrub Sorbet Pint Case, 205, Jeni's Splendid Ice Creams, LLC, pint size, plastic container, 8 pints per case, frozen.    Beet + Grapefruit Shrub Ssorbet Pint, Jeni's Splendid Ice Creams, LLC, pint size, plastic container, individually packed, frozen.",43215-2263,"Approximately 1,513,227 total units for all pint sized products.",Food,Product may be contaminated with Listeria monocytogenes.,F-3212-2015,Jeni's Splendid Ice Creams LLC,OH,Terminated,Voluntary: Firm initiated,2015-04-22,2015-09-16,2015-09-09,2015-11-06
401 N Front St Ste 300,Columbus,Class I,"All lots distributed were between July 1, 2013 and April 22, 2015.",United States,"National: AZ, CA, CO, CT, DE, FL, GA, IA, IN, KY, NH, NY, OH, OR, PA, TX, WA & WI. International: None reported.",71170,"Two or more of the following: Email, Fax, Letter, Press Release, Telephone, Visit","Gooey Buttercake Ice Cream Bucket, 820, Jeni's Splendid Ice Creams, LLC, 3 gallons, plastic bucket, individually packed, frozen.    Gooey Buttercake Ice Cream Pint Case, 720, Jeni's Splendid Ice Creams, LLC, pint size, plastic container, 8 pints per case, frozen.    Gooey Buttercake Ice Cream Pint, Jeni's Splendid Ice Creams, LLC, pint size, plastic container, individually packed, frozen.",43215-2263,"Approximately 61,267 total units for all 3 gallon sized products (buckets). Approximately 1,513,227 total units for all pint sized products.",Food,Product may be contaminated with Listeria monocytogenes.,F-3110-2015,Jeni's Splendid Ice Creams LLC,OH,Terminated,Voluntary: Firm initiated,2015-04-22,2015-09-16,2015-09-09,2015-11-06
401 N Front St Ste 300,Columbus,Class I,"All lots distributed were between July 1, 2013 and April 22, 2015.",United States,"National: AZ, CA, CO, CT, DE, FL, GA, IA, IN, KY, NH, NY, OH, OR, PA, TX, WA & WI. International: None reported.",71170,"Two or more of the following: Email, Fax, Letter, Press Release, Telephone, Visit","Pistachio & Honey Ice Cream Bucket, 319, Jeni's Splendid Ice Creams, LLC, 3 gallons, plastic bucket, individually packed, frozen.    Pistachio & Honey Ice Cream Indie Case, Jeni's Splendid Ice Creams, LLC, 6oz, plastic container, 18 containers per case, frozen.    Pistachio & Honey Ice Cream Indie, Jeni's Splendid Ice Creams, LLC, 6oz, plastic container, individually packed, frozen.    Pistachio & Honey Ice Cream Half Gallon Case, Jeni's Splendid Ice Creams, LLC, half gallon, plastic container, 4 half gallons per case, frozen.    Pistachio & Honey Ice Cream Half Gallon, Jeni's Splendid Ice Creams, LLC, half gallon, plastic container, individually packed, frozen.    Pistachio & Honey Ice Cream Pint Case, 209, Jeni's Splendid Ice Creams, LLC, pint size, plastic container, 8 pints per case, frozen.    Pistachio & Honey Ice Cream Pint, Jeni's Splendid Ice Creams, LLC, pint size, plastic container, individually packed, frozen.",43215-2263,"Approximately 61,267 (1), 57,719 (2), 1,513,227(3) total units for all 3 gallon buckets (1), 6oz Indies (2), pint (3) sized products.",Food,Product may be contaminated with Listeria monocytogenes.,F-3122-2015,Jeni's Splendid Ice Creams LLC,OH,Terminated,Voluntary: Firm initiated,2015-04-22,2015-09-16,2015-09-09,2015-11-06
4014 15th Ave N,Fargo,Class II,11161203  11191203,United States,"AZ, AR, CA, GA, HI, IL, IN, KS, MA, MI, MN, MO, NY, ND, OH, PA, TN, TX, VA, WA, WI.",64368,"Two or more of the following: Email, Fax, Letter, Press Release, Telephone, Visit","40632,  SPECIALTY GRANNY GRAINS BLEND ( WHEAT BRAN, WHEAT, OATS , BARLEY, RYE),  DAKOTA SPECIALTY MILLING, INC., FARGO, ND ,  19 Net WT 40 LBS.",58102-2833,402.4000 CWTS,Food,Some flour and flour blends produced at Dakota Specialty Milling have the potential to be contaminated with pliable metal wire mesh fragments from a defective flour sifter.,F-1090-2013,"Dakota Specialty Milling, Inc",ND,Terminated,Voluntary: Firm initiated,2013-02-14,2013-03-20,2013-03-12,2014-01-10
4014 15th Ave N,Fargo,Class II,3201205  4231205  4241205  5161205  6031205  6251205  8141201  10021201  11081201  1071301,United States,"AZ, AR, CA, GA, HI, IL, IN, KS, MA, MI, MN, MO, NY, ND, OH, PA, TN, TX, VA, WA, WI.",64368,"Two or more of the following: Email, Fax, Letter, Press Release, Telephone, Visit","40134,  SARA LEE 12 WHOLE  GRAIN BLEND 100 ( WHEAT, OATS, RYE, BARLEY, WHOLE GRAIN CORN, SUNFLOWER, BROWN FLAXSEED, MILLET, TRITICALE, BROWN RICE, BUCKWHEAT, WHOLE MEAL AMARANTH FLOUR, SPELT, SORGHUM) DAKOTA SPECIALTY MILLING, INC., FARGO, ND ,  1 Net WT 50 LBS.",58102-2833,"4,457.0000 CWTS",Food,Some flour and flour blends produced at Dakota Specialty Milling have the potential to be contaminated with pliable metal wire mesh fragments from a defective flour sifter.,F-1085-2013,"Dakota Specialty Milling, Inc",ND,Terminated,Voluntary: Firm initiated,2013-02-14,2013-03-20,2013-03-12,2014-01-10
4014 15th Ave N,Fargo,Class II,Hong Kong  5111205  8291205    Thailand  5211205  8031205  8221205  8291205,United States,"AZ, AR, CA, GA, HI, IL, IN, KS, MA, MI, MN, MO, NY, ND, OH, PA, TN, TX, VA, WA, WI.",64368,"Two or more of the following: Email, Fax, Letter, Press Release, Telephone, Visit","10021 RM Honey Oat Bran Mixture - Hong Kong / Thailand (oats, oat bran, oat flour),   Roman Meal Company, Tacoma, Washington,  Net WT 20 KILOS.",58102-2833,"507.9400 CWTS = (62.6120 Hong Kong, 445.3280 Thailand)",Food,Some flour and flour blends produced at Dakota Specialty Milling have the potential to be contaminated with pliable metal wire mesh fragments from a defective flour sifter.,F-1075-2013,"Dakota Specialty Milling, Inc",ND,Terminated,Voluntary: Firm initiated,2013-02-14,2013-03-20,2013-03-12,2014-01-10
41 Ethel Rd W,Piscataway,Class III,Best By 08OCT2023 N3-11BHNV0083 Best By 22SEP2023 N4-11BHNV3562 Best By 19SEP2023 N4-21BHNV3532,United States,"Distributed to distributors in OH, CT, CA, TX, MA, FL, NY, CO, RI, WA in the US.",91558,E-Mail,Drizzilicious Mini Rice Cake bites Net Wt. 4oz and/or .74oz  Bags Salted Caramel UPC:857900005167 and 857900005181 Packaged in a plastic bags Product also packed in the Drizzilicious mini rice cakes 32-ct Variety box,08854-5969,3224 cases,Food,May contain undeclared peanut residue.,F-0395-2023,Snack Innovations Inc.,NJ,Terminated,Voluntary: Firm initiated,2023-01-20,2023-03-08,2023-03-02,2023-08-09
41 Natcon Dr,Shirley,Class II,"August 29, 2021 & September 5, 2021",United States,nationwide,88305,"Two or more of the following: Email, Fax, Letter, Press Release, Telephone, Visit",Uncle Wally's Twin Muffins - Blueberry - 3.75oz; UPC: 759313-89104 0,11967-4700,"485,304 units (total)",Food,may be contaminated with Listeria monocytogenes,F-0839-2021,GIVE AND GO PREPARED FOODS (USA),NY,Terminated,Voluntary: Firm initiated,2021-07-17,2021-08-11,2021-08-03,2022-05-19
41 Natcon Dr,Shirley,Class II,"Lot Codes: GCC1A, GCJ1A",United States,nationwide,88305,"Two or more of the following: Email, Fax, Letter, Press Release, Telephone, Visit","7 Eleven Selects Chocolate Chip 3pack Mini Muffins - 2.6 oz., 16 units per tray, 6 trays per case; UPC: 0 52548-62095 0",11967-4700,"485,304 units (total)",Food,may be contaminated with Listeria monocytogenes,F-0827-2021,GIVE AND GO PREPARED FOODS (USA),NY,Terminated,Voluntary: Firm initiated,2021-07-17,2021-08-11,2021-08-03,2022-05-19
410 Walker St,Woodbine,Class II,"Lot numbers: 1112301 (exp. 1/15) and 3102914 (exp.  2/17), all products with all expiration dates.",United States,"Distributed to 29 retailers nationwide.  No foreign, government/military/VA accounts.",71245,Telephone,"250cc White Plastic Container containing 120 capsules, labeled Natural Creations New Zealand Colostrum, Colostrum Supplement, MFG. FOR: Natural Creations, Woodbine, IA 51579, 712-647-1600",51579-1241,399 bottles,Food,Natural Creations announces allergy alert and voluntary recall of New Zealand Colostrum dietary supplement due to unidentified allergen inclusion (milk).,F-2418-2015,Natural Creations Inc,IA,Terminated,Voluntary: Firm initiated,2015-05-08,2015-06-17,2015-06-09,2015-12-03
4103 2nd Ave S,Seattle,Class I,Pack Date: 10/13/2017.  Use By: 10/20/2017,United States,"distributed in Alaska, Idaho, Montana, Oregon, and Washington",78335,"Two or more of the following: Email, Fax, Letter, Press Release, Telephone, Visit","Stir Fry Kit,  Alaska Carrot, 1 x 11 lb. per case, UPC 45009 85749 1    The ingredient: Green cabbage, yellow onion, broccoli florette, carrot plugs.",98134-2305,42 cases,Food,"Stir Fry Kit product is recalled due to possible contamination with Listeria monocytogenes. The broccoli used in processing this item has been recalled by vendor Mann Packing of Salinas, California.",F-0163-2018,Triple B Corporation,WA,Terminated,Voluntary: Firm initiated,2017-10-20,2017-11-08,2017-11-13,2017-12-06
411 S. Lincoln St,Fredericksburg,Class II,Lot code 10364,United States,"OH, OR",67644,Telephone,"Harry & David; WILD 'N SPICY; JALAPENO TOMATO CHEESE DIP; NET WT 1 lb.; (453g);Medium;  in glass jars; MADE FOR HARRY AND DAVID, MEDFORD, OR, HARRYANDDAVID.COM; 800-547-3033",78624,636 units (units are glass jars;  cases contain 12 jars each for a total of  53 cases shipped.),Food,Undeclared Wheat due to a supplier's inadvertent use of a wheat product instead of whey in preparing the cheese premix for the recalling firm.,F-1412-2014,Fischer & Wieser Specialty Foods,TX,Terminated,Voluntary: Firm initiated,2014-02-19,2014-06-18,2014-06-09,2015-02-04
4120 2nd Ave,Brooklyn,Class I,UPC: 8 886325 910123; Exp: 01/19/2020,United States,"Products were distributed in: MA, PA, CT",83624,"Two or more of the following: Email, Fax, Letter, Press Release, Telephone, Visit","QQ Fish brand Mushroom Fish Ball, 200g",11232-3315,"40 cartons; 50-200g packets/carton; total: 2,000 packets",Food,"Products contain undeclared allergen, specifically egg.",F-0003-2020,Great One Trading Inc.,NY,Terminated,Voluntary: Firm initiated,2019-08-22,2019-09-18,2019-10-02,2020-08-04
4131 SW 47th Ave Ste 1403,Davie,Class II,"UPC No. 632687615989; Lot No. 30661601, Exp. Date 05/2018.",United States,"FL, MI, MS, and OH.",75272,Letter,"CytoDetox, Hydrolyzed Clinoptilolite Fragments, 1 oz./30 mL, OTC Non-Sterile.  Dietary supplement.",33314-4036,"1,990 bottles",Food,Recall initiated as a precautionary measure due to potential risk of product contamination with Burkholderia cepacia.,F-0276-2017,Pharmatech LLC,FL,Terminated,Voluntary: Firm initiated,2016-08-08,2016-11-02,2016-10-25,2024-09-23
4140 W Fullerton Ave,Chicago,Class II,Lot numbers:  MS040321J,United States,"Manufacturers and distributors located in ALABAMA, ARKANSAS, CALIFORNIA, CONNECTICUT, FLORIDA, GEORGIA, ILLINOIS, IOWA, KANSAS, LOUISIANA, MISSISSIPPI, MISSOURI, NEW YORK, TENNESSEE, TEXAS, VIRGINIA, and MEXICO.",87840,E-Mail,"Newly Weds B70709 breader crumbs X3, 40lbs bag",60639-2106,142 bags,Food,Foreign material,F-0521-2021,Newly Weds Foods Inc,IL,Terminated,Voluntary: Firm initiated,2021-04-27,2021-05-26,2021-05-18,2022-02-09
4140 W Fullerton Ave,Chicago,Class II,Lot numbers:  MS040421J,United States,"Manufacturers and distributors located in ALABAMA, ARKANSAS, CALIFORNIA, CONNECTICUT, FLORIDA, GEORGIA, ILLINOIS, IOWA, KANSAS, LOUISIANA, MISSISSIPPI, MISSOURI, NEW YORK, TENNESSEE, TEXAS, VIRGINIA, and MEXICO.",87840,E-Mail,"Newly Weds B70731 bread crumbs X1, 25lbs bag",60639-2106,489 bags,Food,Foreign material,F-0523-2021,Newly Weds Foods Inc,IL,Terminated,Voluntary: Firm initiated,2021-04-27,2021-05-26,2021-05-18,2022-02-09
4140 W Fullerton Ave,Chicago,Class II,Lot numbers:  MS040621J MS040721J,United States,"Manufacturers and distributors located in ALABAMA, ARKANSAS, CALIFORNIA, CONNECTICUT, FLORIDA, GEORGIA, ILLINOIS, IOWA, KANSAS, LOUISIANA, MISSISSIPPI, MISSOURI, NEW YORK, TENNESSEE, TEXAS, VIRGINIA, and MEXICO.",87840,E-Mail,"Newly Weds B70858 bread crumbs X1, 40lbs bag",60639-2106,1695 bags,Food,Foreign material,F-0527-2021,Newly Weds Foods Inc,IL,Terminated,Voluntary: Firm initiated,2021-04-27,2021-05-26,2021-05-18,2022-02-09
4140 W Fullerton Ave,Chicago,Class II,NWF Product # B56666;  Lot: CD032119B,United States,Commercial processors in:  ALABAMA  ARKANSAS  FLORIDA  GEORGIA  ILLINOIS  MASSACHUSETTS  MISSISSIPPI  NEBRASKA  NEW JERSEY  NORTH CAROLINA  NORTH DAKOTA  OKLAHOMA  TEXAS  WISCONSIN,82498,"Two or more of the following: Email, Fax, Letter, Press Release, Telephone, Visit",Commercial Breader Batter;  B56666 BREADER   X1;       50 pound bag,60639-2106,"2,800 lbs",Food,Corn flour which may contain small pieces of plastic.,F-1267-2019,Newly Weds Foods Inc,IL,Terminated,Voluntary: Firm initiated,2019-03-22,2019-04-17,2019-04-09,2020-10-16
4145 Coloma Rd,Coloma,Class II,Lot Codes: 15190  15191  15196  15198  15200  15201  15202  15203  15204  15205  15212  15215  43145  43146  43147  43148  43149  43150  43151  43152  43153  43155  43156  43157  43158  43159  43160  43161  43162  43163  43164  43165  43166  43167  43168  43169  43170  43171  43172  43173  43174  43175  43176  43177  43178  43179  43180  43181  43182  43183  43184  43583  43584  43585  43586  43587  43588  43589  43590  43591  43592  43593  43594  43595  43596  43597  43598  43599  43600  43601  43602  43603,United States,"Domestic: MI, IN, IL, WI, MO, NE, OH    Foreign: Canada  DOD/VA: None",71948,Letter,"Red Tart Pitted Cherries, Straight Packed (No Sugar),  5 lbs. bulk pails, 30 lbs, in bulk pails",49038-8967,"146,220 lbs. Total",Food,"Potential for adulteration - elevated mold, yeast, and coliform counts",F-3091-2015,"Coloma Frozen Foods, Inc.",MI,Terminated,Voluntary: Firm initiated,2015-08-07,2015-09-16,2015-09-09,2016-04-28
418 2nd St Ne,Cedar Rapids,Class I,Lots 110218L and 110318L,United States,"Distributed to distribution centers in AR, IA, IL, KS, MO, NE",81571,Telephone,"Cap'n Crunch's Peanut Butter Crunch Cereal packaged in 17.1 ounce and 16.5 ounce cardboard boxes. Distributed by The Quaker Oats Company, Chicago IL",52401-1001,108 cases,Food,Product tested positive for Salmonella.,F-0718-2019,"Quaker Manufacturing, LLC",IA,Terminated,Voluntary: Firm initiated,2018-11-13,2018-12-19,2018-12-12,2019-03-11
4185 Highway 101 N,Tillamook,Class II,'-BEST IF USED BY AUG 18 2019  -BEST IF USED BY SEP 25 2019  06-26 8268 HH:MM  -BEST IF USED BY OCT 08 2019  06-26 8281 HH:MM  -BEST IF USED BY OCT 24 2019  06-26 8297 HH:MM,United States,"distributed in AZ, CA, CO, GA, ID, MN, NV, OR, TX, UT, and WA.",81601,E-Mail,"Chocolaty Chip Cookie Dough ice cream (item #67016), packaged in 1.75 qt. container. UPC 0 72830 07016 4.    The label is read in parts: ""***Tillamook ***ICE CREAM *** CHOCOLATY CHIP COOKIE DOUGH *** CONTAINS: MILK, WHEAT, SOY, TREE NUTS (COCONUT), EGG.  IT IS MADE WITH EQUIPMENT THAT ALSO MAKES PRODUCTS CONTAINING PEANUTS.***""",97141-7770,"5,362 cases (6/1.75 qt. containers per case)",Food,"Chocolaty Chip Cookie Dough ice cream (item #67016), packaged in 1.75 qt. containers, is recalled because product contains trace amounts of undeclared color additives Amaranth and Yellow No. 6 in the chocolate freckles and chocolate fudge pieces ingredients.",F-0693-2019,TILLAMOOK COUNTY CREAMERY ASSOC,OR,Terminated,Voluntary: Firm initiated,2018-11-16,2018-12-12,2018-12-06,2019-04-17
4200 Northcorp Pkwy Ste 200,West Palm Beach,Class I,"Lot code (Exp Date): 47215500 (09/01/2017), 47215501 (09/01/2017), 47226300 (10/31/2017), 47247600 (10/31/2017), 47206000 (09/30/2017), 47215600 (08/31/2017), 47247601 (11/30/2017), 47202000 (08/01/2017), 47215400 (08/01/2017), 47183200 (08/01/2017), 47183201 (09/30/2017).",United States,"Distributed nationwide throughout the U.S.A.      Also distributed internationally to the following countries: AU, BG, CA, CZ, DE, GB, HK, IE, IN, SE, SG, NL.",73211,Press Release,"Raw Meal Organic Vanilla Spiced Chai Powder; Organic Shake and Meal Replacement; 909 g, 455 g, and 10-ct tray (65 g each).  Packaged in plastic bottle with colored label.",33410-4314,"Total (including all flavors) of 422,923 bottles/units",Food,Products possibly contaminated with Salmonella,F-1330-2016,Garden Of Life Llc,FL,Terminated,Voluntary: Firm initiated,2016-01-29,2016-05-18,2016-05-11,2024-09-26
425 Porter St,Battle Creek,Class II,160 oz. CASE UPC: 3010015347; and 400 oz. CASE UPC: 3010016154;  CASE & Consumer Unit BIUB DATES: DEC 31 16,United States,"Domestic: AL; AR; AZ; CA; CO; CT; FL; GA; HI; IA ; ID; IL; IN; KS; KY; LA; MA; MD; ME; MI; MN; MO; MS; MT; NC; ND; NE; NH; NJ; NM; NV; NY; OH; OK; OR; PA; PR, SC; SD; TN; TX; UT; VA; WA; WI; WV    Foreign: Bermuda, Singapore, Malaysia    VA/DOD: See below",74407,Press Release,"Keebler Graham Crumbs, 160 oz. , 400 oz.",49014-6800,"2,239 cases, and 888 cases",Food,Kellogg Company initiated a voluntary recall of multiple snack food items because of the potential for undeclared allergen peanut due to a supplier's recall of flour.,F1734-2016,Kellogg Company,MI,Terminated,Voluntary: Firm initiated,2016-06-13,2016-07-27,2016-07-19,2017-02-13
425 Porter St,Battle Creek,Class II,"CASE UPC: 170002873, RETAIL UPC: 3010010902, CASE & Consumer Unit BIUB DATES: Jan 02 17",United States,"Domestic: AL; AR; AZ; CA; CO; CT; FL; GA; HI; IA ; ID; IL; IN; KS; KY; LA; MA; MD; ME; MI; MN; MO; MS; MT; NC; ND; NE; NH; NJ; NM; NV; NY; OH; OK; OR; PA; PR, SC; SD; TN; TX; UT; VA; WA; WI; WV    Foreign: Bermuda, Singapore, Malaysia    VA/DOD: See below",74407,Press Release,"Keebler Cookie Dough Minis, 150 ct., 2.5 oz.",49014-6800,17 cases,Food,Kellogg Company initiated a voluntary recall of multiple snack food items because of the potential for undeclared allergen peanut due to a supplier's recall of flour.,F-1729-2016,Kellogg Company,MI,Terminated,Voluntary: Firm initiated,2016-06-13,2016-07-27,2016-07-19,2017-02-13
425 Porter St,Battle Creek,Class II,"CASE UPC: 3010010849, RETAIL UPC: 3010010850; CASE & Consumer Unit BIUB DATES: DEC 19 16  thru JAN 04 17",United States,"Domestic: AL; AR; AZ; CA; CO; CT; FL; GA; HI; IA ; ID; IL; IN; KS; KY; LA; MA; MD; ME; MI; MN; MO; MS; MT; NC; ND; NE; NH; NJ; NM; NV; NY; OH; OK; OR; PA; PR, SC; SD; TN; TX; UT; VA; WA; WI; WV    Foreign: Bermuda, Singapore, Malaysia    VA/DOD: See below",74407,Press Release,"Keebler Animals Crackers; 10 ct., 2.4 oz.",49014-6800,"28,233 cases",Food,Kellogg Company initiated a voluntary recall of multiple snack food items because of the potential for undeclared allergen peanut due to a supplier's recall of flour.,F-1725-2016,Kellogg Company,MI,Terminated,Voluntary: Firm initiated,2016-06-13,2016-07-27,2016-07-19,2017-02-13
42593 US Highway 70,Portales,Class I,"Best-If-Used-By Dates between March 1, 2011 and September 24, 2013.",United States,National distribution under various brand names including all 50 U.S. States with some international distribution Hong Kong.,63257,Press Release,"Cadia All Natural Creamy Peanut Butter No Stir, 18 oz, UPC 815369010993.",88130-9043,"3,002 x 18 oz",Food,"Sunland, Inc. is conducting a voluntary limited recall of its Almond, Peanut, and Cashew Butter products and Tahini and Roasted Blanched Peanut Products, manufactured between May 1, 2010 and September 24, 2012, because these products may be contaminated with Salmonella.",F-0426-2013,"Sunland, Incorporated",NM,Terminated,Voluntary: Firm initiated,2012-09-24,2012-10-31,2012-10-23,2014-10-01
42593 US Highway 70,Portales,Class I,"Best-If-Used-By Dates between March 1, 2011 and September 24, 2013.",United States,National distribution under various brand names including all 50 U.S. States with some international distribution Hong Kong.,63257,Press Release,"Sunland Organic Creamy Valencia Peanut Butter, 16 oz, UPC 048687329700;   500 g, UPC 48687328093.",88130-9043,148 x 16 oz; 93 x 500 g,Food,"Sunland, Inc. is conducting a voluntary limited recall of its Almond, Peanut, and Cashew Butter products and Tahini and Roasted Blanched Peanut Products, manufactured between May 1, 2010 and September 24, 2012, because these products may be contaminated with Salmonella.",F-0482-2013,"Sunland, Incorporated",NM,Terminated,Voluntary: Firm initiated,2012-09-24,2012-10-31,2012-10-23,2014-10-01
42593 US Highway 70,Portales,Class I,"Best-If-Used-By Dates between March 1, 2011 and September 24, 2013.",United States,National distribution under various brand names including all 50 U.S. States with some international distribution Hong Kong.,63257,Press Release,"Sunland Organic Valencia Roasted Blanched and Salted Peanuts, 30 lbs UPC 83326.",88130-9043,625 x 30 lb,Food,"Sunland, Inc. is conducting a voluntary limited recall of its Almond, Peanut, and Cashew Butter products and Tahini and Roasted Blanched Peanut Products, manufactured between May 1, 2010 and September 24, 2012, because these products may be contaminated with Salmonella.",F-0492-2013,"Sunland, Incorporated",NM,Terminated,Voluntary: Firm initiated,2012-09-24,2012-10-31,2012-10-23,2014-10-01
42593 US Highway 70,Portales,Class I,"Best-If-Used-By Dates between May 1, 2011 and September 24, 2013.",United States,National distribution under various brand names including all 50 U.S. States with some international distribution Hong Kong.,63257,Press Release,"Heinen's Organic Peanut Butter Creamy 16 oz, UPC 2060140046; made for and distributed by Heinen's Inc, 4540 Richmond Road, Warrensville Heights, Ohio 44128.  Labeling is green, yellow, and white with white, red, green and black print writing.",88130-9043,"1,368 x 12 x 16 oz",Food,"Sunland, Inc. is conducting a voluntary limited recall of its Almond, Peanut, and Cashew Butter products and Tahini and Roasted Blanched Peanut Products, manufactured between May 1, 2010 and September 24, 2012, because these products may be contaminated with Salmonella.",F-0340-2013,"Sunland, Incorporated",NM,Terminated,Voluntary: Firm initiated,2012-09-24,2012-10-31,2012-10-23,2014-10-01
42593 US Highway 70,Portales,Class I,"Best-If-Used-By Dates between May 1, 2011 and September 24, 2013.",United States,National distribution under various brand names including all 50 U.S. States with some international distribution Hong Kong.,63257,Press Release,"Sunland Creamy Peanut Butter with Sea Salt, 40 oz, UPC 4868709915, Gluten Free, Produced by Sunland Inc, Portales, NM 88130.",88130-9043,"20,463 x 40 oz",Food,"Sunland, Inc. is conducting a voluntary limited recall of its Almond, Peanut, and Cashew Butter products and Tahini and Roasted Blanched Peanut Products, manufactured between May 1, 2010 and September 24, 2012, because these products may be contaminated with Salmonella.",F-0369-2013,"Sunland, Incorporated",NM,Terminated,Voluntary: Firm initiated,2012-09-24,2012-10-31,2012-10-23,2014-10-01
42593 US Highway 70,Portales,Class I,"Best-If-Used-By Dates between May 1, 2011 and September 24, 2013.",United States,National distribution under various brand names including all 50 U.S. States with some international distribution Hong Kong.,63257,Press Release,"Sunland Creamy Peanut Butter, 12 oz, UPC 4868726910; 5 lb UPC 22704; 40 lb UPC 22705; 40 lb UPC 22725; 500 lb UPC 26527; 18 oz UPC 4868726909; 15 lb 4868732722; 500 lb UPC 36527; 30 lb UPC 47730; 40 lb UPC 081725; 35 lb UPC 4868786724; 50 lb UPC 086301.  Produced by Sunland Inc, Portales, NM 88130",88130-9043,"953,932 units",Food,"Sunland, Inc. is conducting a voluntary limited recall of its Almond Butter and Peanut Butter products, manufactured between May 1, 2010 and September 24, 2012, because these products may be contaminated with Salmonella.",F-0370-2013,"Sunland, Incorporated",NM,Terminated,Voluntary: Firm initiated,2012-09-24,2012-10-31,2012-10-23,2014-10-01
42593 US Highway 70,Portales,Class I,"Best-If-Used-By Dates between May 1, 2011 and September 24, 2013.",United States,National distribution under various brand names including all 50 U.S. States with some international distribution Hong Kong.,63257,Press Release,"Sunland Sesame Tahini, 40 lbs, UPC 4868771725, manufactured by Sunland, Inc, Portales, NM 88130.",88130-9043,859 x 40 lbs,Food,"Sunland, Inc. is conducting a voluntary limited recall of its Almond, Peanut, and Cashew Butter products and Tahini and Roasted Blanched Peanut Products, manufactured between May 1, 2010 and September 24, 2012, because these products may be contaminated with Salmonella.",F-0408-2013,"Sunland, Incorporated",NM,Terminated,Voluntary: Firm initiated,2012-09-24,2012-10-31,2012-10-23,2014-10-01
42593 US Highway 70,Portales,Class I,"Identified with Best By Dates October 12, 2012 through April 12, 2013.",United States,"Nationwide, Canada, France.",63439,Press Release,"Sunland Salted Valencia Peanuts, 50 lb UPC 0-48687-12101-4; 25 lb UPC 0-48687-12102-1; 10 lb UPC 0-48687-12103-8; 5 lb UPC 0-48687-12104-5; 12 oz UPC 0-48687-12210-3; 2 lb UPC 0-48687-12215-8; 2 oz UPC 0-48687-12216-5; 4 oz UPC 0-48687-12217-2.",88130-9043,"50,452 lbs",Food,"Sunland, Inc. is conducting a voluntary limited recall of its Almond, Peanut, and Cashew Butter products and Tahini and Roasted Blanched Peanut Products, manufactured between May 1, 2010 and September 24, 2012, because these products may be contaminated with Salmonella.  On October 12, 2012 the firm extended its recall to include Raw and Roasted Shelled and In-Shell Peanuts.",F-0541-2013,"Sunland, Incorporated",NM,Terminated,Voluntary: Firm initiated,2012-10-12,2012-11-07,2012-10-26,2013-02-14
428 E Erie Ave,Philadelphia,Class I,"Lot # 07131SCH, made with tahini from Lot 18-123",United States,"The Soom Tahini products were distributed throughout the United States, through distributors, retailers, subscription box companies and via  Amazon .com.",81777,"Two or more of the following: Email, Fax, Letter, Press Release, Telephone, Visit","Soom Foods Tahini:    Soom Foods Chocolate Tahini, 12 oz. Sweet Tahini Halva Spread (6/case)",19134-1105,195 6-pack cases of 12oz chocolate tahini,Food,"Soom Foods is recalling its tahini and chocolate tahini halva spread because their manufacturer, Achdut LTD. is recalling its Tahini products of all packages and sizes produced in the following dates: April 7th to May 21st 2018, due to a possible contamination of Salmonella.",F-0783-2019,Soom Foods,PA,Terminated,Voluntary: Firm initiated,2018-11-26,2019-02-13,2019-02-01,2019-06-27
4322 Moreland Ave Bldg B,Conley,Class I,GHGA 254 SELL BY: 09/18/22,United States,"Products were shipped to the following states: Alabama, Georgia & South Carolina.",90883,E-Mail,"Large Mild Salsa, NET WT, 13 OZ (368g), Dist. By: Renaissance Food Group LLC 4322 Moreland Ave. Conley, GA 30288, UPC, 8 26766 19089 ?",30288-2142,84/13oz units,Food,Firm received positive test results for L. monocytogenes in a finished product. All products manufactured with the same components are being recalled.,F-0015-2023,Renaissance Food Group,GA,Completed,Voluntary: Firm initiated,2022-09-12,2022-10-12,2022-10-06,
4322 Moreland Ave Bldg B,Conley,Class I,GHGA 254 SELL BY: 09/19/22,United States,"Products were shipped to the following states: Alabama, Georgia & South Carolina.",90883,E-Mail,"Diced Red Onion, NET WT, 10 OZ (283g), Dist. By: Renaissance Food Group LLC 4322 Moreland Ave. Conley, GA 30288, UPC, 8 26766 18100 1",30288-2142,257/10 oz units,Food,Firm received positive test results for L. monocytogenes in a finished product. All products manufactured with the same components are being recalled.,F-0008-2023,Renaissance Food Group,GA,Completed,Voluntary: Firm initiated,2022-09-12,2022-10-12,2022-10-06,
4322 Moreland Ave Bldg B,Conley,Class I,"SELL BY 11/1/2023, GHGA 297, SELL BY 11/8/2023, GHGA 304",United States,"Product was shipped to the following states: AL, GA, FL, NC, SC",93502,E-Mail,"Sprouts Tropical Fruit Blend NET WT 10 OZ (283g) UPC 8 26766 89490 1 Manutfactured Exclusively for Sprouts Farmers Market Phoenix, Arizona 90504",30288-2142,95cs/6/10 oz pkgs = 570 units,Food,Salmonella,F-0636-2024,Renaissance Food Group,GA,Terminated,Voluntary: Firm initiated,2023-11-24,2023-12-27,2023-12-19,2024-06-11
434 Waverly Ave,Mamaroneck,Class I,Lots 82 through 96 (listed on back of packaging) and Sell By Dates of  04/5-19/17,United States,"NY, NJ, CT, IL, AL, MN, MT",76952,Press Release,"Refrigerated, ready-to-eat BAKED KIPPERED SALMON, in 8 oz. vacuum packages, UPC 0200000615659 -- KEEP REFRIGERATED 38 DEGREES or Below --- THE SMOKEHOUSE OF NY , MAMARONECK , NY 10543",10543-2232,unknown,Food,"The products have the potential to be contaminated with Listeria monocytogenes based on FDA sampling and analysis.  During an FDA inspection, an environmental sample (973983) was collected and submitted to NRL for analysis.  NRL's analysis revealed 37 out of 99 subs were positive for L. monocytogenes including both Zone 1 and Zone 2 locations.",F-2264-2017,"The Smokehouse of New York, LLC.",NY,Terminated,Voluntary: Firm initiated,2017-04-07,2017-06-07,2017-05-30,2017-08-31
436 Riverside Ave,Burlington,Class II,"Use by Dates: 9/30/16, 10/1/16, 10/2/16 or 10/3/16",United States,"VT, NH, ME, MA, CT, RI, NY, NJ, PA, MD, VA  and District of Columbia",75281,Press Release,Big Y Plain Grinders- Enriched wheat  and Enriched White packaged 15 oz,05401-1452,"98,893 packages total",Food,Baked bread products may contain foreign material-plastic pieces,F-0293-2017,Koffee Kup Bakery Inc.,VT,Terminated,Voluntary: Firm initiated,2016-09-17,2016-11-16,2016-11-10,2016-12-07
4383 Exchange Ave,Vernon,Class I,5/4/2016,United States,"Nationwide in US: AL, AZ, CA , CO, FL, GA, LA, MI, ND, OH, SC, TN, UT, VA",73868,Letter,2/1 GL JAR SYSCO IMP. SPRING MIX,90058-2619,30 cases,Food,Simply Fresh Fruit is recalling cantaloupe and fruit mixes with cantaloupe because they may be contaminated with Listeria monocytogenes.,F-0890-2017,Simply Fresh Fruit,CA,Terminated,Voluntary: Firm initiated,2016-04-14,2016-12-28,2016-12-22,2016-12-27
44 West St,Walton,Class I,All lots,United States,"Nationwide with most being sold at retail locations in the Northeastern and Mid-Atlantic States, California, Chicago IL, Portland Oregon and Washington, DC.",76649,Letter,"artisanal cheese VULTO Creamery HANDMADE CHEESE, Walton Umber, NET WT. 4 lbs",13856-1479,484 wheels,Food,Listeria monocytogenes contamination,F-1859-2017,Vulto Creamery,NY,Terminated,Voluntary: Firm initiated,2017-03-03,2017-04-12,2017-04-04,2019-06-14
440 W Lawndale Dr,Salt Lake City,Class II,20223-1,United States,"CA, CO, CT, FL, GA, TX, UT, WI. Nationwide through drop ship.",86368,"Two or more of the following: Email, Fax, Letter, Press Release, Telephone, Visit","Lucky Spoon Bakery Gluten Free Chocolate Cupcakes with Vanilla Buttercream Frosting, 8.0 oz. plastic clam shell containing 4 cupcakes, UPC 8-50489-00310-4, P.O. Box 2954 Salt Lake City, UT 84110. 12 packages/case.",84115-2917,523 cases of 12,Food,Products are labeled gluten-free. A batch of flour from the raw material supplier tested positive for gluten so the firm immediately initiated a recall of the affected products.,F-0021-2021,"Lucky Spoon Bakery, LLC",UT,Terminated,Voluntary: Firm initiated,2020-08-26,2020-10-21,2020-10-15,2021-03-02
4400 118th Ave N Ste 303,Clearwater,Class II,"For Both Flavours the Lot #s are: N09474, N08447-B, N08448, N08447-A, N07398, and N07397. For Both Flavours the UPC #'s are: 793573113870 and 793573113801.",United States,"Nationwide Distribution: USA including states of: FL, IL, CA, CT, NC, OH, TX, WA, NH, PA, MI, IN, GA, IA, LA, MS, AZ, SC, NV, and NY.",68391,Letter,"Physique Enhancing Science ALPHAMINE, Powerful Thermogenic Powder, DIETARY SUPPLEMENT Net Wt. 8.9 oz (252 g). Raspberry Lemonade and Fruit Punch flavors.",33762-4442,"12,363 units",Food,"Products contain ""Aegeline"" an unapproved New Dietary Ingredient.",F-2054-2014,Physique Enhancing Science,FL,Terminated,Voluntary: Firm initiated,2013-11-15,2014-07-09,2014-06-27,2014-07-30
4401 Foxdale St,Irwindale,Class I,"UPC 6211171390, Use by dates 8/22/2012 through 9/7/2012 and 9/4/2012 & 9/5/2012.",United States,"Nationwide to following US States and Canada: Alaska, Alabama, Arkansas, Arizona, California, Colorado, Connecticut, Delaware,  District of Columbia, Washington D.C., Florida, Georgia, Hawaii, Iowa, Idaho, Illinois, Indiana, Kentucky,  Louisiana, Massachusetts, Maryland, Michigan, Minnesota, Missouri, Mississippi, Montana, Nebraska,  Nevada, New Hampshire, New Jersey, New Mexico, New York, North Carolina, North Dakota, Ohio,  Oklahoma, Oregon, Pennsylvania, Rhode Island, South Carolina, South Dakota, Tennessee, Texas, Utah,  Virginia, Vermont, Washington, Wisconsin, Wyoming, and Canada.",63062,Press Release,"Starbucks¿ Seasonal Harvest Fruit Blend, 6oz, UPC 6211171390, Use by dates 8/22/2012 through 9/7/2012 and 9/4/2012 & 9/5/2012.",91706-2161,"19,060 cases",Food,"Firm is voluntarily recalling, out of an abundance of caution, packaged fruit products containing mangoes, distributed through August 30th 2012, since they contain Daniella Brand mandoes, which have been recalled by supplier Splendid Products, due to potential contamination with Salmonella Braenderup.",F-2387-2012,Ready Pac Foods Inc,CA,Terminated,Voluntary: Firm initiated,2012-08-31,2012-10-03,2012-09-24,2012-10-25
4403 Table Mountain Dr,Golden,Class II,Batch/Lot Code: HBC-0919; Manufactured Date: 09/01/2019; Expiration Date: 08/31/2021,United States,"157 Natural Grocers' stores in AR, AZ, CO, IA, ID, KS, LA, MN, MS, MT, NE, NV, NM, ND, OK, OR, TX, UT, WA, WY",85024,E-Mail,"Natural Grocers Organic Extra Virgin Coconut Oil, packaged in glass jars with metal lids and a plastic shrink seal, 17.5 oz. (518 mL), UPC# 849327-000368, Vitamin Cottage Natural Foods Markets (dba Natural Grocers) Lakewood, CO 80228. 12 units (jars)/case in cardboard box.",80403-1636,4044 units / 337 cases,Food,Product tested high for mold.,F-0775-2020,"Vitamin Cottage Natural Food Markets, Inc.",CO,Terminated,Voluntary: Firm initiated,2020-02-07,2020-03-11,2020-03-03,2020-05-14
4435 Shawnee Dr,Kansas City,Class II,"CAVASLCS12, 25027-05, EX 10/24/25",United States,One domestic consignee located in WI,96714,E-Mail,"Emily Kate's Gluten Free Vanilla Cake, Net Wt. 6.4oz, Emily Kate's Foods, Kansas City, KS 66106, UPC 850581007253",66106-3644,1140 units (total),Food,Foreign material (foil) found in cake slices,F-0759-2025,Emily Kate's Foods,KS,Terminated,Voluntary: Firm initiated,2025-04-11,2025-05-07,2025-05-06,2025-06-05
444 E Saint Germain St,Saint Cloud,Class II,"Feb 12 P1..., Feb 12 P3..., Feb 13 P1..., Feb 13 P3..., Feb 14 P1...,   Feb 14 P3..., Feb 15 P1..., Feb 15 P3...,Feb 16 P1..., Feb 16 P3...,Feb 17 P1...,   Feb 17 P3..., Feb 18 P1..., Feb 18 P3..., Feb 19 P1...,Feb 19 P3...",United States,"IL, IN, IA, MN, MT, NE, ND, SD, WI.",64617,"Two or more of the following: Email, Fax, Letter, Press Release, Telephone, Visit","Rye bread with the following brands:    Village Hearth , Rye Cottage Bread, NET WT 24 OZ ( 1 LB 8OZ) (680g) , East Coast Caraway Rye, NET WT 20 OZ (1 LB 4 OZ (567g) , PAN-O-GOLD VILLAGE HEARTH BAKER ST, ST. CLOUD, MN 56302.    	Cub Foods, Deli Rye, NET WT 16 OZ (1 LB) 454 g, Distributed by SUPERVALU INC., Eden prairie, MN 55344.    	Essential Everyday, Deli Rye Bread, NET WT 16 OZ (1 LB) 454 g Distributed by Supervalu Inc., Eden Prairie, MN 55344,                          Flvorite, Deli Rye, NET WT 16 OZ (1 lb) 454 g, Distributed by SUPERVALU INC., Eden prairie, MN 55344.    	Family Choice, Northern Rye Bread, NET WT 16OZ (1 LB) (454G), Seeded Bye Bread, NET WT 20 OZ (1 LB 4 OZ) (567g),  Unseeded Rye Bread, NET WT 20 OZ (1 LB 4 OZ) (567g), PAN-O-GOLD VILLAGE HEARTH BAKER ST, ST. CLOUD, MN 56302.    	Piggly Wiggly, Rye, Seeded Caraway Rye, NET WT 20 OZ (1LB 4 OZ) 568g., distributed by Piggly Wiggly LLC, Keene, NH 03431.    	Food  Club, Rye, NET WT 16 OZ (1 LB) 454g., Distributed by Topco Associates LLC, 7711 Gross Point Road, Skokie, ILL 60077.    	Shurfresh, Rye, Seeded Rye, Unseeded Rye, NET WT 16 OZ (1LB) 454g & 20 OZ (1LB 4 OZ) 567g., Distributed by Topco Associates LLC, 7711 Gross Point Road, Skokie, ILL 60077.",56304-0749,8274 loaves,Food,A recall has been initiated by Pan-O-Gold Baking Co. after they were notified by Dakota Specialty Milling of a potential foreign material (stainless steel wire from disintegrated sifter screen) risk to the rye flour Pan O Gold uses as an ingredient in all of their rye breads.,F-1239-2013,Pan -O- Gold Baking Co,MN,Terminated,Voluntary: Firm initiated,2013-02-06,2013-03-27,2013-03-19,2013-04-04
4455 E Mustard Way,Springfield,Class II,"Best by May 25, 2018",United States,"Product was distributed to CA, KS, MN, MS, MT, OK, OR, TX, and WA.  Product was shipped to a military distributor on the west coast.",76864,E-Mail,"French's Crispy Jalapenos Net Wt. 5 oz. (141.7g), UPC 0 41500 95309 0, French's Food Company.",65803-9416,"509 displays (20,360 consumer units)",Food,Product may contain foreign objects: rocks and metal fragments.,F-1994-2017,"The French's Food Company, LLC SUBS Reckitt Benckiser",MO,Terminated,Voluntary: Firm initiated,2017-03-27,2017-04-26,2017-04-18,2019-05-02
4465 State Route 103 S,Willard,Class I,"Lot No 240705, 240706, 240707, 240708, 240709, 240710, 240711, 240712",United States,"CT, DE, IL, IN, KY, ME, MD, MI, MO, NJ, NY, NC, OH, PA, RI, TN, VA, WV",94998,"Two or more of the following: Email, Fax, Letter, Press Release, Telephone, Visit",Wiers Farm - Hungarian Wax Peppers packaged into 1lb carton - cases size dependent on customer,44890-9220,160 cases,Food,Listeria monocyotgenes contamination,F-1690-2024,Wiers Farm Inc,OH,Terminated,Voluntary: Firm initiated,2024-07-11,2024-08-14,2024-08-08,2024-08-23
4471 S Downey Rd,Vernon,Class II,"07223-1, 07223-2, 07523-1, 07523-2, 08123-1, 08123-2, 09323-1, 09323-2, 09423-1, 09423-2, 09523-1, 09523-2, 09623-1, 09623-2, 11423-1, 11423-2, 11523-1, 11523-2, 11723-1, 11723-2, 11823-1, 12123-1, 12123-2, 13023-1, 13023-2, 14023-1, 14023-2, 14223-1, 14223-2, 14423-1, 14423-2, 15323-1, 16323-1, 16323-2, 16623-1, 16623-2, 17023-1, 17023-2, 17123-1, 19223-2, 19423-1 and 19423-2",United States,"U.S. distribution to the following: CT, TX, IL  No foreign distribution.",92780,"Two or more of the following: Email, Fax, Letter, Press Release, Telephone, Visit","Trader Joe's Fully Cooked Falafel Heat & Eat NET WT. 12 OZ (340g) Distributed and Sold Exclusively By: Trader Joe's Monrovia, CA 91016  UPC 0093 9355",90058,21034 cases,Food,Foreign object; rocks.,F-1402-2023,"California Ranch Food Company, Inc.",CA,Terminated,Voluntary: Firm initiated,2023-07-28,2023-08-23,2023-08-11,2025-03-20
4495 W Shaw Ave,Fresno,Class I,UPC 6 34242 20008 1;   Distributed 10-8 to10-16-2015.   lot number ¿285 15 01¿¿,United States,"CA, NV, WA and AZ",72519,Press Release,"Helados La Tapatia Creamy Fruit Bars;  All Natural Rice Arroz; Net Wt. 3 FL oz;   UPC 6 34242 20008 1;    INGREDIENTS FOR MILK BARS:  ICE CREAM MIX (CREAM, MILK, FRESH CONDENSED  SKIM MILK, SUCROSE, CORN SYRUP, DESSERT SOLIDS  (WHEY, REDUCED LACTOSE, WHEY AND NON FAT  DRIED MILK) AND STABILIZER {GUAR GUM, MONO, AND  DIGLYCERIDES), CALCIUM SORBATE, POLYSORBATE 40,  CELLULOSE GUM AND CARRAGENAN), WATER, RICE,  SUGAR, CINNAMON, AND RAISINS.  PROCESSED IN A FACILITY THAT PROCESSES NUTS.    Mfg by:  Helados La Tapatia, Inc.  Fresno, CA 93772  Plant # 06-02536F",93722-6206,0 units,Food,Product was produced with an ice cream mix that contains eggs that is not included in the ingredient labeling.,F-0452-2016,"Helados La Tapatia, Inc.",CA,Terminated,Voluntary: Firm initiated,2015-10-27,2016-01-06,2015-12-29,2017-02-08
4500 Corporate Dr NW,Concord,Class II,SUPC #5018088,United States,"Product was shipped to GA, NC & SC.",81491,"Two or more of the following: Email, Fax, Letter, Press Release, Telephone, Visit",LIGHT COW CHEESE LAUGHING COW BAY BEL¿,28027-9603,1,Food,"The firm discovered that one of their coolers malfunctioned and the food was not held at an appropriate temperature.  Because the holding temperature could affect food safety, this food could be unsafe for consumption.",F-0976-2019,Sysco Charlotte,NC,Completed,Voluntary: Firm initiated,2018-11-01,2019-02-27,2019-02-19,
4500 Corporate Dr NW,Concord,Class II,SUPC #6545537,United States,"Product was shipped to GA, NC & SC.",81491,"Two or more of the following: Email, Fax, Letter, Press Release, Telephone, Visit",Belgioioso CHEESE GORGONZOLA WHEEL HALF 8#,28027-9603,20cs/8 lb blocks,Food,"The firm discovered that one of their coolers malfunctioned and the food was not held at an appropriate temperature.  Because the holding temperature could affect food safety, this food could be unsafe for consumption.",F-0972-2019,Sysco Charlotte,NC,Completed,Voluntary: Firm initiated,2018-11-01,2019-02-27,2019-02-19,
4502 W Monterosa St,Phoenix,Class II,"Lot #86061 Best if Used By: 09/01/2022  Lot #88514 Best if Used By: 10/01/2022, 10/04/2022, 10/5/2022, 10/6/2022, 10/7/2022, 10/11/2022, 10/12/2022, 10/13/2022, 10/14/2022",United States,"AL, AZ, CA, CO, GA, IA, IL, IN, KS MI, MN, NC, NJ, NY, OH OR, PA TX, VA, WI",89865,"Two or more of the following: Email, Fax, Letter, Press Release, Telephone, Visit","Good & Gather Dried Sweetened Strawberries.  Net Wt 4 oz (113g).  UPC 085239-182840  No Sulfites Added.  No Artificial Flavors.  No Synthetic Colors.  Distributed by Target Corporation, Minneapolis, MN  55403",85031-2300,"3200 cases (38,400 packages)",Food,Product contains undeclared sulfites.,F-0960-2022,"Suntree Snack Foods, LLC",AZ,Terminated,Voluntary: Firm initiated,2022-03-23,2022-04-06,2022-03-31,2023-03-03
4506 Acline Dr. E,Tampa,Class II,"UPC(473 ml): 0-61500-12211-1,   UPC(12 x 473 ml): 0-61500-12212-8;   ALL LOT CODE DATES",United States,"US, Canada and Panama.",70611,"Two or more of the following: Email, Fax, Letter, Press Release, Telephone, Visit",Inked Mango Energy Drink,33605-5909,"10,022 CS (24/CS)",Food,May contain a trace amount of Tree Nuts (walnut) which is not listed in the ingredient list,F-2176-2015,Cott Beverages Inc.,FL,Terminated,Voluntary: Firm initiated,2015-02-24,2015-05-13,2015-05-06,2018-08-23
4600 E Lake Blvd,Birmingham,Class II,FEB1714GBA2 with time stamps:  1830 through 1908,United States,LA and MS,67015,Letter,"Diet Coke, 2L, 67.6 FL OZ (2 QT 3.6 FL OZ), UPC 4900005011",35217-4032,398 cases,Food,"One lot of Diet Coke, 2L, may contain regular Cherry Coke which contains sugar.",F-1336-2014,"Coca Cola Bottling Company United-East, LLC",AL,Terminated,Voluntary: Firm initiated,2013-11-27,2014-01-08,2013-12-30,2014-01-17
461 Nott St.,Schenectady,Class I,"UPC # 41735-225726 expiration date between October 17 and October 25, 2012",United States,"Worcester, MA",63697,Press Release,CMC Pumpkin Coffee Cake 16 oz  UPC: 041735225726 Price Chopper/Box,12308,9 cakes,Food,CMC Cinnamon Coffee Cake was incorrectly labeled as Pumpkin Coffee Cake and therefore did not list walnuts as an ingredient,F-0852-2013,Golub Corp,NY,Terminated,Voluntary: Firm initiated,2012-10-21,2013-01-02,2012-12-21,2013-10-28
4613 Mercedes Dr,Belcamp,Class II,LOT: 1692-;20160930RNC1,United States,"TX, PA, NJ, CA, WA, VA, SC",76040,Telephone,GREEN BEAN SAUCE SEASONING  NET WEIGHT: 50.00 LBS,21017-1224,9650,Food,Milk Ingredient that was recalled went into  Chesapeake Spice products.,F-1296-2017,"Chesapeake Spice Company, LLC",MD,Terminated,Voluntary: Firm initiated,2016-12-16,2017-01-25,2017-01-18,2017-02-15
4613 Mercedes Dr,Belcamp,Class II,"LOT: 2236-20161201RNB2,LOT: 1876-2--0161013RNB3",United States,"TX, PA, NJ, CA, WA, VA, SC",76040,Telephone,ENCHILADA SEASONING    NET WEIGHT: 50. 00  LBS,21017-1224,7500,Food,Milk Ingredient that was recalled went into  Chesapeake Spice products.,F-1297-2017,"Chesapeake Spice Company, LLC",MD,Terminated,Voluntary: Firm initiated,2016-12-16,2017-01-25,2017-01-18,2017-02-15
463 44th St SE,Grand Rapids,Class II,All products with the sell by date on or before October 2nd.,United States,MI and OH only.,63159,E-Mail,#333 Caribbean Fruit Salad	5 pounds,49548-4327,203,Food,"During an FDA inspection, microbiological swabs were collected and the results found that 21 sub samples in zones 1, 2 & 3 are positive for Listeria Monocytogenes (L.M.), Listeria innocua (L.I.) or Listeria seeligeri (L.S.).  The firm is voluntarily recalling all products manufactured from August 20th to September 10th 2012 due to the possible contamination.  All lots with sell by dates on or befo",F-0232-2013,Spartan Central Kitchen,MI,Terminated,Voluntary: Firm initiated,2012-09-10,2012-10-24,2012-10-18,2013-02-19
463 44th St SE,Grand Rapids,Class II,All products with the sell by dates on or before September 17th.,United States,MI and OH only.,63159,E-Mail,#380 2 lb Hearty Mac & Beef	2 pounds,49548-4327,294,Food,"During an FDA inspection, microbiological swabs were collected and the results found that 21 sub samples in zones 1, 2 & 3 are positive for Listeria Monocytogenes (L.M.), Listeria innocua (L.I.) or Listeria seeligeri (L.S.).  The firm is voluntarily recalling all products manufactured from August 20th to September 10th 2012 due to the possible contamination.  All lots with sell by dates on or befo",F-0206-2013,Spartan Central Kitchen,MI,Terminated,Voluntary: Firm initiated,2012-09-10,2012-10-24,2012-10-18,2013-02-19
463 44th St SE,Grand Rapids,Class II,All with sell by dates on or before 15-Sep  with UPC 234 and 0-11213-90395,United States,MI and OH only.,63159,E-Mail,#234 Bulk Watermelon	234	2.5 pounds  and #050 Watermelon Tray	16 ounces,49548-4327,48 (Bulk) and 792 (Tray),Food,"During an FDA inspection, microbiological swabs were collected and the results found that 21 sub samples in zones 1, 2 & 3 are positive for Listeria Monocytogenes (L.M.), Listeria innocua (L.I.) or Listeria seeligeri (L.S.). The firm is voluntarily recalling all products manufactured from August 20th to September 10th 2012 due to the possible contamination. All lots with sell by dates on or before",F-0259-2013,Spartan Central Kitchen,MI,Terminated,Voluntary: Firm initiated,2012-09-10,2012-10-24,2012-10-18,2013-02-19
463 44th St SE,Grand Rapids,Class II,All with sell by dates on or before 15-Sep with UPC 0-11213-90412,United States,MI and OH only.,63159,E-Mail,#024 Diced Pepper & Onions	9 ounces,49548-4327,494,Food,"During an FDA inspection, microbiological swabs were collected and the results found that 21 sub samples in zones 1, 2 & 3 are positive for Listeria Monocytogenes (L.M.), Listeria innocua (L.I.) or Listeria seeligeri (L.S.). The firm is voluntarily recalling all products manufactured from August 20th to September 10th 2012 due to the possible contamination. All lots with sell by dates on or before",F-0278-2013,Spartan Central Kitchen,MI,Terminated,Voluntary: Firm initiated,2012-09-10,2012-10-24,2012-10-18,2013-02-19
463 44th St SE,Grand Rapids,Class II,All with sell by dates on or before 16-Sep with UPC 301,United States,MI and OH only.,63159,E-Mail,#301 Creamy Redskin Potato Salad	5 pounds,49548-4327,1666,Food,"During an FDA inspection, microbiological swabs were collected and the results found that 21 sub samples in zones 1, 2 & 3 are positive for Listeria Monocytogenes (L.M.), Listeria innocua (L.I.) or Listeria seeligeri (L.S.). The firm is voluntarily recalling all products manufactured from August 20th to September 10th 2012 due to the possible contamination. All lots with sell by dates on or before",F-0258-2013,Spartan Central Kitchen,MI,Terminated,Voluntary: Firm initiated,2012-09-10,2012-10-24,2012-10-18,2013-02-19
4641 Forsyth St,Bagdad,Class II,"All  Best If Used By  dates before September 23, 2018 and with the letter ""M"" immediately after the dates",United States,US distribution only.,78927,"Two or more of the following: Email, Fax, Letter, Press Release, Telephone, Visit","Mary B's Butter Taste, 20 Biscuits, Value Pack, NET WT. 44 oz (2LB 12 OZ)1247g; and Mary B's Butter Taste, 30 Biscuits, Family Pack, NET WT. 60 oz (3LB 12 OZ) 1701g",32530-9401,"562,302 Cases Total",Food,Products have the potential to be contaminated with Listeria monocytogenes.,F-0692-2018,Hom'ade Foods,FL,Terminated,Voluntary: Firm initiated,2018-01-08,2018-02-07,2018-01-31,2019-04-24
4641 Forsyth St,Bagdad,Class II,"All  Best If Used By  dates before September 23, 2018 and with the letter ""M"" immediately after the dates",United States,US distribution only.,78927,"Two or more of the following: Email, Fax, Letter, Press Release, Telephone, Visit","Mary B's Thins , 22 Biscuits, NET WT. 28.3 oz (1LB 12.3 OZ) 810g",32530-9401,"562,302 Cases Total",Food,Products have the potential to be contaminated with Listeria monocytogenes.,F-0693-2018,Hom'ade Foods,FL,Terminated,Voluntary: Firm initiated,2018-01-08,2018-02-07,2018-01-31,2019-04-24
465 Hillside Ave,Hillside,Class II,"Product Code: FLCL02PH Lot #'s 01252016, 02012016, 02022016 and 02082016.",United States,"CO, CT, DC, DE, MA, MD, ME, NJ, NY, PA, PR, RI, VA",73510,Letter,"Pocahontas Clear Liquid Frying Shortening, Net Wt. 35 LB (15.88), Distributed by Progressive Group Alliance, Inc., Richmond, VA 23228, UPC 7 32146 18196 0",07205-1121,"4,905 containers",Food,Liquid Oil products were reported to contain a high density polyethylene resin trim ring in the 35 lb bottles.,F-1491-2016,"Oasis Trading Co., Inc.",NJ,Terminated,Voluntary: Firm initiated,2016-02-12,2016-06-22,2016-06-16,2017-06-27
47 Bridgewater St # 57,Brooklyn,Class II,MFD 06/16/2016  EXP 06/15/2018,United States,"IL, MA, TX thru 5 retail stores",75808,Letter,"LONGAN ARIL, Net Wt: 7.4oz (210g), contains yellow and orange labeling",11222-3820,7 cartons/30 units,Food,"The item is subject to Import Alert 21-04 in that it appears to bear or contain cyclamate and dulcin which are unsafe food additives, the item does not declare saccharin on it's labeling and the the product appears to contain or bear the following unsafe color additive such as FD&C Yellow #5 (C.I. No. 19140 - tartrazine) FD&C Red #3 (C.I. No. 45430 - Erythrosine), and Carmoisine (C.I. No. 14720 - former ext. D&C Red #10).",F-1163-2017,Midwest International Corp,NY,Terminated,Voluntary: Firm initiated,2016-11-23,2017-01-11,2017-01-03,2018-06-20
47 Bridgewater St # 57,Brooklyn,Class II,MFD:07.01.2016  EXP:03.30.2017,United States,"FL, GA, IN, IL, MD, MA, VA, TX & MN",75773,FAX,"Dai Yu, 80g, Hairtail, NET WT: 2.8 oz (80g), Item #D526",11222-3820,56 cartons x 40 retail packages x 80 g,Food,The product is an acidified food without a registered manufacturer and scheduled process,F-0613-2017,Midwest International Corp,NY,Terminated,Voluntary: Firm initiated,2016-11-23,2016-12-14,2016-12-07,2018-06-20
47 Bridgewater St # 57,Brooklyn,Class III,UPC CODE: 6868978724496  BEST BEFORE: 11/15/2021,United States,Unknown,85364,"Two or more of the following: Email, Fax, Letter, Press Release, Telephone, Visit","XinXing Dried Plum, Net Wt. 5.3 oz.(150g)",11222-3820,unknown,Food,"Product contains dried peaches, but front labeling of product stated dried plums",F-0921-2020,Rong Shing Trading NY Inc,NY,Terminated,Voluntary: Firm initiated,2020-04-01,2020-05-06,2020-04-24,2021-03-18
4711 34th St N Unit F,Saint Petersburg,Class I,"""8/29/2017 - 10/11/2018""",United States,US Consignees only. No foreign nor government consignees.,81156,"Two or more of the following: Email, Fax, Letter, Press Release, Telephone, Visit","Coffee House Crunch Ice Cream, 3 gallons",33714-3060,806 tubs,Food,Products may be contaminated with  Listeria monocytogenes.,F-0492-2019,Working Cow Homemade Inc.,FL,Terminated,Voluntary: Firm initiated,2018-09-28,2018-11-21,2018-11-13,2019-04-26
4711 34th St N Unit F,Saint Petersburg,Class I,"""8/29/2017 - 10/11/2018""",United States,US Consignees only. No foreign nor government consignees.,81156,"Two or more of the following: Email, Fax, Letter, Press Release, Telephone, Visit","French Vanilla Ice Cream, 3 gallons",33714-3060,3738 tubs,Food,Products may be contaminated with  Listeria monocytogenes.,F-0448-2019,Working Cow Homemade Inc.,FL,Terminated,Voluntary: Firm initiated,2018-09-28,2018-11-21,2018-11-13,2019-04-26
4711 34th St N Unit F,Saint Petersburg,Class I,"""8/29/2017 - 10/11/2018""",United States,US Consignees only. No foreign nor government consignees.,81156,"Two or more of the following: Email, Fax, Letter, Press Release, Telephone, Visit","JY Gator Tracks Ice Cream, 3 gallons",33714-3060,13 tubs,Food,Products may be contaminated with  Listeria monocytogenes.,F-0597-2019,Working Cow Homemade Inc.,FL,Terminated,Voluntary: Firm initiated,2018-09-28,2018-11-21,2018-11-13,2019-04-26
4711 34th St N Unit F,Saint Petersburg,Class I,"""8/29/2017 - 10/11/2018""",United States,US Consignees only. No foreign nor government consignees.,81156,"Two or more of the following: Email, Fax, Letter, Press Release, Telephone, Visit","JY Spiderman Ice Cream, 3 gallons",33714-3060,42 tubs,Food,Products may be contaminated with  Listeria monocytogenes.,F-0583-2019,Working Cow Homemade Inc.,FL,Terminated,Voluntary: Firm initiated,2018-09-28,2018-11-21,2018-11-13,2019-04-26
4711 34th St N Unit F,Saint Petersburg,Class I,"""8/29/2017 - 10/11/2018""",United States,US Consignees only. No foreign nor government consignees.,81156,"Two or more of the following: Email, Fax, Letter, Press Release, Telephone, Visit","Vanilla Bean Ice Cream, 3 gallons",33714-3060,8286 tubs,Food,Products may be contaminated with  Listeria monocytogenes.,F-0441-2019,Working Cow Homemade Inc.,FL,Terminated,Voluntary: Firm initiated,2018-09-28,2018-11-21,2018-11-13,2019-04-26
4711 34th St N Unit F,Saint Petersburg,Class I,"""born on date"" of 5/01/2018 - 5/31/2018",United States,US Consignees only. No foreign nor government consignees.,81156,"Two or more of the following: Email, Fax, Letter, Press Release, Telephone, Visit","No Sugar Added Chocolate Ice Cream, 3 gallons",33714-3060,856 tubs,Food,Products may be contaminated with  Listeria monocytogenes.,F-0434-2019,Working Cow Homemade Inc.,FL,Terminated,Voluntary: Firm initiated,2018-09-28,2018-11-21,2018-11-13,2019-04-26
4718 B St Nw Ste 102,Auburn,Class I,USE BY dates 7/13/2013 - 7/24/2013.,United States,Products were directly distributed in Oregon and Washington.,65736,Telephone,"Vegetable tray 8 oz UPC 7 49404 30002 5;  Ingredients:  Carrot Sticks, Pretzels, Grapes, Creamy Hummus.    Penny's Salsa Inc. Snack Pack w/Hummus Grapes, Carrots and Pretzels 8 oz UPC 07494041923679.    Both of these products contain the same ingredients in the same amount.  Each contains a 1.5 oz package of hummus labeled Made in the Pacific North West.",98001-1750,245/8 oz packages,Food,"Vegetable Trays and Snack Pack, 8 oz, are recalled because they contain 1.5 oz cups of hummus.  The hummus is recalled due to a potential contamination with Listeria monocytogenes.",F-1778-2013,Hagee Foods Inc.,WA,Terminated,Voluntary: Firm initiated,2013-07-13,2013-08-07,2013-07-30,2013-09-30
4719 Navarre Rd SW,Canton,Class I,89397/01/2017  8939-7/06/2017  89397/16/2017   89397/23/2017,United States,"Product was distributed in the following states CA, GA, IL, MI, PA, UT",74841,E-Mail,Mint Chocolate Chip Devils Food Rollcake -8939-Baskin Robbins.Cakes are sealed in plastic and packed in a labeled cardboard box. Roll cake is packed 8 per case. Product is frozen.  Label has Baskin Robbins,44706-2338,"2,081 cases",Food,Undeclared walnuts in bakery cakes utilized in ice cream cakes,F-2044-2016,Superior Dairy Inc,OH,Terminated,Voluntary: Firm initiated,2016-08-03,2016-09-28,2016-09-16,2017-07-07
4721 California Ave Sw,Seattle,Class I,Production date is hand-written on 2.5 gallon bulk containers.,United States,Product was distributed in Washington.,70154,Telephone,"Blackberry Cheesecake ice cream is packed in 2.5 gallon bulk, 1.5 gallon bulk, or half gallon retail size tubs.  Retail size ice cream flavor is labeled in part, ""***Husky Ice Cream, Inc. 4721 California Ave SW Seattle, WA 98116  HUSKY ""Cream of the Town"" HALF GALLON ICE CREAM www.huskydeli.com INGREDIENTS: CREAM, MILK, SKIM MILK POWDER, SUGAR, CORN SYRUP SOLIDS, CAROB BEAN GUM, GUAR GUM, SOY LECITHIN, CARRAGEENAN"".     No UPC code.",98116-4412,,Food,"Blackberry Cheesecake Husky ice cream is being recalled due to the potential to be contaminated with Listeria monocytogenes. This product contains an ice cream mix ingredient manufactured and recalled by Snoqualmie Gourmet Ice Cream, Inc.",F-0983-2015,"Husky Ice Cream,Inc",WA,Terminated,Voluntary: Firm initiated,2014-12-24,2015-02-11,2015-02-05,2015-03-23
47444 Kato Rd,Fremont,Class II,"CO1565, Lot 110171.",United States,Nationwide and Canada.,62737,Press Release,"Spearmint Leaf Organic C/S;  Distributed by San Francisco Herb and Natural Food Co.  Fremont, Ca.",94538-7319,xx,Food,CA Department of Public Health inspectors found a pervasive infestation of mice in the facility.,F-2313-2012,San Francisco Herb & Natural Food Company,CA,Terminated,Voluntary: Firm initiated,2012-07-26,2012-09-26,2012-09-14,2015-02-20
475 6th St,San Francisco,Class II,The products can be identified with the Hand-Crafted date of 8/12/2021 and  8/13/2021 and Best By Date of 08/13/2021 and 08/14/2021,United States,Northern CA only,88495,E-Mail,August Box of the Month NCA  UPC: 84003140261  Products were sold from Genji Sushi counters inside Whole Foods Market stores,94103-4706,1490 Packages - all Genji products,Food,Recall initiated after notification from supplier of recall of frozen shrimp due to Salmonella contamination that had been used in sushi products.,F-0933-2021,Mai Cuisine,CA,Terminated,Voluntary: Firm initiated,2021-08-13,2021-09-08,2021-09-02,2021-09-23
4757 The Grove Dr,Windermere,Class II,"Product Code  Z122, Z125, Z126, Z128, Z129, Z130, Z132, Z133, Z134, Z135, Z136, Z139, Z140, Z141, Z142, Z143, Z144, Z145, Z148, Z149, Z150, Z153, Z154, Z155, Z156, Z157, Z158, Z160, Z161, Z162, Z163, Z164, Z165, Z167, Z168, Z169. USED BY  or Before 7/3/2020",United States,"Domestic: Midwestern states of AR, CT, DC, DE, IA, IL, IN, KS, KY, MA, MD, ME, MI, MN, MO, MT, NC, ND, NE, NH, NJ, NY, OH, OK, PA, RI, SD, TN, VA, VT, WI, WV  Foreign: Canada",85918,E-Mail,"Little Salad Bar Garden, 12 oz, UPC 4099100082975, Iceberg lettuce, carrots & red cabbage",34786-8426,unknown,Food,"Ready to Eat salad products containing iceberg lettuce, red cabbage and/or carrot ingredients are recalled due to a possible health risk from Cyclospora.",F-1052-2020,Fresh Express Incorporated,FL,Terminated,Voluntary: Firm initiated,2020-06-19,2020-07-22,2020-08-04,2020-12-16
4757 The Grove Dr,Windermere,Class II,"Product Code Z160, Z163, Z164. USED BY  or Before 7/12/2020",United States,"Domestic: Midwestern states of AR, CT, DC, DE, IA, IL, IN, KS, KY, MA, MD, ME, MI, MN, MO, MT, NC, ND, NE, NH, NJ, NY, OH, OK, PA, RI, SD, TN, VA, VT, WI, WV  Foreign: Canada",85918,E-Mail,"Fresh Express Chopped Kit Thai 'N' Cashews 11.7 oz, UPC 071279309248, (Canada UPC) 0 71279 30925 5, Green and red cabbage, green leaf lettuce, carrots & green onions",34786-8426,unknown,Food,"Ready to Eat salad products containing iceberg lettuce, red cabbage and/or carrot ingredients are recalled due to a possible health risk from Cyclospora.",F-1062-2020,Fresh Express Incorporated,FL,Terminated,Voluntary: Firm initiated,2020-06-19,2020-07-22,2020-08-04,2020-12-16
4757 The Grove Dr,Windermere,Class II,"Product Code, Z160, Z162, Z164,  Z172, Z174, Z176. USED BY or Before 7/11/2020",United States,"Domestic: Midwestern states of AR, CT, DC, DE, IA, IL, IN, KS, KY, MA, MD, ME, MI, MN, MO, MT, NC, ND, NE, NH, NJ, NY, OH, OK, PA, RI, SD, TN, VA, VT, WI, WV  Foreign: Canada",85918,E-Mail,"Fresh Express Gourmet Cafe Creative Classics Turkey & Bacon Chef 5.75 oz.,UPC 071279407081,  Iceberg & romaine lettuce, carrots & red cabbage",34786-8426,unknown,Food,"Ready to Eat salad products containing iceberg lettuce, red cabbage and/or carrot ingredients are recalled due to a possible health risk from Cyclospora.",F-1068-2020,Fresh Express Incorporated,FL,Terminated,Voluntary: Firm initiated,2020-06-19,2020-07-22,2020-08-04,2020-12-16
4850 S 5300 W,Kearns,Class I,"USE THRU 01/05/2018,",United States,"Distributed to Coremark's 124 stores around the region (Nevada, Arizona, Idaho, Wyoming, Colorado, Nebraska, Utah).",78866,"Two or more of the following: Email, Fax, Letter, Press Release, Telephone, Visit","Condies Foods Fresh Fruit, Item Number 40781, UPC  50777222655",84118-6383,166 cases,Food,Condies Foods is recalling Veggie Cups due to undeclared milk and egg.,F-0683-2018,"Condies Foods, Inc.",UT,Terminated,Voluntary: Firm initiated,2018-01-02,2018-01-31,2018-01-30,2018-04-12
4880 Maspeth Ave,Maspeth,Class II,0712  7/12/2019,United States,"CT, NY, NJ",82250,Visit,"JOY GOL-GAPPA (PANI PURI) MASALA CONCENTRATE, NET WT 8 OZ (228g), UPC: 6 80617 60414 5",11378-2110,unknown,Food,Product contains undeclared sulfites.,F-1215-2019,JOY GOURMET FOODS LLC,NY,Terminated,Voluntary: Firm initiated,2019-02-25,2019-03-20,2019-03-29,2020-07-10
4948 Boiling Brook Pkwy,Rockville,Class I,22488900000,United States,"These were made in house at Whole Foods Market locations, in the Mid Atlantic Region. No foreign accounts",80528,E-Mail,"CUPCAKE BERRY CHANTILLY MEDIUM, 4.5 Ounce",20852-2306,132 Units,Food,"Whole Foods Market, Inc. has initiated a recall of various bakery products  that was made in there Mid-Atlantic stores and sold between May 25th and July 13th which failed to declare soy flour (soy) as an ingredient.",F-1736-2018,Whole Foods Market Group Inc.,MD,Terminated,Voluntary: Firm initiated,2018-07-13,2018-08-15,2018-08-03,2021-09-03
4948 Boiling Brook Pkwy,Rockville,Class I,24017200000,United States,"These were made in house at Whole Foods Market locations, in the Mid Atlantic Region. No foreign accounts",80528,E-Mail,"CANDY DESSERT SHELL VANILLA PANIBOIS, 17 Ounce",20852-2306,12016.4 Units,Food,"Whole Foods Market, Inc. has initiated a recall of various bakery products  that was made in there Mid-Atlantic stores and sold between May 25th and July 13th which failed to declare soy flour (soy) as an ingredient.",F-1740-2018,Whole Foods Market Group Inc.,MD,Terminated,Voluntary: Firm initiated,2018-07-13,2018-08-15,2018-08-03,2021-09-03
4955 E McKellips Rd,Mesa,Class I,"Woody's Smokehouse - Lot Code: 222447, Best by: August 23, 2022 Texas Best - Lot Code: 222456, August 23, 2022 Snack Worthy - Lot Code: 222268, 09/12/22",United States,Nationwide.,89587,"Two or more of the following: Email, Fax, Letter, Press Release, Telephone, Visit","Woody's Smokehouse brand Yogurt Raisins, 12.3 oz. (348g), clear plastic bag with front and back labels, UPC 0 95248 65531 0. Packed especially for Woody's Smokehouse Inc., Centerville, TX 75833, 903-536-9663, Woody's-Smokehouse.com  Texas Best Smokehouse brand Yogurt Raisins, 8 oz. (226g), clear plastic bag with front and back labels, UPC 0 95248 32055 3. Packed especially for: Texas Best Smokehouse, 3302 S Eastman Rd., Longview TX 75602.  Snack-Worthy brand Yogurt Raisins, 10 oz. (283g), clear plastic tub with front and back labels, UPC 8 79114 00668 3. Distributed by Lehi Valley Trading Company, Mesa, AZ 85215 snackworthy.com.",85215-2531,36 12.3 oz. bags; 24 8.0 oz. bags; 312 10 oz. tubs,Food,Bags and tubs of yogurt covered raisins contained undeclared  peanuts.,F-0910-2022,"Lehi Valley Trading Co, Inc",AZ,Terminated,Voluntary: Firm initiated,2022-02-11,2022-04-06,2022-03-28,2022-05-19
4955 E McKellips Rd,Mesa,Class II,"1) Lot 0080245 and 0082378; 2) Lot 0080004; 3) Lot 0078721, 0085067, and 0081239; 4) 0079221, 0087572, 0084904, 0085398, 0086739, 0087046, 0084165, 0080870, 0080624, and 0082512; 5) Lot 0081294 and 0084453; 6) Lot 0086594, 0085743, 0083970, and 0078875; 7) Lot 0082198; 8) Lot 0085611; 9) Lot 0084498 and 0087230; 10) Lot 0079267l; 11) Lot 0086428, 0084609, 0083481; 0080971, and 0082505; 12) Lot 0087053, 0085253, 0082141,12 oz lots: 0082104, 0087463, 0085694, 0081038, 0084133; 13) Lot 0082299, 0082831, and 0086308; 14) Lot 0086200; 15) Lot 0083767; 16) Lot 0079247, 0079882, 0079656, 0080974, 0080424, 0080162, 0082436, 0081929, 0082184, 0081669, 0081406; 17) Lot 0081455, 0087359, and 0085778; 18) Lot 0084625; 19) Lot 0080277 and 0085536; 20) Lot 0081641; 21) Lot 0087089, 0085763, and 0083603; 22) Lot 0081624; 23) Lot 0084818; 24) Lot 0083720 and 0085577; 25) Lot 0084051, 0084446636, and 0082785; 26) Lot 0082692; 27) Lot 0083835; 28) Lot 0082977; 29) Lot 0087130; 30) Lot 0081515 and 0086922; 31) Lot 0085107; 32) Lot 0087178, 0084560, 0085493, and 0083401; 33) Lot 0085201 and 0086876; 34) Lot 0086301; 35) Lot 0084388 and 0080814; 36) Lot 0080394 and 0082341; 37) Lot 0086413; 38) Lot 0085563, 0082279, and 0081286; 39) Lot 0082916, 0080326, 0082012, 0079777, 0085413, 0087392, 0084263; 40) Lot 081277 and 0079762; 41) Lot 0081875; 42) Lot 0085390; 43) Lot 0082072; 44) Lot 0086147 and 0079417; 45) Lot 0082142; 46)  Lot 0087501     Amounts distributed: 1) 24/12oz bags; 2) 36/12oz bags; 3) 120/16oz bags; 5) 72/8oz bags; 6) 48/16oz bags; 7) 24/8oz bags; 8) 12/16oz bags; 9) 24/16oz bags; 10) 24/8oz bags; 11) 60/12oz bags; 12) 72/18oz bags, 60/12oz bags; 13) 72/8oz bags; 14) 12/16oz bags; 15) 24/8oz bags; 16) 132/1lb bags; 17) 36/12oz bags; 18) 12/1lb bags; 19) 24/1lb bags; 20) 24/8oz bags; 21) 36/12oz bags; 22) 24/4oz bags; 23) 24/8oz bags; 24) 24/12oz bags; 25) 24/12oz  and 72/8oz bags; 26) 12/16oz bags; 27) 24/1lb bags; 28) 24/8oz bags; 29) 24/8oz bags; 30) 24/1lb bags; 31) 12/16oz bags; 32) 96/8oz bags; 33) 24/16oz bags; 34) 12/16oz bags; 35) 48/4oz bags; 36) 48/8oz bags; 37) -; 38) 36/12oz bags; 39) 81/12oz bags; 40) 24/12oz bags; 41) 12/12oz bags; 42) 24/8oz bags; 43) 12/12oz bags; 44) 24/1lb bags;  45) -; 46: 24/4oz bags;",United States,"US States: AZ, NJ, NM, NJ, TX, LA, CA, WI, WA, VT, GA, and FL.  No international distribution.",63206,Letter,"Licorice Sticks sold under the following brand names:  1) Orange Patch Country Store Licorice Sticks, New Wt, 12 oz.  Packaged in plastic bag; 2) Desert Delite Licorice Sticks, New Wt, 12 oz.  Packaged in plastic bag; 3) 17th Street Market Licorice Sticks, New Wt, 12 oz.  Packaged in plastic bag; 4)  Flagstaff Farmers Market Farm Fresh Licorice Sticks, New Wt, 16 oz.  Packaged in plastic bag; 5) Farmers Market Licorice Sticks, New Wt, 8 oz., Packaged in plastic bag; 6) AJ's Fine Foods Licorice Sticks, New Wt, 16 oz.  Packaged in plastic bag; 7) Schneph Farms Licorice Sticks, New Wt, 8 oz.  Packaged in plastic bag; 8)  Carlo's Produce Licorice Sticks, New Wt, 16 oz.  Packaged in plastic bag; 9) Emery's Berry Patch Licorice Sticks, New Wt, 16 oz.  Packaged in plastic bag; 10) Ben Becnel's Fruit Outlet Licorice Sticks, New Wt, 8 oz.  Packaged in plastic bag; 11) The Country Store Licorice Sticks, New Wt, 12 oz.  Packaged in plastic bag; 12) Woody's SmokehouseLicorice Sticks, New Wt, 8 oz  and 12 oz.  Packaged in plastic bag; 13) Hubbell Trading Post National Historic Site Licorice Sticks, 8 oz; 14) El Rancho Marketplace Licorice Sticks, New Wt, 16 oz.  Packaged in plastic bag; 15) Jacob Lake Inn Licorice Sticks, New Wt, 8 oz.  Packaged in plastic bag; 16) S&T Enterprises Licorice Sticks, New Wt, 1 lb, Packaged in plastic bag; 17) Arizona Snack Company Licorice Sticks, New Wt, 12 oz,  Packaged in plastic bag; 18) Upchurch Candy Licorice Sticks, New Wt, 1 lb,  Packaged in plastic bag; 19) Power Road Farmers Market Licorice Sticks, New Wt, 1 lb, Packaged in plastic bag; 20) Mountain Top Licorice Sticks, New Wt, 8 oz,  Packaged in plastic bag; 21) Linn's Licorice Sticks, New Wt, 12 oz,  Packaged in plastic bag; 22) Rosabella's Garden Bakery Licorice Sticks, New Wt, 4 oz,  Packaged in plastic bag; 23) DiiIorio Farms & Roadside Market Licorice Sticks, New Wt, 8 oz,  Packaged in plastic bag; 24) Foster's Product and Corn Maze Licorice Sticks, New Wt, 12 oz,  Packaged in plastic bag; 25) Carleton Farm ProduceLicorice Sticks, New Wt, 8 oz and 12 oz,  Packaged in plastic bag; 26) High Valley Orchard Licorice Sticks, New Wt, 16 oz,  Packaged in plastic bag; 27) Murray Farms Licorice Sticks, New Wt, 1 lb,  Packaged in plastic bag; 28) Venison World.Com Licorice Sticks, New Wt, 8 oz,  Packaged in plastic bag; 29) Panorama Orchards, Inc. Licorice Sticks, New Wt, 8 oz,  Packaged in plastic bag; 30) Jay Country Store Licorice Sticks, New Wt, 1 lb,  Packaged in plastic bag; 31) Klicker's Licorice Sticks, New Wt, 16 oz,  Packaged in plastic bag; 32) Rosie's Farm Market Licorice Sticks, New Wt, 8 oz,  Packaged in plastic bag; 33) Stowe Mercantile Licorice Sticks, New Wt, 16 oz, Packaged in plastic bag; 34) Venice Gourmet Licorice Sticks, New Wt, 16 oz, Packaged in plastic bag; 35) Ragged Point Licorice Sticks, New Wt, 4 oz,  Packaged in plastic bag; 36) Rawhide at Wild Horse Pass Licorice Sticks, New Wt, 8 oz, Packaged in plastic bag; 37) Petty's Meat Market Licorice Sticks, New Wt, 8 oz, Packaged in plastic bag; 38) Fly High with Pax Snax Licorice Sticks, New Wt, 12 oz,  Packaged in plastic bag; 39) Bulk Foods Licorice Sticks, New Wt, 12 oz, Packaged in plastic bag; 40) Guantanamo Bay Gourmet Licorice Sticks, New Wt, 12 oz, Packaged in plastic bag; 41) Newport Harbor Gourmet Licorice Sticks, New Wt, 12 oz, Packaged in plastic bag; 42) Omni Resort Amelia Island Plantation Licorice Sticks, New Wt, 8 oz, Packaged in plastic bag; 43) The Big Easy Licorice Sticks, New Wt, 12 oz, Packaged in plastic bag; 44) Baker's Bay Associates Licorice Sticks, New Wt, 1 lb, Packaged in plastic bag; 45) Arizona Beagle Rescue Licorice Sticks, New Wt, 8 oz, Packaged in plastic bag; 46) Thomas Family Farm Licorice Sticks, New Wt, 4 oz, Packaged in plastic bag;",85215-2531,Amounts distributed are listed in code information.,Food,We were notified by American Licorice Co. through email that levels for lead above those allowed by the FDA were found during testing.  We have voluntarily recalled our entire product purchased from them for the required time range.,F-0120-2013,Lehi Valley Trading Co.,AZ,Terminated,Voluntary: Firm initiated,2012-09-06,2012-10-24,2012-10-16,2013-09-05
50 Maplehurst Dr,Brownsburg,Class II,All product within expiration produced 12/13/24 and prior,United States,Nationwide US and Canada,96118,Letter,"item 8201866	JUST BAKED PUMPKIN CAKE RINGS 144x2.45 OZ, NET WT 22.05 LB",46112-9085,"2,017,614 cases total",Food,potential for contamination with listeria monocytogenes,F-0503-2025,"FGF, LLC",IN,Terminated,Voluntary: Firm initiated,2025-01-07,2025-02-12,2025-02-05,2025-04-23
500 W Overland Ave Ste 300,El Paso,Class III,"Codes: 1.123622, 2.123622, 3.123622, 4.123722, 5.123722, 6.123722, 7.123822, 8.123822, 9.124422, 1.124422, 2.124522, 3.124522, 4.124522, 5.124622, 6.125122",United States,Nationwide (USA).,91885,Telephone,"Perrona Hot Sauce  Original with Chiltepin Peppers 5 fl oz (148ml) UPC 75 03016 55507 4 packaged in a PET bottle, 12 bottles per case",79901-1086,"8,230 cases (total)",Food,Mold growth on the outside of the bottle,F-0709-2023,TIPPCON LLC,TX,Terminated,Voluntary: Firm initiated,2023-03-13,2023-04-19,2023-04-11,2024-03-25
5000 Kennett Pike,Greenville,Class I,Sample Meal Kits delivered from 2-1-2022 to 12-31-2022;  There are no identifying codes on products,United States,"AR, AZ, CA, CO, CT, DC, DE, FL, GA, ID, IL, KS, KY, LA, MA, MD, MI, MN, MO, NC, NH, NJ, NV, NY, OH, OR, PA, PR, SC, TN, TX, UT, VA, VT, WA, WY",91485,"Two or more of the following: Email, Fax, Letter, Press Release, Telephone, Visit","ISH Shrimpish Sample Meal Kit: ( Sample Meal Kit ) a package containing two ISH Foods plant-based Shrimpish products and several additional meal components.  Each kit is shipped frozen, using styrofoam and dry ice. Affected components: ¿	Broth   Plastic jar with lid ¿	XO Sauce   Plastic Jar with lid ¿	Rice Mushroom Grits   sealed plastic bag ¿	Breaded Shrimpish Sauce (previously referred to as Mississippi Comeback Sauce)   Plastic Jar with Lid",19807-1818,355 kits,Food,undeclared soy proteins,F-0686-2023,THE ISH COMPANY,DE,Terminated,Voluntary: Firm initiated,2023-01-09,2023-04-05,2023-03-27,2023-05-02
5001 Rockaway Beach Blvd,Far Rockaway,Class I,Best By date codes of 08/21/16 through 10/18/16,United States,New York and New Jersey via retail stores,75144,Press Release,"OSSIE'S PICKLED LOX & CREAM, NET WT. 8 OZ., UPC 739885104113; -- Far Rockaway, NY 11691 --- The product is packed in a plastic deli tub.",11691-1138,170 units,Food,The products have the potential to be contaminated with Listeria monocytogenes based on the findings of the bacteria in the plant via FDA environmental sampling plus the district's inspectional findings,F-0243-2017,SM Fish Corp.,NY,Terminated,Voluntary: Firm initiated,2016-09-15,2016-11-02,2016-10-25,2017-04-17
5001 Rockaway Beach Blvd,Far Rockaway,Class I,Best By date codes of 08/21/16 through 10/18/16,United States,New York and New Jersey via retail stores,75144,Press Release,"OSSIE'S SHMALTZ HERRING, NET WT. 8 OZ., UPC 739885104182; -- Far Rockaway, NY 11691 --- The product is packed in a plastic deli tub.",11691-1138,100 units,Food,The products have the potential to be contaminated with Listeria monocytogenes based on the findings of the bacteria in the plant via FDA environmental sampling plus the district's inspectional findings,F-0244-2017,SM Fish Corp.,NY,Terminated,Voluntary: Firm initiated,2016-09-15,2016-11-02,2016-10-25,2017-04-17
5001 Rockaway Beach Blvd,Far Rockaway,Class I,Best By date codes of 08/21/16 through 10/18/16,United States,New York and New Jersey via retail stores,75144,Press Release,"OSSIE'S STIGLITZ HERRING, NET WT. 7 OZ., UPC 739885109064; -- Far Rockaway, NY 11691 --- The product is packed in a plastic deli tub.",11691-1138,108 units,Food,The products have the potential to be contaminated with Listeria monocytogenes based on the findings of the bacteria in the plant via FDA environmental sampling plus the district's inspectional findings,F-0238-2017,SM Fish Corp.,NY,Terminated,Voluntary: Firm initiated,2016-09-15,2016-11-02,2016-10-25,2017-04-17
5001 Rockaway Beach Blvd,Far Rockaway,Class I,Best By date codes of 7/21/16 through 08/20/16 (located on the bottom of the plastic tub),United States,New York and New Jersey,74823,Press Release,"OSSIE'S PICKLED LOX & CREAM, NET WT. 8 OZ., UPC 739885104113; -- Far Rockaway, NY 11691 --- The product is packed in a plastic deli tub.",11691-1138,Total of 336 containers for all products,Food,The product has the potential to be contaminated with Listeria monocytogenes based on the presence of the bacteria in the plant.,F-1984-2016,SM Fish Corp.,NY,Terminated,Voluntary: Firm initiated,2016-07-29,2016-08-31,2016-08-25,2016-08-25
501 Duanesburg Rd,Schenectady,Class II,"Store Item Code: 3552393, UPC:4173522009   Lot Numbers: PB18363-4, PB18363-5, PB18363-6, PB18363-7, PB18363-8, PB18363-9, PB18363-15, PB18363-16, PB17833-3, PB18325-3, PB20781-3, PB20781-4, PB20781-5, PB20781-6",United States,"Price Chopper stores in NY, NH, MA, VT, PA and CT.",65557,E-Mail,"Jacqueline's GOURMET COOKIES Raspberry Burst Cookies, Net Wt. 11 oz (8 units in total) packed in clear plastic with white labeling---Shelf life is 12 months frozen and 7 days after baked.",12306-1058,"112, 536 cookies packaged into 14,067 11 oz packages",Food,Undeclared milk allergen,F-1749-2013,Price Chopper Golub Corperisable Warehouse,NY,Terminated,Voluntary: Firm initiated,2013-06-21,2013-07-31,2013-07-25,2017-05-01
5040 Riverside Dr,Irving,Class I,Best Buy dates 6/7/21 through 7/9/21,United States,"AZ, CA, NV",88243,E-Mail,"Circle K Chicken Salad Sandwich, 5.9 oz. (167g) clamshell packaging with tamper strip, UPC 815138013996, Manufactured By: LSG Sky Chefs Supply Chain Solutions, Inc. 3555 S. 28th St. Phoenix, AZ. Perishable/Keep Refrigerated.",75039-4307,"42,325 individual 5.9 oz. units",Food,"The firm is recalling Circle K brand Chicken Salad Sandwiches ""best buy"" date of 6/7/21 through 7/9/21 because the chicken used is subject to a national recall issued by Tyson Foods due to the potential to be contaminated with Listeria monocytogenes.",F-0790-2021,LSG SKY CHEFS,TX,Terminated,Voluntary: Firm initiated,2021-07-05,2021-07-28,2021-07-21,2021-08-19
505 Division St,Elizabeth,Class II,Gourmet Chocolate Dipped Cookies  Net Wt. 46 oz UPC 269969414994  08/30/16,United States,"CT, DE, MD, PA, NY, & NJ",75248,Letter,Gourmet Chocolate Dipped Cookies  Net Wt. 46 oz UPC 269969414994,07201-2038,unknown,Food,Cookies may contain metal pieces.,F-0777-2017,Wakefern Food Corp.,NJ,Terminated,Voluntary: Firm initiated,2016-08-05,2016-12-28,2016-12-19,2020-11-18
5051 Calmview Ave,Baldwin Park,Class II,Lot codes: 058.25 & 070.25,United States,"Product was distributed to one customer. Problem was identified by customer, and no affected product was distributed to consumers.",98143,E-Mail,Frosted Almond; 20 lbs (bulk);  No UPC#  Bulk Product Code: 23208,91706-1802,"5,020 lbs",Food,elevated levels of aflatoxin,H-0394-2026,Sanders Candy Factory Inc,CA,Ongoing,Voluntary: Firm initiated,2025-03-25,2026-01-21,2026-01-14,
510 Main St,Caldwell,Class II,"All codes and dates (DDMMYY).  New product NOT subject to recall will have the statement ""Contains: MILK, SOY"".",United States,Distributed in Washington.,92135,"Two or more of the following: Email, Fax, Letter, Press Release, Telephone, Visit","Creekside Mallow Chocolate Chip Mint Marshmallows, packed in a Stand Up Flexible Pouch (Bag), Net wt. 3.9oz. UPC 7 09951 63271 0. Manufactured by Creekside Mallow LLC Caldwell, ID. www.creeksidemallow.com.  The label declares: INGREDIENTS: CORN SYRUP ***SUGAR, WATER, CHOCOLATE CHIPS (SUGAR, CHOCOLATE LIQUOR, COCOA BUTTER, BUTTERFAT, SOY LECITHIN, NATURAL FLAVOR)***CONTAINS: SOY.",83605-3740,2800 packages,Food,"Butterfat is declared in the Ingredients Statement, but MILK is not declared in the Contains statement.",F-0751-2023,CREEKSIDE MALLOW LLC,ID,Terminated,Voluntary: Firm initiated,2023-04-13,2023-05-03,2023-04-21,2023-09-05
5111 Richmond Rd,Bedford Heights,Class I,"Lot# LM101518, Exp 10/15/19",United States,"Distributed in Ohio, Alabama, New York, South Carolina, Minnesota, Missouri, Utah, Iowa, Kansas, Nebraska.",83170,"Two or more of the following: Email, Fax, Letter, Press Release, Telephone, Visit","Chocolate Mint Chip Cookie Mix, 27.1 oz glass jar, 6/case",44146-1353,168 cases,Food,Firm's supplier notified them of potential E.coli contamination in flour they received.,F-1583-2019,Brand Castle LLC,OH,Terminated,Voluntary: Firm initiated,2019-06-17,2019-07-31,2019-07-22,2019-12-04
5130 Avenida Encinas,Carlsbad,Class II,,United States,"The products were sold to wholesale distributors in the following states: Alabama, Arizona, California, Texas, Washington, Nevada, New York,  Illinois, Missouri, Kentucky, Florida, Oklahoma, Idaho, Colorado, Wisconsin, Massachusetts, and Ohio.    Wordwide to Canada.",68164,Letter,"Arena Ethnobotanicals and Kratom Pro, sizes: 1oz, 4oz, and 8oz.",92008-4372,"4,505 units",Food,"Prep Enterprises is recalling Captain Kratom, Arena Ethnobotanicals and Kratom Pro products because they may be contain Kratom (mitragyna speciosa).",F-1989-2014,Prep Enterprises Llc,CA,Terminated,Voluntary: Firm initiated,2014-05-01,2014-06-11,2014-06-02,2014-07-16
52 Richboynton Rd,Dover,Class III,"UPC  7-90429-22603-6  Retail Lots -  62289, 62752, 63046, 63374, 63541, 63614, 63800    UPC 7-90429-22603-6  12x6x6 (5# boxes) - 63059",United States,nationwide,67476,"Two or more of the following: Email, Fax, Letter, Press Release, Telephone, Visit","Valued Naturals Natural Coconut Net wt. 8oz (216.80g) Imported by Philippines   International Foodsource LLC 52 Richboynton Rd, Dover, NJ 07801    Packaged in 8 oz bag 12 per case.",07801-2650,"20,569 lbs.",Food,NYSDAM Laboratory Analysis Reports has determined that Valued Naturals Natural Coconut contains 28.1 ppm sulfites.,F-1634-2014,"International Foodsource, LLC",NJ,Terminated,Voluntary: Firm initiated,2013-12-17,2014-03-19,2014-03-12,2014-10-31
520 South Massachusetts St.,Seattle,Class I,"best by dates: 06 17, 06 20, and 06 24",United States,distributed in Oregon and Washington,74451,"Two or more of the following: Email, Fax, Letter, Press Release, Telephone, Visit","Globespun Gourmet Dolma La- Tibetan potato, net wt. 8 oz., plastic wrapped.  UPC 32328 00503.",98134,251 wraps (total),Food,Globespun Gourmet Dolma La 8 oz wrap is recalled because an ingredient (peas) has the potential to be contaminated with Listeria monocytogenes.,F-2094-2016,Essential Foods Inc. dba Globespun Gourmet,WA,Terminated,Voluntary: Firm initiated,2016-06-15,2016-09-28,2016-09-16,2016-11-02
5200 Sheila Street,City Of Commerce,Class I,Lot code: BB2013DE12,United States,"WA, OR",64058,Letter,"Kinnikinnick Foods Pie Crusts, 10.2 oz, Item  code: 21-35265, UPC 6-20133-00600.",90040,5 cases (30 units),Food,Unified Grocers is recalling Kinnikinnick Pie Crust because it contains undeclared egg allergen.,F-0949-2013,Unified Grocers Inc.,CA,Terminated,Voluntary: Firm initiated,2012-12-31,2013-02-06,2013-01-28,2013-03-01
5202 Exploration Dr,Indianapolis,Class II,5B056,United States,"CA, IL, MD, CANADA",96595,E-Mail,"5000108 OATMEAL RAISIN COOKIE DOUGH, 6 poly bags of 30 frozen pucks in a corrugate case, Net Weight: 8.67 kg (19.12 lb)",46241-9003,90 cases,Food,Potential contamination with foreign material (plastic),F-0689-2025,"Craftmark Bakery, LLC",IN,Terminated,Voluntary: Firm initiated,2025-03-27,2025-04-09,2025-04-03,2025-05-06
521 Enterprise Dr,Caledonia,Class II,Lot Code SPM1.190.5 with a Best By 07/09/27.  Lot Code SPC1.160.5 with a Best By 06/09/27.     Lot Code SPC2.160.5 with Best By 06/09/27.  Lot Code SPM1.097.5 with Best By 04/07/27.,United States,"CA, GA, IA, IN, MD, MI, MN, NM, OR, PA, TX, WI",97758,"Two or more of the following: Email, Fax, Letter, Press Release, Telephone, Visit","Frozen Organic Spinach Net Wt. 10 oz (283.5g) poly bags packaged under the following brands:   1.  Sno Pac Frozen Vegetables, UPC 0 24284-96910 5.  Keep Frozen.    Packed and Distributed by:  Sno Pac Foods, Inc., 521 West Enterprise, Caladonia, MN  55921.   2.  ***This product did not make it to retail.***  maika'i, UPC 6 18551-60436 5.  Keep Frozen.  Distributed by:  Foodland Super Market, Ltd. Honolulu, HI  96816.",55921-1844,"4,006 cases (12 - 10 oz bags per case)",Food,Organic Spinach has the potential to be contaminated with Listeria monocytogenes.,H-0109-2026,SNO PAC FOODS INC,MN,Terminated,Voluntary: Firm initiated,2025-10-06,2025-10-29,2025-10-21,2026-01-23
523 Sawgrass Corporate Pkwy,Sunrise,Class II,"Lots: 1600807 (Exp 01/11/2019), 1520115 (Exp 12/26/2019), 1603701 (Exp 02/06/2019), 1603702 (Exp 02/06/2019), 1603901 (Exp 02/08/2019), 1603903 (Exp 02/08/2019), 1600806 (Exp 01/11/2019), 1603902 (Exp 02/09/2019), 1604602 (Exp 02/15/2019), 1604601 (Exp 02/15/2019), 1604701 (Exp 02/16/2019), 1604604 (Exp 02/15/2019), 1604603 (Exp 02/15/2019), 1604702 (Exp 02/22/2019), 1604404 (Exp 02/13/2019), 1605601 (Exp 02/25/2019), 1605510 (Exp 02/24/2019), 1605602 (Exp 03/03/2019), 1605509 (Exp 02/24/2019), 1619601 (Exp 07/14/2019), 1619601 (Exp 07/14/2019), 1620401 (Exp 07/22/2019), 1620402 (Exp 07/22/2019), 1620403 (Exp 07/22/2019), 1600708 (Exp 07/08/2019), 1603602 (Exp 02/05/2019), 1603604 (Exp 02/25/2019), 1603603 (Exp 02/05/2019), 1604205 (Exp 02/11/2019), 1604204 (Exp 02/11/2019), 1604203 (Exp 02/11/2019), 1604301 (Exp 02/12/2019), 1604302 (Exp 02/12/2019), 1604303 (Exp 02/12/2019), 1605307 (Exp 02/22/2019), 1605106 (Exp 02/20/2019), 1605105 (Exp 02/20/2019), 1605506 (Exp 02/24/2019), 1605507 (Exp 02/24/2019), 1605508 (Exp 02/24/2019), 1622304 (Exp 08/10/2019), 1603904 (Exp 02/08/2019), 1603905 (Exp 02/08/2019), 1604003 (Exp 02/09/2019), 1604004 (Exp 02/09/2019), 1604005 (Exp 02/09/2019), 1604002 (Exp 02/09/2019), 1604006 (Exp 02/09/2019), 1604806 (Exp 02/17/2019), 1604709 (Exp 02/16/2019), 1604708 (Exp 02/16/2019), 1604903 (Exp 02/18/2019), 1604805 (Exp 02/17/2019), 1604807 (Exp 02/17/2019), 1604003 (Exp 02/09/2019), 1605610 (Exp 02/25/2019), 1604001 (Exp 02/09/2019), 1600707 (Exp 01/09/2019), 1603204 (Exp 02/03/2019), 1603601 (Exp 02/05/2019), 1603509 (Exp 02/04/2019), 1604103 (Exp 02/10/2019), 1604201 (Exp 02/11/2019), 1604101 (Exp 02/10/2019), 1604202 (Exp 02/11/2019), 1604102 (Exp 02/10/2019), 1604104 (Exp 02/10/2019), 1605003 (Exp 02/19/2019), 1605002 (Exp 02/19/2019).1605007 (Exp 02/19/2019), 1604905 (Exp 02/18/2019), 1604906 (Exp 02/18/2019), 1604904 (Exp 02/18/2019), 1605001 (Exp 08/05/2019), 1622303 (Exp 08/10/2019).",United States,Unknown,75110,E-Mail,"E.S.P. Pre-Workout, Energy Stimulant Pre-workout, Powder, 300 g, blue raspberry flavor  (UPC 764779-410728.",33325-6259,"Approximately 34,100 containers",Food,"Products contain Picamilon and/or methylpentane citrate (DMBA),  which are not recognized as a dietary ingredients",F-1347-2017,"IQ Formulations, LLC",FL,Terminated,Voluntary: Firm initiated,2016-08-16,2017-02-01,2017-01-25,2024-09-20
5253 Patterson Ave Se,Grand Rapids,Class II,"All L'ITALY SPARKLING FRUIT JUICE BEVERAGES products, all lot/date codes    914516 SPARKLING POMEGRANETE JUICE DRNK UPC  1-91414-00516-0 6/34 oz",United States,Domestic:  IL       MI       WI       CA       MN       OH       WA       VA          Product Imported from Turkey,80488,"Two or more of the following: Email, Fax, Letter, Press Release, Telephone, Visit","SPARKLING POMEGRANETE JUICE DRNK, 6/34 oz., glass bottles",49512,403 Assorted cases / 2418 units (total),Food,Gourmet International Inc. is voluntarily recalling LItaly Sparkling Juice Beverages due to packaging concerns following multiple reports of leaking caps.,F-1957-2018,Gourmet International Inc.,MI,Terminated,Voluntary: Firm initiated,2018-07-05,2018-08-29,2018-09-04,2018-10-04
53 Summit Lock Road,Westfield,Class II,"Exact codes are unknown. The product being recalled was sold on June 17, 2019 at Target Stores in Commack, NY and Central Islip, NY.",United States,"Two Target Stores 1. 98 Veterans Memorial Highway in Commack, New York 2. 160 North Research Place in Central Islip, New York",83178,Telephone,"CALIFIA FARMS XX ESPRESSO COLD BREW COFFEE - 48 FL OZ, UPC: 5290900349",01085-9777,unknown,Food,Products were not held at an appropriate temperature due to a mechanical malfunction during transportation.,F-1641-2019,"C & S Wholesale Grocers, Inc.",MA,Terminated,Voluntary: Firm initiated,2019-06-17,2019-07-31,2019-07-24,2019-07-31
53 Summit Lock Road,Westfield,Class II,"Exact codes are unknown. The product being recalled was sold on June 17, 2019 at Target Stores in Commack, NY and Central Islip, NY.",United States,"Two Target Stores 1. 98 Veterans Memorial Highway in Commack, New York 2. 160 North Research Place in Central Islip, New York",83178,Telephone,"CHOBANI FLIP STRAWBERRY CHEESECAKE GREEK STYLE YOGURT - 5.3OZ, UPC: 1829001196",01085-9777,unknown,Food,Products were not held at an appropriate temperature due to a mechanical malfunction during transportation.,F-1662-2019,"C & S Wholesale Grocers, Inc.",MA,Terminated,Voluntary: Firm initiated,2019-06-17,2019-07-31,2019-07-24,2019-07-31
53 Summit Lock Road,Westfield,Class II,"Exact codes are unknown. The product being recalled was sold on June 17, 2019 at Target Stores in Commack, NY and Central Islip, NY.",United States,"Two Target Stores 1. 98 Veterans Memorial Highway in Commack, New York 2. 160 North Research Place in Central Islip, New York",83178,Telephone,"CHOBANI KEY LIME BLENDED LOW FAT GREEK YOGURT - 5.3OZ, UPC:1829001271",01085-9777,unknown,Food,Products were not held at an appropriate temperature due to a mechanical malfunction during transportation.,F-1668-2019,"C & S Wholesale Grocers, Inc.",MA,Terminated,Voluntary: Firm initiated,2019-06-17,2019-07-31,2019-07-24,2019-07-31
53 Summit Lock Road,Westfield,Class II,"Exact codes are unknown. The product being recalled was sold on June 17, 2019 at Target Stores in Commack, NY and Central Islip, NY.",United States,"Two Target Stores 1. 98 Veterans Memorial Highway in Commack, New York 2. 160 North Research Place in Central Islip, New York",83178,Telephone,"DAISY SQUEEZE SOUR CREAM - 14OZ, UPC: 7342001614",01085-9777,unknown,Food,Products were not held at an appropriate temperature due to a mechanical malfunction during transportation.,F-1706-2019,"C & S Wholesale Grocers, Inc.",MA,Terminated,Voluntary: Firm initiated,2019-06-17,2019-07-31,2019-07-24,2019-07-31
53 Summit Lock Road,Westfield,Class II,"Exact codes are unknown. The product being recalled was sold on June 17, 2019 at Target Stores in Commack, NY and Central Islip, NY.",United States,"Two Target Stores 1. 98 Veterans Memorial Highway in Commack, New York 2. 160 North Research Place in Central Islip, New York",83178,Telephone,"DANNON OIKOS TRIPLE ZERO GREEK VANILLA - 5.3OZ/4PK, UPC: 3663201953",01085-9777,unknown,Food,Products were not held at an appropriate temperature due to a mechanical malfunction during transportation.,F-1727-2019,"C & S Wholesale Grocers, Inc.",MA,Terminated,Voluntary: Firm initiated,2019-06-17,2019-07-31,2019-07-24,2019-07-31
53 Summit Lock Road,Westfield,Class II,"Exact codes are unknown. The product being recalled was sold on June 17, 2019 at Target Stores in Commack, NY and Central Islip, NY.",United States,"Two Target Stores 1. 98 Veterans Memorial Highway in Commack, New York 2. 160 North Research Place in Central Islip, New York",83178,Telephone,"FAIRLIFE LACTOSE FREE WHOLE MILK - 52 FL OZ, UPC:  1162002016",01085-9777,unknown,Food,Products were not held at an appropriate temperature due to a mechanical malfunction during transportation.,F-1616-2019,"C & S Wholesale Grocers, Inc.",MA,Terminated,Voluntary: Firm initiated,2019-06-17,2019-07-31,2019-07-24,2019-07-31
53 Summit Lock Road,Westfield,Class II,"Exact codes are unknown. The product being recalled was sold on June 17, 2019 at Target Stores in Commack, NY and Central Islip, NY.",United States,"Two Target Stores 1. 98 Veterans Memorial Highway in Commack, New York 2. 160 North Research Place in Central Islip, New York",83178,Telephone,FAT FREE HALF & HALF - 0.5GAL - MARKET PANTRY;  UPC: 8523961640,01085-9777,unknown,Food,Products were not held at an appropriate temperature due to a mechanical malfunction during transportation.,F-1748-2019,"C & S Wholesale Grocers, Inc.",MA,Terminated,Voluntary: Firm initiated,2019-06-17,2019-07-31,2019-07-24,2019-07-31
53 Summit Lock Road,Westfield,Class II,"Exact codes are unknown. The product being recalled was sold on June 17, 2019 at Target Stores in Commack, NY and Central Islip, NY.",United States,"Two Target Stores 1. 98 Veterans Memorial Highway in Commack, New York 2. 160 North Research Place in Central Islip, New York",83178,Telephone,JELL-O SUGAR FREE BLACK CHERRY GELATIN - 25OZ/8PK UPC: 4300005754,01085-9777,unknown,Food,Products were not held at an appropriate temperature due to a mechanical malfunction during transportation.,F-1789-2019,"C & S Wholesale Grocers, Inc.",MA,Terminated,Voluntary: Firm initiated,2019-06-17,2019-07-31,2019-07-24,2019-07-31
53 Summit Lock Road,Westfield,Class II,"Exact codes are unknown. The product being recalled was sold on June 17, 2019 at Target Stores in Commack, NY and Central Islip, NY.",United States,"Two Target Stores 1. 98 Veterans Memorial Highway in Commack, New York 2. 160 North Research Place in Central Islip, New York",83178,Telephone,NOOSA COCONUT AUSTRALIAN STYLE YOGURT - 8OZ  UPC:,01085-9777,unknown,Food,Products were not held at an appropriate temperature due to a mechanical malfunction during transportation.,F-1820-2019,"C & S Wholesale Grocers, Inc.",MA,Terminated,Voluntary: Firm initiated,2019-06-17,2019-07-31,2019-07-24,2019-07-31
53 Summit Lock Road,Westfield,Class II,"Exact codes are unknown. The product being recalled was sold on June 17, 2019 at Target Stores in Commack, NY and Central Islip, NY.",United States,"Two Target Stores 1. 98 Veterans Memorial Highway in Commack, New York 2. 160 North Research Place in Central Islip, New York",83178,Telephone,NOOSA COCONUT AUSTRALIAN STYLE YOGURT - 8OZ  UPC: 5392300213,01085-9777,unknown,Food,Products were not held at an appropriate temperature due to a mechanical malfunction during transportation.,F-1821-2019,"C & S Wholesale Grocers, Inc.",MA,Terminated,Voluntary: Firm initiated,2019-06-17,2019-07-31,2019-07-24,2019-07-31
53 Summit Lock Road,Westfield,Class II,"Exact codes are unknown. The product being recalled was sold on June 17, 2019 at Target Stores in Commack, NY and Central Islip, NY.",United States,"Two Target Stores 1. 98 Veterans Memorial Highway in Commack, New York 2. 160 North Research Place in Central Islip, New York",83178,Telephone,READY PAC FOODS BISTRO SANTA FE STYLE SALAD BOWL - 6.25OZ UPC:7774529188,01085-9777,unknown,Food,Products were not held at an appropriate temperature due to a mechanical malfunction during transportation.,F-1844-2019,"C & S Wholesale Grocers, Inc.",MA,Terminated,Voluntary: Firm initiated,2019-06-17,2019-07-31,2019-07-24,2019-07-31
53 Summit Lock Road,Westfield,Class II,"Exact codes are unknown. The product being recalled was sold on June 17, 2019 at Target Stores in Commack, NY and Central Islip, NY.",United States,"Two Target Stores 1. 98 Veterans Memorial Highway in Commack, New York 2. 160 North Research Place in Central Islip, New York",83178,Telephone,SABRA ROASTED RED PEPPER HUMMUS SINGLES - 6PK  UPC: 4082234273,01085-9777,unknown,Food,Products were not held at an appropriate temperature due to a mechanical malfunction during transportation.,F-1858-2019,"C & S Wholesale Grocers, Inc.",MA,Terminated,Voluntary: Firm initiated,2019-06-17,2019-07-31,2019-07-24,2019-07-31
53 Summit Lock Road,Westfield,Class II,"Exact codes are unknown. The product being recalled was sold on June 17, 2019 at Target Stores in Commack, NY and Central Islip, NY.",United States,"Two Target Stores 1. 98 Veterans Memorial Highway in Commack, New York 2. 160 North Research Place in Central Islip, New York",83178,Telephone,SILK ORIGINAL SOY MILK - 0.5GAL  UPC: 2529360039,01085-9777,unknown,Food,Products were not held at an appropriate temperature due to a mechanical malfunction during transportation.,F-1869-2019,"C & S Wholesale Grocers, Inc.",MA,Terminated,Voluntary: Firm initiated,2019-06-17,2019-07-31,2019-07-24,2019-07-31
53 Summit Lock Road,Westfield,Class II,"Exact codes are unknown. The product being recalled was sold on June 17, 2019 at Target Stores in Commack, NY and Central Islip, NY.",United States,"Two Target Stores 1. 98 Veterans Memorial Highway in Commack, New York 2. 160 North Research Place in Central Islip, New York",83178,Telephone,SIMPLY LIGHT LEMONADE JUICE DRINK - 52 FL OZ  UPC: 2500010061,01085-9777,unknown,Food,Products were not held at an appropriate temperature due to a mechanical malfunction during transportation.,F-1885-2019,"C & S Wholesale Grocers, Inc.",MA,Terminated,Voluntary: Firm initiated,2019-06-17,2019-07-31,2019-07-24,2019-07-31
53 Summit Lock Road,Westfield,Class II,"Exact codes are unknown. The product being recalled was sold on June 17, 2019 at Target Stores in Commack, NY and Central Islip, NY.",United States,"Two Target Stores 1. 98 Veterans Memorial Highway in Commack, New York 2. 160 North Research Place in Central Islip, New York",83178,Telephone,YOPLAIT ORIGINAL KEY LIME PIE YOGURT - 6OZ  UPC: 7047000321,01085-9777,unknown,Food,Products were not held at an appropriate temperature due to a mechanical malfunction during transportation.,F-1932-2019,"C & S Wholesale Grocers, Inc.",MA,Terminated,Voluntary: Firm initiated,2019-06-17,2019-07-31,2019-07-24,2019-07-31
5301 Industrial Park Dr,Henderson,Class II,22172516H1 - 22312516H1,United States,"Product was distributed in the following states: AR, CT, MI, NC, OH, PA, TX, and VA.    Product was distributed to one Canadian firm.    No products were distributed to government accounts.",76307,"Two or more of the following: Email, Fax, Letter, Press Release, Telephone, Visit",Tortilla Chip 2  White Corn Masa Flour 50 lb bags,42420-9689,"37,500 LBS",Food,The firm stated that they were notified by some of their customers that their product contains metal fragments.,F-1783-2017,Azteca Milling LP,KY,Terminated,Voluntary: Firm initiated,2016-09-22,2017-04-05,2017-03-28,2020-08-31
536 Broadhollow Rd,Melville,Class III,2021/12/25 UPC:6921821000663,United States,"NY, NC, FL, IN",91640,"Two or more of the following: Email, Fax, Letter, Press Release, Telephone, Visit",Haiyue Food Nutritional Preserved Vegetable,11747-3647,55 boxes,Food,Contains Cyclamate,F-0624-2023,XIUMIN LIN,NY,Terminated,Voluntary: Firm initiated,2022-08-29,2023-03-29,2023-03-17,2023-03-17
5377 Highway 306,Coldwater,Class II,Products are not coded.,United States,"Distributed in the states of AL, AR, FL, GA, IL, LA, MS, OK, and TX.",84863,Telephone,"Southern Sisters Gourmet Cheddar Garlic Biscuits, Net Wt 16 oz (453.6 g)",38618-5119,unknown,Food,Undeclared allergen: Wheat  Undeclared colors: Yellow #5 and #6.,F-0913-2020,Southern Sisters Gourmet,MS,Terminated,Voluntary: Firm initiated,2020-01-28,2020-04-01,2020-04-17,2021-02-16
5415 E High St,Phoenix,Class II,"Lot # FEB242013, FEB232014, FEB1713",United States,Nationwide in the US and in Canada,62330,Letter,"Kit item #30699-76, includes Mozzarella Sticks, 2.25 oz, 12bags/kit; Cheddar Bacon Skins, 3oz, 24 bags/kit; and Sour Cream & Onion Skins 3oz, 12bags/kit.    kit item#30679-11, 30679-12, and 30679-13, includes Mozzarella Sticks 2.25oz, 12bags/kit, Cheddar bacon skins 3oz, 24 bags/kit, and Sour Cream & Onion skins 3oz, 12bags/kit.    Kit Item#30845-A- Onion Ring Clip Strip, 2oz, 24 bag/clip strip.",85054-5460,611 units,Food,Inventure Foods Inc. is recalling mozzarella sticks and onion rings because there may be a chance that there are tiny metal particles in their seasoning.,F-1757-2012,Inventure Foods,AZ,Terminated,Voluntary: Firm initiated,2012-06-08,2012-07-18,2012-07-11,2012-08-15
5415 E High St Ste 350,Phoenix,Class I,"UPC 0-86069-11275-5 FF Item Number S814, UPC 0-86069-20013-1 FF Item Number 81499, UPC 0-86069-20011-7 FF Item Number 814, UPC 0-86069-50011-8 FF Item Number 815, UPC 0-86069-20014-8 FF Item Number 813, UPC 86289-20420-9",United States,"AL, AR, AZ, CA, FL, GA, IL, IN, KS, KY, LA, MD, MA, MI, MN, MS, MO, MT, NE, NJ, NY, NC, OH, OK, PA, SC, TN, TX, VT, VA, WI and WV.",71070,"Two or more of the following: Email, Fax, Letter, Press Release, Telephone, Visit","Steamables California Blend, Net Wt. 10 Oz., Dist. By Fresh Frozen Foods, Inc., Jefferson, GA 30549, UPC 0-86069-11275-5,  Fresh Frozen California Blend, Net Wt. 16 Oz. (1 Lb.), Dist. By Fresh Frozen Foods, Inc., Jefferson, GA 30549, UPC 86069-20013-1, Fresh Frozen Grade A California Blend, Net. Wt. 32 Oz. (2 Lb.), Dist. By Fresh Frozen Foods, Jefferson, GA 30549, UPC 0-86069-20011-7, Fresh Frozen Grade A California Blend, Net Wt. 80 Oz. (5 Lb.) 2268g, Dist. By Fresh Frozen Foods, Jefferson, GA 30549, UPC 86069-50011-8, Fresh Frozen Grade A Premium California Blend, Net Wt. 32 Oz. (2 Lb.) 907g, Dist. By Fresh Frozen Foods, Inc., Jefferson, GA 30549, UPC 86069-20014-8, The Inn Grade A Fancy California Blend, Net Wt. 32 Oz. (2 LB) (907g), Packed For Inn Foods Inc., 310 Walker St., Watsonville, CA 95076, UPC 86289-20420-9",85054-5484,,Food,Listeria contamination due to various GMP violations. possible.,F-3016-2015,Inventure Foods,AZ,Terminated,Voluntary: Firm initiated,2015-04-23,2015-08-26,2015-08-17,2017-03-01
5415 E High St Ste 350,Phoenix,Class I,"UPC 0-86069-20102-2 FF Item Number 432, UPC 0-86069-50102-3 FF Item Number 435",United States,"AL, AR, AZ, CA, FL, GA, IL, IN, KS, KY, LA, MD, MA, MI, MN, MS, MO, MT, NE, NJ, NY, NC, OH, OK, PA, SC, TN, TX, VT, VA, WI and WV.",71070,"Two or more of the following: Email, Fax, Letter, Press Release, Telephone, Visit","Fresh Frozen Grade A Cut White Corn, Net Wt. 32 Oz, (2 Lb.) 907g, Dist. By Fresh Frozen Foods, Inc., Jefferson, GA 30549, UPC 0-86069-20102-2, Fresh Frozen Grade A Cut White Corn, Net Wt. 80 Oz. (5 Lb.) Dist. By Fresh Frozen Foods, Inc., Jefferson, GA 30549, UPC 0-86069-50102-3",85054-5484,,Food,Listeria contamination due to various GMP violations. possible.,F-3004-2015,Inventure Foods,AZ,Terminated,Voluntary: Firm initiated,2015-04-23,2015-08-26,2015-08-17,2017-03-01
5415 E High St Ste 350,Phoenix,Class I,"UPC: 8-84038-85102-1, Item no. 85102, Best by Dates from 18 Mar 2016 through 17 Oct 2016, Code Dates from 72644AH01 through 71075AH01.",United States,"AL, AR, AZ, CA, FL, GA, IL, IN, KS, KY, LA, MD, MA, MI, MN, MS, MO, MT, NE, NJ, NY, NC, OH, OK, PA, SC, TN, TX, VT, VA, WI and WV.",71070,"Two or more of the following: Email, Fax, Letter, Press Release, Telephone, Visit","Frozen Jamba, Fruit & Veggie Smoothies, Green Fusion, Green Apple, Mango, Pineapple, Kiwi, Banana, Broccoli and Spinach, Makes 2-8oz Smoothies, Net Wt. 8oz (227.2g), packed in plastic pouches, Distributed by: Rader Farms, Inc.",85054-5484,unknown,Food,Listeria contamination due to various GMP violations. possible.,F-2977-2015,Inventure Foods,AZ,Terminated,Voluntary: Firm initiated,2015-04-23,2015-08-26,2015-08-17,2017-03-01
5423 N Lake Dr,Lake City,Class II,"Item number: K7954, Lot/Julian Code: PM15M18 / 15352 and PM15M17 / 15351.",United States,"AR, CA, CO, CT, FL, GA, IL,IN, IO, KY, LA, MA, MD, MI, MN, MO, NC, NJ, NY, NV, OK, OH, OR, PA, TN, TX WA, and WI.",74686,E-Mail,"MINI DEEP DISH MUSHROOM PIZZA, 200 CT, Prepared by: Kabobs, 54234 North Lake Dr. Lake City, GA 30260.",30260-3534,176 cases/115 cases (200 units per case).,Food,Product was manufactured with flour recalled due to E. coli O121 contamination.,F-0136-2017,Kabobs Inc,GA,Terminated,Voluntary: Firm initiated,2016-07-06,2016-10-26,2016-10-18,2017-11-06
54760 Township Rd 90,Fresno,Class II,None- Ship date 6/13/2014,United States,Product was shipped to the following states: OH and WI,68612,Telephone,Cream; Sold in bulk; No labeling,43824-9796,9804 lbs,Food,Milk used in the products tested positive for antibiotics,F-2183-2014,Pearl Valley Cheese Inc,OH,Terminated,Voluntary: Firm initiated,2014-06-19,2014-07-23,2014-07-15,2015-07-01
55 Bank St,Elmwood Park,Class II,distributed between 8/2012 and 3/1/2013.,United States,"Florida, New Jersey, Pennsylvania, Massachusets and New Hampshire and Maryland.",64605,Telephone,"Assorted Non-Pareil Seeds; Ozone Confectioners, Elmwood Park, New Jersey 07407.  Non-Pareil Seeds, 10 LBS. Net",07407-1146,481 boxes (net wt 10 Lbs.),Food,"Undeclared FD&C Colors Yellow #5, Yellow #6, Red #3, Red #40, Blue #1 and Blue #2.",F-1343-2013,Ozone Confection & Bakers Supply Co.,NJ,Terminated,Voluntary: Firm initiated,2013-03-07,2013-05-01,2013-04-24,2013-07-01
550 85th Ave,Oakland,Class II,"OAK-19-050-001;  Best is Used by June 19, 2019",United States,"CA, MD, NV, WA, ID, UT, MT,",82520,Letter,"Impossible Foods Bulk, 5 lb. vacuum sealed plastic-pack.  Keep Frozen;  This is a plant product that is looks like and is used like ground beef.  UPC: (01) 00816697020036;  Item # 60-00010",94621-1304,"1,649 cases ( 4 x 5 lbs. packs per case)",Food,Piece of plastic was found in bulk product.,F-1274-2019,Impossible Foods,CA,Terminated,Voluntary: Firm initiated,2019-03-21,2019-04-17,2019-04-10,2019-04-17
550 Bowie St,Austin,Class I,Sold on the hot bar from Oct.10.2019 through Nov. 4.2019,United States,nationwide,84223,Other,STIR FRY BEEF VEGAN served on the hot bar,78703-4644,"12,898 lbs (total of all products)",Food,Possible contamination with Listeria monocytogenes,F-0379-2020,Whole Foods Market,TX,Terminated,Voluntary: Firm initiated,2019-11-04,2019-12-25,2019-12-19,2020-01-14
550 Bowie St,Austin,Class I,Best by dates through 10/28/2020,United States,"Maryland, New Jersey, Pennsylvania, Virginia and Washington, D.C.",86682,"Two or more of the following: Email, Fax, Letter, Press Release, Telephone, Visit","Fried Chicken Meal with Mac & Cheese, packaged in clear plastic container with printed label product code begins with 247257; Fried Chicken Meal with Mac & Cheese, packaged on hot bar product code begins with 237444",78703-4644,580.91units (total of all products),Food,Potential to contain undeclared egg,F-0132-2021,Whole Foods Market,TX,Terminated,Voluntary: Firm initiated,2020-10-27,2020-12-02,2020-11-24,2020-12-04
550 Bowie St,Austin,Class I,PLU 20667900000 Sell-by Date: 10/27/2025   11/16/2025,United States,Washington and Oregon,97931,Other,Whatcom Blue Sliced cheese; Sliced and packaged in deli plastic wrap with Whole Foods Scale labels.,78703-4644,411 lbs total,Food,Twin Sisters Creamery's recall of cheese products due to WSDA testing that identified potential STEC and E. coli O103 contamination. Whole Foods Market received affected products through distributor Peterson Company and sold them by weight with store-generated labels.,H-0210-2026,"WFM Purchasing, LP",TX,Terminated,Voluntary: Firm initiated,2025-10-27,2025-12-03,2025-11-25,2026-02-06
550 Bowie St,Austin,Class II,"Sold between June 1 and July 21, 2014 at Whole Foods Stores",United States,"All states where Whole Foods Market stores are located except Florida, Washington, and Oregon.",68897,Press Release,"Whole Foods Market 4"" fresh fruit tart decorated with plums, UPC/PLU 0201189005002; Whole Foods Market 6"" fresh fruit tart decorated with plums, UPC/PLU 0201898022000; Whole Foods Market 9"" fresh fruit tart decorated with plums, UPC/PLU 0201897029000",78703-4648,unknown,Food,The product has the potential to be contaminated with Listeria monocytogenes.,F-0699-2015,Whole Foods Market,TX,Terminated,Voluntary: Firm initiated,2014-07-23,2014-12-17,2014-12-09,2015-05-19
550 Bowie St,Austin,Class II,"Sold between June 1 and July 21, 2014 at Whole Foods Stores",United States,"All states where Whole Foods Market stores are located except Florida, Washington, and Oregon.",68897,Press Release,"Whole Foods Market Balsamic Chicken Breast & Peaches, UPC/PLU 20254100000",78703-4648,unknown,Food,The product has the potential to be contaminated with Listeria monocytogenes.,F-0661-2015,Whole Foods Market,TX,Terminated,Voluntary: Firm initiated,2014-07-23,2014-12-17,2014-12-09,2015-05-19
550 Industry Way,Prosper,Class II,VRMIXG (Best By OCT-2025) VRMXIIG (Best By JAN-2026) VRMVH (Best By JUN-2026),United States,Product is distributed throughout the USA via the firm's website.,96878,"Two or more of the following: Email, Fax, Letter, Press Release, Telephone, Visit","Nature Mills Vallarai Rice Mix, 200g",75078-2380,6712 units total,Food,Undeclared  wheat allergens,H-0076-2025,NatureMills US Incorporated,TX,Terminated,Voluntary: Firm initiated,2025-05-13,2025-07-02,2025-06-25,2026-02-25
550 Kasota Ave SE,Minneapolis,Class II,Lot # Best By Date  9/10/2012 7/10/2013  10/16/2012 8/16/2013  10/23/2012 8/23/2013  11/5/2012 9/5/2013  12/3/2012 10/3/2013  1/3/2013 11/3/2013  1/4/2013 11/4/2013  1/22/2013 11/22/2013,United States,"IL, IN, IA, KS, MN, NJ, NY, NC, OH, SC, TX, VT.",65447,Letter,"Smart Sense Fruit & Granola Trail Mix, Net WT 4.0 oz , UPC 8 83967 29091 8, Distributed by Kmart corporation, Hoffman Estates, Il 60179, Minneapolis, MN 55414.",55414-2811,1462 cases (12/case),Food,"American Importing Co., d/b/a Amport Foods is voluntarily recalling a limited number of packages of its Amport Foods 16 oz Vanilla Almond Granola because they may contain pliable metal wire mesh fragments from a defective flour sifter from a 3rd party vendor.",F-1729-2013,"American Importing Co, Inc",MN,Terminated,Voluntary: Firm initiated,2013-02-25,2013-07-31,2013-07-22,2017-07-10
550 Oliver Dr,Troy,Class II,"All Lots distributed on or after October 17, 2013",United States,"National: AZ, CA, CT, FL, IN, ME, MI, MO, MS, NC, NH, NY, OH, OR, RI, TX, VA & WY  International: None reported",68421,Letter,"Good Herbs, Inc., FLOWER ESSENCE WILD ROSE, 1 & 4 oz bottle, 550 Oliver Dr Troy, MI 48084 The Quality Herb That Works",48084-5468,Approximately 901 total units for all products,Food,Products not manufactured under GMP's,F-0242-2015,"Good Herbs, Inc.",MI,Terminated,Voluntary: Firm initiated,2014-05-05,2014-11-05,2014-10-30,2016-02-03
550 Oliver Dr,Troy,Class II,"All Lots distributed on or after October 17, 2013",United States,"National: AZ, CA, CT, FL, IN, ME, MI, MO, MS, NC, NH, NY, OH, OR, RI, TX, VA & WY  International: None reported",68421,Letter,"Good Herbs, Inc., FLOWER ESSENCE WILLOW, 1 & 4 oz bottle, 550 Oliver Dr Troy, MI 48084 The Quality Herb That Works",48084-5468,Approximately 901 total units for all products,Food,Products not manufactured under GMP's,F-0243-2015,"Good Herbs, Inc.",MI,Terminated,Voluntary: Firm initiated,2014-05-05,2014-11-05,2014-10-30,2016-02-03
550 Oliver Dr,Troy,Class II,"All Lots distributed on or after October 17, 2013",United States,"National: AZ, CA, CT, FL, IN, ME, MI, MO, MS, NC, NH, NY, OH, OR, RI, TX, VA & WY  International: None reported",68421,Letter,"Good Herbs, Inc., FLOWER ESSENCE-R PLUS & ASPEN, 4 oz bottle, 550 Oliver Dr Troy, MI 48084 The Quality Herb That Works",48084-5468,Approximately 901 total units for all products,Food,Products not manufactured under GMP's,F-0259-2015,"Good Herbs, Inc.",MI,Terminated,Voluntary: Firm initiated,2014-05-05,2014-11-05,2014-10-30,2016-02-03
550 Oliver Dr,Troy,Class II,"All Lots distributed on or after October 17, 2013",United States,"National: AZ, CA, CT, FL, IN, ME, MI, MO, MS, NC, NH, NY, OH, OR, RI, TX, VA & WY  International: None reported",68422,Letter,"Good Herbs, Inc., PARSLEY, 1 oz bottle, 550 Oliver Dr Troy, MI 48084 The Quality Herb That Works",48084-5468,Approximately 1204 total units for all products,Food,Products not manufactured under GMP's,F-0375-2015,"Good Herbs, Inc.",MI,Terminated,Voluntary: Firm initiated,2014-05-05,2014-11-05,2014-10-30,2016-02-03
550 Oliver Dr,Troy,Class II,"All Lots distributed on or after October 17, 2013",United States,"National: AZ, CA, CT, FL, IN, ME, MI, MO, MS, NC, NH, NY, OH, OR, RI, TX, VA & WY  International: None reported",68422,Letter,"Good Herbs, Inc., PEPPERMINT, 1 oz bottle, 550 Oliver Dr Troy, MI 48084 The Quality Herb That Works",48084-5468,Approximately 1204 total units for all products,Food,Products not manufactured under GMP's,F-0378-2015,"Good Herbs, Inc.",MI,Terminated,Voluntary: Firm initiated,2014-05-05,2014-11-05,2014-10-30,2016-02-03
550 Oliver Dr,Troy,Class II,"All Lots distributed on or after October 17, 2013",United States,"National: AZ, CA, CT, FL, IN, ME, MI, MO, MS, NC, NH, NY, OH, OR, RI, TX, VA & WY  International: None reported",68422,Letter,"Good Herbs, Inc., SAW PALMETTO, 4 oz bottle, 550 Oliver Dr Troy, MI 48084 The Quality Herb That Works",48084-5468,Approximately 1204 total units for all products,Food,Products not manufactured under GMP's,F-0405-2015,"Good Herbs, Inc.",MI,Terminated,Voluntary: Firm initiated,2014-05-05,2014-11-05,2014-10-30,2016-02-03
550 Oliver Dr,Troy,Class II,"All Lots distributed on or after October 17, 2013",United States,"National: AZ, CA, CT, FL, IN, ME, MI, MO, MS, NC, NH, NY, OH, OR, RI, TX, VA & WY  International: None reported",68422,Letter,"Good Herbs, Inc., WELLNESS PLUS, 1 oz bottle, 550 Oliver Dr Troy, MI 48084 The Quality Herb That Works",48084-5468,Approximately 1204 total units for all products,Food,Products not manufactured under GMP's,F-0441-2015,"Good Herbs, Inc.",MI,Terminated,Voluntary: Firm initiated,2014-05-05,2014-11-05,2014-10-30,2016-02-03
550 Oliver Dr,Troy,Class II,"All lots distributed on or after October 17, 2013.",United States,"National: AZ, CA, CT, FL, IN, ME, MI, MO, MS, NC, NH, NY, OH, OR, RI, TX, VA & WY  International: None reported",68420,Letter,"Good Herbs, Inc., CT, 1 & 4 oz bottle, 550 Oliver Dr Troy, MI 48084 The Quality Herb That Works",48084-5468,Approximately 1099 total units for all products,Food,Products not manufactured under GMP's,F-0171-2015,"Good Herbs, Inc.",MI,Terminated,Voluntary: Firm initiated,2014-03-25,2014-11-05,2014-10-30,2016-02-03
5510 Lincoln Blvd,Playa Vista,Class II,8 oz. -AUG 0720;  5 oz. AUG  0620 - Popchips and Safeway;   AUG 0720; AUG 2820 - Popchips only.,United States,"Il, CA, CP. OR, TX, WA, TX, NV, UT, AZ and Canada and Kuwait.",83799,Letter,Popchips Sour Cream & Onion Potato Popped Chips;  5 oz. bag and 8 oz. bag    UPC: 0 82666 50070 4 - 5 oz.            0 82666 77700 7 - 8 oz.,90094-2034,"6,691 cases (total)",Food,Some batches of PopChips may contain gluten levels that exceed the firms specification.,F-0027-2020,SONORA MILLS FOODS INC DBA POPCH,CA,Terminated,Voluntary: Firm initiated,2019-09-10,2019-10-16,2019-10-09,2020-02-19
561 Se Oak St,Hillsboro,Class I,"Lot codes:  030122-50029  030222-50029 030822-50029 030922-50029 031122-50029  The code Interpretation:  030122 (MMDDYY): Date code of when fruit was picked. 50029: Cascade's internal code for ranch identifying number.  Load Shipment Numbers (Load shipment number is a sequential chronological order and is made up of the Product Lot Numbers.  Load Shipment Number indicates the Cascade as the importer, number of the container imported into USA and year):  CIM 125-22 CIM 129-22 CIM 130-22 CIM 144-22 CIM 146-22 CIM 147-22",United States,distributed in CA and OR.,92442,Telephone,"Fresh Organic Freezer Strawberries Mexico with calyx (caps) removed, net wt. 18 lbs., packaged in a T60-800 Polyethylene Homopolymer picking tray. Product is imported and distributed in fresh condition by Cascade International Foods.",97123-4298,"total 35,686 lbs.",Food,Potential contamination with Hepatitis A.,F-0984-2023,"Cascade International Foods, Inc",OR,Terminated,Voluntary: Firm initiated,2023-05-25,2023-06-21,2023-06-09,2024-01-03
5638 Cahuenga Blvd,N Hollywood,Class II,no lot codes,United States,US,75441,Letter,"Apricot Perouk, Net Wt. 10 oz. (283g), UPC 7 80890 28601 1.",91601-2103,unknown,Food,"Nobel Bakery is recalling Apricot Perouk and Assorted cookies because they may contain undeclared wheat, milk, Yellow#5, and sulfur dioxide.",F-0462-2017,Nobel Bakery,CA,Terminated,Voluntary: Firm initiated,2016-10-12,2016-11-23,2016-11-16,2017-02-09
5711 Corsa Ave,Westlake Village,Class II,"Lot #: 0217, 0317, 040617, 0517, 160603, 160711, 160810, 160921.",United States,"U.S. distribution to the following; MA, CA, FL, UT, AZ, WI, NY, OR, IN, MO, IL, NJ, KS, CO, CT, VT, NM, HI, NV, IA, OH, WA, RI, MI.    Foreign distribution to the following; Grand Cayman.",76350,Letter,Burts British Hand Cooked Potato Chips  Sea Salt & Malted Vinegar  150gx10 and 40gx20,91362-4001,653 cases,Food,Product is labeled as gluten free; however was labeled as containing an ingredient with gluten.,F-1481-2017,Bwi Inc,CA,Terminated,Voluntary: Firm initiated,2017-01-30,2017-02-22,2017-02-14,2017-05-18
5720 W Jefferson St,Phoenix,Class II,"Lot 011719, 030819",United States,"Distributed nationwide to all 50 states, Russia, and Lebanon.  No govt/VA/military consignees.",83636,Letter,"Bubbies Mochi Ice Cream -Chocolate Coconut Item Code CS812067, UPC Code 20203-5, UPC GTIN 10787325202032. Product is packed in oriented  polystyrene sheet (OPS) thermo-formed 6-cavity trays, tray is packed in 6 count boxes.",85043-3633,"total 3,407,385 cases",Food,"Bubbies Mochi Ice Cream, Bubbles Cookie Dough Ice Cream Bites,Trader Joe's Mochi six-piece products because of the potential for ""free-floating"" foreign plastic pieces in the product.",F-2126-2019,"Bubbies Homemade Ice Cream and Desserts, Inc.",AZ,Terminated,Voluntary: Firm initiated,2019-08-19,2019-09-18,2019-09-10,2020-03-10
573 W Simpson Chapel Rd,Bloomington,Class II,"12 oz bags: UPC 0063565507524, Best by 5/14/13-7/1/13 Lots 213A, 213B, 214A, 214B, 216A, 216B, 217A, 217B, 220B, 221A, 221B, 224B, 226A, 226B, 227A, 227B, 228A, 228B, 307A, 307B, 308A, 313A, 313B, 314A, 314B, 316A, 316B, 320A, 320B, 321A, 321B, 323A, and 323BC    16oz bags: UPC: 635655005249  Best by: 3/9/13 -5/9/13 Lots 1209A, 1209B,  1209AB, 1209BB, 1210A, 1210B, 1210AB, 1210 BB, 108A, 108B, 113A, 113 B, 116A, 116B, 117A, 117B,118A, 118B, 123A, 123B, 124A, 124B, 130A, 203A, 203B, 131A, 131B, 206A, 206B, 207A, 207B, 209A, 209B, and 209C",United States,retail grocery stores in Indiana and  1 retail store in Illinois,64772,Telephone,"Bakehouse Granola, 12 oz, 340 g   Scholar's Inn Bakehouse Granola 16 oz, 454 g All Natural, Baked locally",47404-9426,,Food,"Bake House Granola, does not list the source of the unsalted butter ingredient as milk, an allergen.  People who have an allergy or severe sensitivity to milk, run the risk of serious or life-threatening allergic reaction if they consume these products.",F-1321-2013,"SIB, Inc.",IN,Terminated,Voluntary: Firm initiated,2013-03-25,2013-05-01,2013-04-22,2014-07-07
5775 FM 2201,Santo,Class II,"Lot: 112361607, 11231608, 11231609, 11231610, 11231611, 11231612, 11231613, 11231614, 10241601, 10241602, 10241603, 10241604, 10241605, 10241606, 10241607, 10241608, 10241609, 10241610, 10241611, 10241612, 10241613, 10241614, 11291601 and 11291602    Expiration dates: 01/05/2017, 01/06/2017, 01/08/2017, 01/15/2017, 01/17, 2017, 01/26/2017, 01/30/2017, and 02/17/2017",United States,TX,76115,Letter,"Farm to Market Foods Smoked Ham Dinner #1977 Holiday Ingredients: Smoked Spiral Diced Ham, Mashed Potatoes, Orange Cranberry Relish, Broccoli Rice Casserole, Green Bean Casserole.  Keep Refrigerated at 38 Deg F or Less UPC: 617037959081",76472-3285,"3,312 pounds",Food,Undeclared peanuts.,F-1341-2017,Farm To Market Foods,TX,Terminated,Voluntary: Firm initiated,2016-12-24,2017-02-01,2017-01-24,2017-02-17
5820 Westown Pkwy,West Des Moines,Class I,"Use by dates:  Jan. 20, 2016 through May 3, 2016.",United States,"Product was distributed to IA, IL, MO, KS, NE, SD, MN, and WI.  There was no foreign/government/military distribution.",73431,Press Release,"Whole wheels and cuts of Maytag blue cheese re-packaged in foil or clear plastic wrap with scale labels in various weights.  Product was labeled as Maytag Blue Raw Milk, Maytag Blue, or Maytag Iowa Blue Cheese with PLU numbers beginning with 854089001.",50266-8223,1552 lbs.,Food,Product may be contaminated with Listeria monocytogenes.,F-1572-2016,Hy-Vee Stores Inc,IA,Terminated,Voluntary: Firm initiated,2016-03-03,2016-09-07,2016-08-26,2016-08-26
585 Cleveland Ave,Columbus,Class III,No lot or expiration date as bottles were not intended for distribution.      Batch Numbers: BW3520316 (List Number 64248) and BW0970914 (List Number 66611).,United States,"Products was distributed to the following states: CT, MD, NJ, NY, & PA.",85855,"Two or more of the following: Email, Fax, Letter, Press Release, Telephone, Visit","Similac Pro-Advance Infant Formula with Iron, Milk-Based, Ready to Feed, 32 FL OZ (1 QT)",43215-1755,111 total cases.,Food,Water filled bottles labeled as Similac Pro-Advance.,F-1021-2020,"Abbott Nutrition, Division of Abbott Laboratories",OH,Terminated,Voluntary: Firm initiated,2020-06-11,2020-07-22,2020-07-10,2020-11-06
5867 Churchman Ave,Indianapolis,Class II,"All product delivered between December 12 and December 16. This would include bread items with an expiration date of 12/25/22 and earlier, and any bun items with an expiration date of 12/21/22 and earlier",United States,"IN, OH, TN",91351,Letter,Breads: Garlic product	8013	Clear Bag		Rolls	140	1.5 oz.	3 Garlic product	8014	Clear Bag		Breadsticks	110	1.5 oz.	23,46203-6012,"109,343 (total)",Food,Products held under insanitary conditions,F-0274-2023,Klosterman Baking Company,IN,Terminated,Voluntary: Firm initiated,2022-12-18,2023-01-25,2023-01-17,2023-01-24
5867 Churchman Ave,Indianapolis,Class II,"All product delivered between December 12 and December 16. This would include bread items with an expiration date of 12/25/22 and earlier, and any bun items with an expiration date of 12/21/22 and earlier",United States,"IN, OH, TN",91351,Letter,Breads: Pretzel product	8309	Clear Bag		Buns	48	2.1 oz.,46203-6012,"109,343 (total)",Food,Products held under insanitary conditions,F-0281-2023,Klosterman Baking Company,IN,Terminated,Voluntary: Firm initiated,2022-12-18,2023-01-25,2023-01-17,2023-01-24
59 Paulison Ave Apt 13,Passaic,Class I,All lots,United States,"Distributed to consumers in IL, ND, IN, NC, CA, MD, and VA.",90624,Press Release,Dose Vital VIP Products Vital Honey With Caviar and Tongkat Ali Powder; 12 sachets-15g,07055-4820,7 units,Food,Undeclared Tadalafil,F-1515-2022,MKS Enterprise LLC,NJ,Terminated,Voluntary: Firm initiated,2022-07-18,2022-08-10,2022-08-02,2023-06-15
590 Se 3rd St,Warrenton,Class II,All lots,United States,"No Foreign Consignees  No VA or DoD Consignees.  Distributed to Michigan, Nevada, Oregon, and Washington and sold to internet customers nationwide from the website skipanonbrand.com.",72317,"Two or more of the following: Email, Fax, Letter, Press Release, Telephone, Visit","Canned Chinook Salmon with paper label reading in part:  ***SKIPANON BRAND SEAFOOD CHINOOK SALMON***Ingredients:  Chinook Salmon, Sea Salt NET WT. 6 OZ. (170g)***""     UPC:  58071 00118  Can code beginning with OCCR.    Label background is yellow with a brown stripe at the bottom and multiple colored ink lettering.    Chinook (aka King) Salmon with salt added, canned and distributed as brites in 6oz cans.  Can code beginning with OCCR.",97146-9104,"approximately 57,000 cans total",Food,"All cans and pouches of Skipanon Brand seafood, including salmon products are being recalled due to lack of documentation and possible under-processed product.  Under-processed seafood could lead to contamination with Clostridium botulinum.",F-0379-2016,Skipanon Brand Seafoods LLC,OR,Terminated,Voluntary: Firm initiated,2015-10-09,2015-12-16,2015-12-10,2017-06-26
591 Rocky Glen Road,Moosic,Class II,Expiration dates 12/1/13 and 1/13/14.,United States,"PA, GA, NH.",65754,E-Mail,"individual 2 oz chocolate macaroons packaged in plastic wrapper labeled as "" Jennies DUTCH CHOCOLATE MACAROON, 2 oz. Red Mill Farms, Inc., Brooklyn, NY"".",18507,31 cases,Food,A recall was initiated as a result of an undeclared sugar ingredient in the labeling used for Jennies' Dutch Chocolate Macaroons.,F-1796-2013,Red Mill Farms,PA,Terminated,Voluntary: Firm initiated,2013-03-20,2013-08-21,2013-08-09,2014-10-20
5915 Olohena Rd,Kapaa,Class I,UPC 011386071157No lot codes or expiry dates,United States,HI only,68994,"Two or more of the following: Email, Fax, Letter, Press Release, Telephone, Visit","Tiny Isle Original Fudge, 2 oz.; Organic-Raw- Gluten Free;  Ingredients: Cacao powder, coconut oil. agave nectar, carob powder, vanilla, sea salt.  Keep cold.    Tiny Isle  5915 Olohena Road, Unit H  Kapaa, HI 96746",96746-7709,All,Food,Candy was made using carob powder that is currently under recall by the direct supplier due to potential Salmonella contamination.,F-2380-2014,"Florimont, Inc.",HI,Terminated,Voluntary: Firm initiated,2014-07-25,2014-09-03,2014-08-25,2014-11-04
5915 Olohena Rd,Kapaa,Class I,UPC for single truffles: 11386711886    No lot codes or expiry dates,United States,HI only,68994,"Two or more of the following: Email, Fax, Letter, Press Release, Telephone, Visit","Tiny Isle Chocolate Truffles Macadamia Nut: Gluten Free, Raw, Vegan; individual 1 oz. candies,    Tiny Isle  5915 Olohena Road, Unit H  Kapaa, HI 96746",96746-7709,All,Food,Candy was made using carob powder that is currently under recall by the direct supplier due to potential Salmonella contamination.,F-2387-2014,"Florimont, Inc.",HI,Terminated,Voluntary: Firm initiated,2014-07-25,2014-09-03,2014-08-25,2014-11-04
5915 Olohena Rd,Kapaa,Class I,UPC for single truffles: 11386711886    No lot codes or expiry dates,United States,HI only,68994,"Two or more of the following: Email, Fax, Letter, Press Release, Telephone, Visit","Tiny Isle Chocolate Truffles Spicy Lava: Gluten Free, Raw, Vegan; individual 1 oz. candies,    Tiny Isle  5915 Olohena Road, Unit H  Kapaa, HI 96746",96746-7709,All,Food,Candy was made using carob powder that is currently under recall by the direct supplier due to potential Salmonella contamination.,F-2386-2014,"Florimont, Inc.",HI,Terminated,Voluntary: Firm initiated,2014-07-25,2014-09-03,2014-08-25,2014-11-04
5918 Stoneridge Mall Rd,Pleasanton,Class II,Sell by 1/25/16,United States,"CA, HI, NV",73040,E-Mail,"Pantry Essentials Hot Dog Buns;  8 buns; NET WT 12 oz 340 g  UPC 0 21130 27084 2;  Distributed for: Lucerne Foods Inc.  Pleasanton, CA 94566    Contains: Wheat  May Contain eggs, milk.",94588-3229,1393 x 12 oz. packages,Food,Cloth material that is part of the production equipment may be in the product.,F-0554-2016,"Albertsons Companies, Inc.",CA,Terminated,Voluntary: Firm initiated,2016-01-10,2016-02-17,2016-02-05,2016-02-09
5941 S Central Ave,Los Angeles,Class II,Lot #2112245,United States,"CA, WA, AZ, OR, UT, TX, NV, NJ",91624,Letter,"Cayenne Pepper  1 pound jars, and 5 pound jars",90001-1128,5553 lbs (total),Food,Product was found to have an elevated amount of Aflatoxin,F-0403-2023,Tampico Spice Company Inc,CA,Terminated,Voluntary: Firm initiated,2023-02-02,2023-03-01,2023-03-03,2023-08-15
597 Cold Springs Rd,Elizabethtown,Class I,"Pallet Lot #s: 112, 114, 115, 116, 117, 118, 119, 120, 121, 122, 123, 124, 125, 126, 127, 128, 129, 130, 131, 132, 133, 134, 135, 136, 137, 138, 139, 140, 141, 142, 143, 144, 145, 146, 147, 148, 149, 150, 151, 152, 153, 154, 155, 156, 157, 158, 159, 160, 161, 162, 163, 164, 165, 166, 167, 168, 169, 170, 171, 172, 173, 174, 175, 176, 177, 178, 179,180, 181, 182, 183, 184, 185, 186, 187, 188, 189, 190, 191, 192, 193, 194, 195, 196, 197, 198, 199, 200, 201, 202,203, 204, 205, 206, 207, 208, 209, 210, 211, 212, 213, 214, 215, 216",United States,"The recalled product was distributed to the following states: NY, PA, MA, NJ.",96633,"Two or more of the following: Email, Fax, Letter, Press Release, Telephone, Visit","Bonya Raspberry Yogurt Parfait, 8oz, Plastic cups with plastic inserts for granola, 6 units per case for distributors, 12 units per case for all other customers, Always Refrigerate .",17022-8515,6984 Units,Food,Undeclared Almonds,F-0769-2025,Knockroe Inc,PA,Ongoing,Voluntary: Firm initiated,2025-03-29,2025-05-21,2025-05-09,
597 Monterey Pass Rd,Monterey Park,Class I,1287-02    Expiration date: 11/4/2017,United States,Direct customers,77596,Telephone,"Nutrifuel - Paleo Nutrition Bar    Gluten Free, All Natural, 15 g protein    1.90oz. (54 g)    YouBar Inc. Monterey Park, CA.",91754-2416,"5,184",Food,Firm was notified by supplier that cashew butter used in protein bars is under recall due to the potential of Listeria monocytogenes.,F-2617-2017,YouBar,CA,Terminated,Voluntary: Firm initiated,2017-06-14,2017-07-26,2017-07-19,2017-12-05
5980 Horton St Ste 200,Emeryville,Class I,Sell by dates through 2-4-2019 on press as a precaution.  Last product produced had best by date of 1-29-18.,United States,Santa Rosa CA only,82050,Other,"Whole Foods Hipster Chipster Cookies;  9 oz. container with 6 cookies;  UPC 0247449 006990  Sold at Whole Foods, Yulupa Ave., Santa Rosa, CA",94608-2057,8 containers sold,Food,Report of anaphylactic reaction reported following the consumption of mislabeled cookies - undeclared walnuts.,F-1139-2019,Whole Foods Market,CA,Terminated,Voluntary: Firm initiated,2019-02-01,2019-03-13,2019-03-01,2019-03-15
60 Commerce Pl,Hicksville,Class II,Best Before December 2027,United States,"VA, IL, NJ, GA, MD, NY, FL, MA, OR, MO, CO, OH, PA",96187,E-Mail,"AAHU BARAH brand SOFT PLUM; NET WT. 0.5 LB; Import By: AAHU BARAH USA, INC.; Soft Plum Aloo Bukahara 1/2 LB; *May Contain Sulfites As preservatives; UPC 882475049186; packaged in clear plastic bags.",11801-5265,unknown,Food,Product contains undeclared sulfites (4.66 mg/serving).,F-0568-2025,Global Commodities Inc,NY,Ongoing,Voluntary: Firm initiated,2025-01-09,2025-02-26,2025-02-19,
600 E Crescent Ave,Upper Saddle River,Class II,1512163592 12/15/2016  1603289943 3/28/2017  1604292400 4/29/2017  1605244146 5/24/2017  1607259420 7/25/2017  1608020141 8/2/2017  1608100780 8/10/2017  1607077741 7/7/2017  1608020141 8/2/2017  1608040416 8/4/2017  1608100780 8/10/2017  1608100780 8/10/2017  1608262208 8/26/2017  1609275267 9/27/2017  1610268040 10/26/2017,United States,nationwide,76155,Letter,Ambrosia Quality Foods Brand 4/1 gallon Worcestershire Sauce Net 128 Fl. Oz.,07458-1846,5828 jugs,Food,Ambrosia brand 4/1 Gallon Worcestershire Sauce may contain undeclared peanuts.,F-1339-2017,Schreiber Food International,NJ,Terminated,Voluntary: Firm initiated,2016-12-22,2017-02-01,2017-01-24,2017-04-13
600 Southlake Blvd Ste A,North Chesterfield,Class I,125152,United States,"Product was shipped to 5 different states:  Virginia, West Virginia, Kentucky, Ohio, Tennessee.    Retailer List  The Kroger Co.  VA, WV, TN, KY, OH  Harris Teeter  VA only  Publix  VA only  Hudson News  VA only  Ukrops Catering  VA only",81226,E-Mail,"Ukrop's Cuban Style Sub,  NET WT 8.3 OZ (235g),   UPC 72251525152",23236-3956,2600 Packages,Food,The products may have come into contact with equipment used to process the country ham the supplier recalled for Listeria monocytogenes.,F-0609-2019,"Ukrop's Homestyle Foods, LLC",VA,Terminated,Voluntary: Firm initiated,2018-10-04,2018-11-21,2018-11-13,2020-06-26
601 N Lamar Blvd Ste 300,Austin,Class I,UPC 2 28719 00499 1  and  PLU #8719,United States,"Texas, Oklahoma, Arkansas, and Louisiana",68050,"Two or more of the following: Email, Fax, Letter, Press Release, Telephone, Visit","Mini Butter Croissant 6 Pack  Ingredients: Wheat Flour (unbleached enriched wheat flour, malted barley flour, niacin, Iron, thiamin mononitrate, riboflavin, ascorbic acid, folic acid), Butter, Water, Sugar, Non Fat Dry Milk, Yeast, Salt, Dough Conditioner (dextrose, wheat flour, soybean oil, ascorbic acid, natural enzymes).  CONTAINS:  MILK, WHEAT, SOY.      NET WT 9.0 oz (0.56 lb)      COUNT/PACKAGES 1 SELL-BY DATE 04/22/2014 TOTAL PRICE $4.99      Dist. by Whole Foods Market 8190 Park Lane, Dallas, TX 75231",78703-5424,251 units,Food,Undeclared egg allergen,F-0001-2015,"Whole Foods Market Brand 365, Llc",TX,Terminated,Voluntary: Firm initiated,2014-04-18,2014-10-15,2014-10-06,2015-02-02
601 N Lamar Blvd Ste 300,Austin,Class I,23143000000 TART LEMON SMALL,United States,"According to the firm the product was distributed in New Jersey, Pennsylvania, Maryland, Virginia, District of Columbia, Ohio, Kentucky.",76157,E-Mail,"Whole Foods Market, TART LEMON SMALL",78703-5424,,Food,"According to the firm, packaged crusts used in various tarts these tarts contains Almond Flour (Nuts) which is listed as an ingredient on the package, but is not listed as an ingredient on the WFM scale label.",F-1477-2017,"Whole Foods Market Brand 365, Llc",TX,Terminated,Voluntary: Firm initiated,2017-01-02,2017-02-22,2017-02-13,2017-07-05
601 Putnam Ave,Zanesville,Class II,Facility Code 601  Product Code 19  Batch Code 01  Serial Number 6011901 032924  Best By Date 03/26/20 - 03/29/24,United States,"Product is sold at local farmer's markets, 12 retail locations within Ohio, 1 distributor in Ohio, and online sales across the US.     Estimate on sales: 1,099 jars sold through websites, 800 sold through local fundraisers, 400 sold at retailers, 200 through distributor, 1,000 for samples at events, 60 jars held for retain samples/testing, 2,500 sold at craft fairs/farmer's markets.",87726,E-Mail,"Jose Madrid Salsa - Strawberry Mild Salsa   13oz glass jars, 12 jars per case",43701-5504,"6,659 jars",Food,Undeclared anchovy allergen,F-0473-2021,Michael Zakany LLC,OH,Terminated,Voluntary: Firm initiated,2021-04-14,2021-05-05,2021-04-30,2021-06-02
601 Wortman Ave,Brooklyn,Class II,"196J1-32, JUNE 30,2022",United States,NY & NJ,82996,"Two or more of the following: Email, Fax, Letter, Press Release, Telephone, Visit","National Heartland Naturals Premium Quality Pearl Barley  32 oz Plastic Bag, UPC 707966600083",11208-5442,"32 Cartons, 12 packs each carton",Food,"Product was labeled as gluten free by mistake, but the product does contain Gluten.",F-1463-2019,"Bedessee Imports, Inc",NY,Terminated,Voluntary: Firm initiated,2019-05-31,2019-06-26,2019-06-17,2020-06-26
6015 192nd St Ne,Arlington,Class II,"Best Before Dates for San Juan Salsa:  Jan 21 2025 Jan 31 2025 Feb 9 2025  Feb 18 2025  Feb 25 2025  Mar 7 2025  Mar 15 2025 Mar 25, 2025 Mar 31, 2025 Apr 4 2025  Apr 14 2025",United States,"Distributed in AK, ID, OR, and WA.",96829,"Two or more of the following: Email, Fax, Letter, Press Release, Telephone, Visit","Verde Salsa is refrigerated product, packaged in Polypropylene container, net wt. 12.5 oz, UPC 1 18738 03719. San Juan Salsa Co. Arlington, WA  98223, www.sanjuansalsa.com",98223,491/12.5 oz containers.,Food,Salsa products are recalled due to potential contamination with wood particles.,F-0820-2025,"Frobright Salsary, LLC",WA,Terminated,Voluntary: Firm initiated,2025-04-17,2025-05-28,2025-05-28,2025-05-28
6015 Unity Dr Ste B,Norcross,Class III,Lot 710581618 Exp Date 12/26,United States,"Product was shipped to the following states: AL, AR, AZ, CA, CO, CT, DE, FL, GA, GU, HI, IA, ID, IL, IN, KS, KY, LA, MA, MD, MI, MN, MO, MS, MT, NC, ND, NE, NH, NJ, NM, NV, NY, OH, OK, OR, PA, PR, RI, SC, SD, TN, TX, UT, VA, VT, WA, WI, WV & WY.",97373,Letter,"PRIMENUTRITION TAURINE MENTAL & ATHLETIC PERFORMANCE 125 SERVINGS SUPPORTS ENERGY PRODUCTION PROTEN ANTIOXIDANT PROPERTIES SUPPORTS HEALTHY BLOOD SUGAR LEVELS NET WT. 8.12OZ (250g) DIETARY SUPPLEMENT UPC 6 89466 70601 7 Manufactured by: Prime Nutrition 6015-B Unity Drive Norcross, GA 30071",30071-3575,"85,950 units total",Food,Unapproved Drug Claims and Misbranded.,H-0598-2025,Hi-Tech Pharmaceuticals Inc.,GA,Terminated,Voluntary: Firm initiated,2025-08-06,2025-09-24,2025-09-12,2026-02-19
6019 Olivas Park Dr Ste B,Ventura,Class I,Lot No. FM06070714A,United States,Online sales direct to customers,68938,E-Mail,"Boku Super Food 3.0, Product Sizes: 10 oz.",93003-7933,289 lbs,Food,Boku is recalling Super Food because it may be contaminated with Salmonella.,F-2517-2014,BoKU International,CA,Terminated,Voluntary: Firm initiated,2014-07-30,2014-10-01,2014-09-22,2015-08-06
6043 NW 167th St,Hialeah,Class II,Lot Codes 001 - 090,United States,FL and NC  Panama,68007,Visit,El Original pa' ya To Go by hot pandeyuca brand   Cheese Bread Pan de Queso Grande,33015-4326,"1,052 boxes of 14 units each",Food,"During an FDA inspection, it was discovered that the label of several products failed to declare the components ingredients of a butter flavor that included allergens FD&C Yellow #5, FD&C Yellow #6 and FD&C Red #40.",F-2016-2014,Hot Pandeyuca & Company Inc,FL,Terminated,Voluntary: Firm initiated,2014-03-21,2014-06-18,2014-06-11,2014-08-25
6065 Polaris Ave,Las Vegas,Class II,ALL,United States,NV only,69150,Letter,"Supreme Choice brand Jumbo Lump, 16 oz;  Premium Pasteurized Crab Meat.  Product of Thailand.  Distributed by Supreme  Lobster and Seafood Company, Villa Park, IL 60181",89118-3100,,Food,Potential hazard of Clostridium botulinum toxin formation as a result of temperature abuse during storage.,F-2510-2014,"Supreme Distributors, Inc.",NV,Terminated,Voluntary: Firm initiated,2014-08-30,2014-10-01,2014-09-22,2015-04-01
607 Nw Everett Mall Way Suite 9a&B,Everett,Class III,Expiration date 8/20/2022,United States,distributed in WA only.,90797,Telephone,"Alida's Samoon Pita Bread, 4 pieces per package, net wt. 21 oz.  UPC 8 60004 65933 4.  Product contains ingredients: While Flour, Water, Wheat Gluten, Yeast, Sorbitan monostearate, ascorbic acid, Salt, Canola Oil. CONTAINS: Wheat, Gluten.",98028,19 bags,Food,Undeclared soy lecithin. The canola oil used to grease pans was found to contain soy lecithin.,F-1790-2022,Alida's Bakery LLC,WA,Terminated,Voluntary: Firm initiated,2022-08-16,2022-10-05,2022-09-23,2022-10-06
608 S Beverly Ave,Addison,Class III,Lot 031921 010201,United States,Sold nationwide through breadsfromanna.com,82563,E-Mail,"Breads from Anna  Dairy & Corn Free Bread Mix  19oz, carton",60101-4803,114 units (135 lbs.),Food,Undeclared flaxseed. Flaxseed was used in the products but is not listed on the product labels.,F-1293-2019,"Wholesome Treats, Inc.",IL,Terminated,Voluntary: Firm initiated,2019-03-31,2019-04-24,2019-04-17,2020-11-24
6080 Mcdonough Dr Ste A/B/C/D/F/G,Norcross,Class I,LOT #2007073 EXP DATE 07/2022,United States,"Product was shipped to the following states: AL, AR, AZ, CA, CO, CT, FL, GA, ID, IL, IN, KY, LA, MD, MN, NC, NJ, NV, NY, OH, OR, SC, TN, TX, VA & WA.",89000,Press Release,OTAK Innovations OTAK:AM Capsules 90ct Bottle UPC CODE 4 08012 0204,30093,"80,169 various bottles and jars",Food,During an FDA investigation the firm was notified that the product contains undeclared milk.,F-0474-2022,NutraCap Labs LLC,GA,Terminated,Voluntary: Firm initiated,2021-11-09,2022-01-19,2022-01-11,2024-05-21
6080 Mcdonough Dr Ste A/B/C/D/F/G,Norcross,Class I,LOT #2009073 EXP DATE 09/2022 LOT #2105233 EXP DATE 05/2023,United States,"Product was shipped to the following states: AL, AR, AZ, CA, CO, CT, FL, GA, ID, IL, IN, KY, LA, MD, MN, NC, NJ, NV, NY, OH, OR, SC, TN, TX, VA & WA.",89000,Press Release,BlakeFit Everyday All-in-one Lime Watermelon 44oz Jar UPC CODE X002J9E9KD 323359000058,30093,"80,169 various bottles and jars",Food,During an FDA investigation the firm was notified that the product contains undeclared milk.,F-0419-2022,NutraCap Labs LLC,GA,Terminated,Voluntary: Firm initiated,2021-11-09,2022-01-19,2022-01-11,2024-05-21
6085 Claude Way,Inver Grove Heights,Class II,"Lot Code:   X5942772, X5948023, X5953275, X5959340, X5964729, X5969951, X5976102, X5981660, X5986905, X5993058, X5998376.         Use by Dates:   7/9-8/1/2022",United States,"IA, MI, MN, ND, SD, WI",90694,"Two or more of the following: Email, Fax, Letter, Press Release, Telephone, Visit","Dragon Fruit Mix.   Contains:  Mango, Dragon Fruit, Pineapple, Clementines, Blueberries.   Keep Refrigerated.   Item 89348.  Net Wt. 16 oz.  Kowalski's Markets.",55076-4432,"87,915 units total",Food,Various vegetable and fruit products are recalled due to inadequate sanitizer in wash water.,F-1784-2022,"Russ Davis Wholesale, LLC",MN,Terminated,Voluntary: Firm initiated,2022-07-29,2022-09-28,2022-09-22,2022-09-23
6130 Avalon Blvd # 123,Los Angeles,Class II,"1000, 1001, 1003, 1004, 1005, 1006, 1007, 1008, 1009,  1010, 1011, 1012, 1013, 1014",United States,"Nationwide and Canada, Australia, France, Great Britain and Mexico",83534,E-Mail,"Keto Farms Keto Snack Mix - Tomato Pepperjack    Fruit & Cheese Mix with Sprouted Pecans & Walnuts;  Net Wt. 95 g (3.34 oz.    Ingredients: Monterey Jack Cheese with Jalapeno Peppers, (Pasteurized Milk, Jalapeno Peppers, Cheese Culture, Salt, Enzymes), Sprouted Organic Walnuts, Sprouted Transitional Almonds, Grape Tomatoes, MCT Oil, Cold Water Sea Salt.    Contains: Dairy (milk), Tree Nuts    Made in USA:    Distributed by: Keto Farms, Venice, CA 90291",90003-1633,"2,762 sellable units - total all varieties",Food,"California Department of Public Health Inspection found that the allergen, coconut, was not declared on the label",F-2058-2019,Keto Farms LLC,CA,Terminated,Voluntary: Firm initiated,2019-08-08,2019-08-28,2019-08-16,2019-11-21
619 S Nevada St,Seattle,Class II,sell by date 03/15/18.,United States,distributed in WA,79497,"Two or more of the following: Email, Fax, Letter, Press Release, Telephone, Visit","Gourmet Cream Cheese Cinnamon Rolls, packaged in a 16 oz. plastic clam shell container and sold under the Schwartz Brothers Bakery brand. The product UPC is 7 17887 65082 1.    The product is read in parts: ""***GOURMET CREAM CHEESE CINNAMON ROLLS***NET WT. 16 OZ***Produced By Schwartz Brothers Bakery Seattle, WA 98108***Contains Milk, Wheat, Soy.  May Contain Egg, Peanuts, Tree Nuts***"".",98108-1713,106 units,Food,Gourmet Cream Cheese Cinnamon Roll is recalled due to undeclared egg.,F-0984-2018,Schwartz Brothers Restaurants dba Schwartz Brothers Bakery,WA,Terminated,Voluntary: Firm initiated,2018-03-11,2018-04-04,2018-03-30,2018-04-12
62 6th St N,Nampa,Class I,Recalled product has any of the following LOT Numbers:    RVS1380182301;  RVB1380182201;  GVH1380171512;  MD13120181601.,United States,Nationwide through internet sales,79836,Press Release,"Mitragyna Speciosa Leaf Powder-GREEN Horn, sold under the brand name Herbal-Salvation.com.  The powder is packaged in kraft paper, foil-lined heat sealed pouches and sold in 25g, 100g, 250g, and 1000g.      The product label is read in parts: ""***herbal-salvation***Mitragyna Speciosa Leaf Powder Green Horn***Origin: Indonesia***Disclaimer: This product is sold as a bulk botanical without directions or claims.  Keep away from children***2204 Cortland Place, Nampa, ID 83678***WWW.HERBAL-SALVATION.COM***"".",83687-3485,350 packages,Food,Mitragyna Speciosa Leaf Powder Green Horn Kratom product is  being recalled because they have the potential to be contaminated with Salmonella,F-1477-2018,"Viable Solutions, LLC",ID,Terminated,Voluntary: Firm initiated,2018-04-18,2018-05-09,2018-05-18,2018-11-16
620 Main St N,Navarre,Class II,"Batch Numbers: 041423A, 041423B, 041423C, 040523A, 040523B, 040523C, 032623A, 032723A, 032723B, 022523C, 022223C, 021523C, 020923A, 020823C, 011423C, 011423B, 011423A, 011323A, 011323B, 011323C Product Number 7234300021",United States,"FL, GA, MI, NY, NC, OH, PA, TN, WI",87948,E-Mail,Mideo's Marinara Glass 32oz jars - 6 jars per case,44662-8556,"159,942 jars",Food,Potassium mg per serving on label is incorrect.,F-0661-2021,RC Industries Inc.,OH,Terminated,Voluntary: Firm initiated,2021-05-11,2021-06-16,2021-06-08,2021-11-08
6202 Portal Way,Ferndale,Class I,#450 Made on 5/27/2025 - Batch Code 250527B Sell by 2/21/2026 #452 Made on 6/10/2025 - Batch Code 250610B Sell by 3/7/2026 #454 Made on 6/18/2025 - Batch Code 250618B Sell by 3/15/2026 #455 Made on 6/24/2025 - Batch Code 250624B Sell by 3/21/2026 #456 Made on 7/01/2025 - Batch Code 250701B Sell by 3/28/2026 #459 Made on 7/22/2025 - Batch Code 250722B Sell by 4/18/2026   Letter B indicates product is Whatcom Blue.,United States,Distributed in OR and WA,97880,E-Mail,"Twin Sisters Creamery Whatcom Blue cheese, 2.5lb. round cheese wheel, made with raw milk and aged at minimum of 60 days. Ingredients: cultured raw cow's milk, salt, enzymes, penicillium roqueforti. Made in Ferndale, WA. www.twinsisterscreamery.com.",98248-9362,3438.20 lbs.,Food,Raw milk Whatcom Blue cheese is recalled due to E. coli O103:H2.,H-0193-2026,"Twin Sisters Creamery, LLC",WA,Terminated,Voluntary: Firm initiated,2025-10-24,2025-11-26,2025-11-19,2026-06-16
6235 Schaefer Rd,Dearborn,Class II,Sell by 7/15/2025,United States,MI,97156,Telephone,"C Sweet Maamoul with Dates 8 oz., UPC 852664042694",48126-2210,40 units,Food,Undeclared soy and wheat,H-0254-2025,C SWEET PASTRY LLC,MI,Terminated,Voluntary: Firm initiated,2025-06-25,2025-07-16,2025-07-10,2025-08-12
6235 Schaefer Rd,Dearborn,Class II,Sell by 7/15/2025,United States,MI,97156,Telephone,"C Sweet Sweet Kaak 12 oz.,  UPC 721782348912",48126-2210,20 units,Food,Undeclared wheat,H-0255-2025,C SWEET PASTRY LLC,MI,Terminated,Voluntary: Firm initiated,2025-06-25,2025-07-16,2025-07-10,2025-08-12
625 2nd St,St Paul Park,Class I,"Product distributed  January 1, 2015 to January 14, 2015.",United States,WI & MN,70295,Visit,"Twix Bismark. This is not a packaged item. Twix Bismarcks are produced daily to be sold in bakery display cases at certain SA, BP, Circle K and Marathon Stores.",55071-1807,6247,Food,Northern Tier Bakery LLC dba Supermom's Bakery is recalling Twix Bismarcks because the Twix Chopped Topping might contain undeclared peanuts.,F-1194-2015,Northern Tier Bakery (dba\ Super Mom's),MN,Terminated,Voluntary: Firm initiated,2015-01-15,2015-02-18,2015-02-11,2015-03-26
625 2nd St,St Paul Park,Class II,Enjoy Through 8/19,United States,Wisconsin and Minnesota.,75200,E-Mail,"Supermoms Kitchen Roast Beef & Cheddar Melt, Net Wt. 3.7 oz (105g).  Keep Refrigerated.  UPC 63913-94236",55071-1807,"1,016 units",Food,"One lot of Super moms Roast Beef & Cheddar Melt was mislabeled and did not declare monosodium glutamate, yellow 5, and yellow 6.",F-0069-2017,Northern Tier Bakery,MN,Terminated,Voluntary: Firm initiated,2016-08-14,2016-10-19,2016-10-07,2019-08-22
6255 Far Hills Ave,Dayton,Class I,BEST BY 2/20/2018 & 2/21/2018,United States,"Product was shipped to the following states: MN, NY, OH, PA & WI.",76929,"Two or more of the following: Email, Fax, Letter, Press Release, Telephone, Visit","ORIGINAL KB KILLER BROWNIE¿ 3x35 CT NET WT 36 LBS (16.33 kg) CONTAINS: Milk, Nuts: Pecans, Soy, Wheat UPC 10858061005031. Item #48-2016",45459-1937,50 cs/3x35 CT slabs,Food,The firm was notified by a customer that they received product that was mislabeled due to undeclared peanuts.,F-2175-2017,Killer Brownie Distributing LLC,OH,Terminated,Voluntary: Firm initiated,2017-04-01,2017-05-10,2017-05-03,2018-05-24
62969 US Highway 50,Mc Arthur,Class II,All codes,United States,"Product was shipped to the following states: OH, FL, WV",71962,E-Mail,"Keim's Garden Harvest pickled zesty mustard eggs Ingredients: eggs, water, vinegar, sugar, salt***yellow #5, red #40*** Manufactured by: Keim's Garden Harvest (937) 515.4518 2232 Honeysuckle Lane Wellston OH 45692 1 PT (17 oz 502 ML) UPC 6 09788 83464 9, 32 oz 6 09788 83459 5",45651-8410,44 cases,Food,The firm was manufacturing acidified foods without a license.,F-0490-2016,Garden Harvest,OH,Terminated,Voluntary: Firm initiated,2015-08-12,2016-01-20,2016-01-14,2019-02-26
631 Water St,Port Townsend,Class I,Some containers may have a production date hand written on a white label. Some quart containers are stamped on the bottom with the julian date.,United States,"All product was distributed in the local Port Townsend, Washington area.",70354,"Two or more of the following: Email, Fax, Letter, Press Release, Telephone, Visit",Mango Italian Ice Product can be packaged in 2.5 gallon or 1.5 gallon plastic tubs or cardboard quart container.  Firm is unable to determine how batches were packaged.,98368-5726,45 batches,Food,Elevated brand ice cream products are being recalled due to the potential to be contaminated with Listeria monocytogenes.  These products contain ice cream mix produced and recalled by Snoqualmie Gourmet Ice Cream,F-1261-2015,Elevated Ice Cream Company,WA,Terminated,Voluntary: Firm initiated,2014-12-23,2015-03-04,2015-02-20,2015-02-23
631 Water St,Port Townsend,Class I,Some containers may have a production date hand written on a white label. Some quart containers are stamped on the bottom with the julian date.,United States,"All product was distributed in the local Port Townsend, Washington area.",70354,"Two or more of the following: Email, Fax, Letter, Press Release, Telephone, Visit",Peppermint Candy Ice Cream.  Product can be packaged in 2.5 gallon or 1.5 gallon plastic tubs or cardboard quart container.  Firm is unable to determine how batches were packaged.,98368-5726,13 batches,Food,Elevated brand ice cream products are being recalled due to the potential to be contaminated with Listeria monocytogenes.  These products contain ice cream mix produced and recalled by Snoqualmie Gourmet Ice Cream,F-1270-2015,Elevated Ice Cream Company,WA,Terminated,Voluntary: Firm initiated,2014-12-23,2015-03-04,2015-02-20,2015-02-23
6325 Gunpark Dr,Boulder,Class I,0L30112B  Best By: 7/30/2021 or 7/31/2021,United States,Nationwide.,87572,"Two or more of the following: Email, Fax, Letter, Press Release, Telephone, Visit","Bobo's Maple Pecan Oat Bars, 3 oz., UPC 8 2926200021 0, Best By 7/30/21 or 7/31/21.",80301-3592,438 master cases (containing 4 sleeves of 12 bars each),Food,Two consumer complaints were received for peanuts in maple pecan bars.,F-0383-2021,Simply Delicious Inc.,CO,Terminated,Voluntary: Firm initiated,2021-03-22,2021-04-14,2021-04-02,2021-11-08
6325 Gunpark Dr,Boulder,Class II,Lot Number: MR0203 Best Buy: 11/02/2016,United States,"Nationwide CA, CO, ID, MD, MN, OR, TN, TX, and WA.  No foreign or military/govt/VA consignees.",74069,"Two or more of the following: Email, Fax, Letter, Press Release, Telephone, Visit","Bobo's Oat Bars, Gluten Free, Lemon Poppyseed, Net Weight 3 oz (85g), packaged in clear plastic, 12 bars per sleeve, also sold as individual units. Manufactured by Simply Delicious, Inc.",80301-3592,142 Cases,Food,Simply Delicious is recalling Lemon Poppyseed bars because they were mispackaged with Coconut bars.,F-1403-2016,Simply Delicious Inc.,CO,Terminated,Voluntary: Firm initiated,2016-05-05,2016-06-01,2016-05-26,2016-09-19
6350 Gunpark Dr,Boulder,Class II,"UPC: 048143300106  Lot numbers: 125130, 125133, 20240509-6, 20240509-7, 20240514-6, 20240524-2, 20240607-2, 20240711-2, 20240719-2, 20240723-2, 20240807-2, 20240808-2, and 20240816-2   Still on site  Best By Dates: 12APR27, 09MAY276, 09MAY277, 14MAY276, 24MAY272, 07JUN272, 11JUL272, 19JUL272, 23JUL272, 07AUG272",United States,"Nationwide: Alabama, California, Colorado, Delaware, Florida, Georgia, Hawaii, Illinois, Indiana, Kansas, Maryland, Massachusetts, Michigan, Minnesota, Missouri, Nevada, New Jersey, New York, North Carolina, Ohio, Oklahoma, Pennsylvania, Tennessee, Texas, Vermont, Virginia, Washington, Wisconsin, Washington DC",95255,"Two or more of the following: Email, Fax, Letter, Press Release, Telephone, Visit","American Outdoor Products - Astronaut Strawberries, packaged in 0.5oz (14g) metallic plastic pouches. Sold individually or in 6, 12, 40, or 160 count cases. One unit is also included in the Outerspace Survival Dessert Kit. Shelf stable.",80301-3588,"14,235 units",Food,Elevated levels of lead,F-1807-2024,"American Outdoor Products, Inc.",CO,Terminated,Voluntary: Firm initiated,2024-08-22,2024-09-18,2024-09-12,2025-01-17
636 E 15th Ave Unit C,Anchorage,Class II,No lot codes.  The date of production is marked on the side of the plastic container.,United States,distributed in AK only.,77356,Visit,"Ravioli  Orso. Product is made refrigerated.    Product is packaged in plastic containers. The plastic containers are marked on the side of the container with the customer name (middle top), date of production (bottom left), and weight of product in lbs (bottom right). Some containers have Alaska Pasta written on them.     Product is not packaged for retail and weights vary depending on orders.",99501,120.69 lbs.,Food,"Undeclared soy lecithin. The firm used Canola oil cooking spray, which contains soy lecithin, in the manufacture of product but soy or soy lecithin is not declared on finished product label.",F-2351-2017,Alaska Pasta Company,AK,Terminated,Voluntary: Firm initiated,2017-05-22,2017-06-14,2017-06-07,2017-10-19
6372 NE Rosebay Drive,Hillsboro,Class II,"Best By: MAY 28, 2014",United States,Bread was distributed to 16 retail makets in Oregon and 1 retail market in Washington.,68359,Telephone,KrustaVita¿ Bread of Life brand Sourdough Dark Rye Bread; Net Weight 20 oz (1.25 lb); packed in a clear plastic bag.  UPC: 8 5243000200 6.,97124,128 loaves,Food,Royal Rye LLC is recalling their KrustaVita¿ Bread of Life rye bread due to undeclared soy.,F-1984-2014,Royal Rye LLC,OR,Terminated,Voluntary: Firm initiated,2014-05-20,2014-06-11,2014-05-30,2014-06-02
6400 Rosewood St,Lake Oswego,Class II,"LOT numbers:  52640015,  53855003,  53855004.",United States,distributed worldwide,66879,E-Mail,"Phenol Assist, Kirkman brand, Item # 0835-090",97035-5392,1774 bottles (1313 bottles in the US and 461 outside of the US),Food,Firm is recalling dietary supplements containing a raw material which may contain >0.3 ppb chloramphenicol,F-1352-2014,Kirkman Group Inc.,OR,Terminated,Voluntary: Firm initiated,2013-11-15,2014-01-08,2014-01-02,2014-04-02
6411 N Western Ave,Chicago,Class II,Company does not use a coding system to trace finished products.,United States,"US: Nationwide: (WI, IN, and IL)",71097,Telephone,New Punjab Kaju (Kajoo) Fry is the Indian translation for Toasted Fried Cashews. Product is packaged in clear plastic container with a clear plastic lid. Container sizes are 1lb. and 0.5lbs.,60645-5421,,Food,This voluntary recall is being initiated because the following Indian snack may contain undeclared cashew nuts:  Kaju Fry,F-2424-2015,New Punjab Sweets Inc.,IL,Terminated,Voluntary: Firm initiated,2015-04-09,2015-07-15,2015-07-08,2017-08-21
6451 N Federal Hwy 101,Ft Lauderdale,Class I,,United States,Products were sold directly to the consumers though our Whole Foods Market Retail stores in the state of Florida.,62734,Other,"Gills Onions were used in this product.     The Tuna With Sun-Dried Cranberries & Lemon  is sold at the chef's case, self serve counter, or packaged.    Packaged product is labeled as listed below:    ""***WHOLE FOODS MARKET***TUNA WITH SUN-DRIED CRANBERRIES AND LEMON*** TUNA ( TUNA, WATER, VEGETABLE BROTH (CARROTS & PEAS), SALT), ONIONS....***""",33308,unknown,Food,"Whole Foods Market in Florida recalled certain fresh food items sold in the prepared foods department and one item in the seafood department as they could of been made using raw yellow onions processed by Gill Onions, LLC. Gill Onions, LLC initiated a recall on their product due to possible Listeria monocytogenes contamination.",F-2166-2012,Ron Stockman Whole Foods,FL,Terminated,Voluntary: Firm initiated,2012-07-27,2012-09-19,2012-09-07,2012-09-19
646 S Flores St,San Antonio,Class I,9/30/2020 and 10/1/2020,United States,Retail stores throughout Texas,85892,"Two or more of the following: Email, Fax, Letter, Press Release, Telephone, Visit",Hill Country Fare Citrus Punch Drink 1 GAL CONT. NET. 3.78L Contains 0% Juice UPC 4122081863,78204-1219,"29,132 bottles",Food,Potential to contain undeclared milk,F-1008-2020,He Butt,TX,Terminated,Voluntary: Firm initiated,2020-06-16,2020-07-08,2020-07-01,2020-08-04
646 S Flores St,San Antonio,Class II,UPC 4122083895; Best if used by: 11/28/2018,United States,Texas and Mexico,80210,"Two or more of the following: Email, Fax, Letter, Press Release, Telephone, Visit",HEB Creamy Creations No Sugar Added Orange Sherbet quart,78204,"12,906 units",Food,May contain broken metal pieces,F-1560-2018,H-E-B GROCERY COMPANY LP DBA HEB,TX,Terminated,Voluntary: Firm initiated,2018-05-30,2018-06-20,2018-06-13,2018-09-04
646 S Flores St,San Antonio,Class II,UPC 4122083897; Best if used by: 12/10/2018 through 12/11/2018,United States,Texas and Mexico,80210,"Two or more of the following: Email, Fax, Letter, Press Release, Telephone, Visit",HEB Creamy Creations Orange & Cream Swirl Sherbet quart,78204,"58,758 units",Food,May contain broken metal pieces,F-1562-2018,H-E-B GROCERY COMPANY LP DBA HEB,TX,Terminated,Voluntary: Firm initiated,2018-05-30,2018-06-20,2018-06-13,2018-09-04
650 N Armstrong Pl,Boise,Class II,Best By Code DEC/9/21.  Lot 4344905    Lot code breakdown as follows:    4 = IQF FACILITY  344 = JULIAN DATE (DECEMBER 10)  9 = YEAR 2019   05 = LINE # 5,United States,"Product was distributed in Arizona, California, Idaho, Montana, Nevada, Oklahoma, Oregon, Washington, Texas, and Utah.",85219,Press Release,"WinCo Foods frozen Berry Medley (Strawberries, Blackberries, Raspberries and Blueberries), item# 107412, packaged in polyethylene bags. Product is distributed by WinCo Foods, LLC, Boise, ID 83704.    Net weight 16 oz (1 lb or 454 g).  UPC 70552 30522.  Net weight  32 oz (2 lb or 907 g). UPC 70552 30512.    The label is read in parts: ""***WinCo FOODS*** Berry Medley***strawberries, blackberries, raspberries $ blueberries***KEEP FROZEN***"".",83704-0825,"21,264 bags of Berry Medley.",Food,The product was found to be adulterated with Norovirus.,F-0857-2020,Winco Foods Llc,ID,Terminated,Voluntary: Firm initiated,2020-03-13,2020-04-01,2020-03-25,2020-05-20
6532 Judge Adams Rd,Whitsett,Class I,"Lot Numbers: 10276101, 10279101, 10283101, 10278101, 10280101, 10282101, 10285101; UPC: 7-17524-77501-6 and 7-17524-77512-2",United States,"US distribution in retail stores in the states: NC, SC, and VA",72422,Press Release,Fresco Fresh Banana Strawberry Yogurt Parfait Net Wt. 6.5 oz. packaged in clear plastic tub.,27377-9630,544 units,Food,May contain undeclared almonds.,F-0220-2016,Del Monte Fresh Produce N.A.,NC,Terminated,Voluntary: Firm initiated,2015-10-14,2015-11-25,2015-11-18,2016-11-16
655 Commerce Parkway East Dr,Greenwood,Class I,Expiration date 2013-12-11,United States,"Customers are retail locations in 6 states: Illinois, Indiana, Kentucky, Michigan, Missouri, and Ohio.",64184,Other,"Kinnikinnick Pie Crust (frozen), Weight: 290 g/10 oz, Qty/Pkg: 2, Product packaged in a cardboard box with printed label. UPC: 62013300600 9",46143-7537,28 cases/6 packages per case,Food,"Kinnikinnick Foods, Inc. in Edmonton, Alberta Canada indicated that United Natural Foods Inc. distributors received pie crusts in association with their expanded recall/allergy alert issued 01/17/13.",F-0960-2013,"United Natural Foods, Inc. - Greenwood",IN,Terminated,Voluntary: Firm initiated,2013-01-17,2013-02-06,2013-01-31,2013-09-30
6575 Township Road 351,Millersburg,Class I,All purchased 9/1/16  2/15/17,United States,"Producct was shipped to the following states: AR, FL, GA, IA, IN, KS, KY, MD, MN, MO, NC, NE, NY, OH, PA, SC, TN, VA, VT, WI & WV.",76505,Letter,Holiday Crowd Pleaser Basket Containing packages Guggisberg Marble Cheese.,44654-9055,2 Baskets,Food,The firm was notified by their supplier that various cheese products they received were contaminated by Listeria monocytogenes.,F-1974-2017,Dutch Valley Food Distributors,OH,Terminated,Voluntary: Firm initiated,2017-02-16,2017-04-26,2017-04-16,2018-02-15
6597 CR 625,Millersburg,Class I,Product Code 15359 BEST IF USED BY 05/2017,United States,"Prodeuct was shipped to the following states: AL, AR, FL, GA, IL, IN, KS, LA, MD, MI, MN, MO, MS, MT, NC, NJ, OH, OK, PA, SC, TN, TX, UT, VA, WI & WV.",74244,Telephone,"BACKROAD COUNTRY CRANBERRY NUT DELIGHT MIX, Net Wt. 9 oz (256g)   Product Code 15359 BEST IF USED BY 05/2017",44654-9274,31 cs/12/9 oz bags,Food,The product has been recalled because it has the potential to be contaminated with Listeria monocytogenes.,F-0705-2017,Troyer Cheese Inc,OH,Terminated,Voluntary: Firm initiated,2016-05-23,2016-12-21,2016-12-14,2017-03-30
6601 Lyons Rd Ste L6 And L7,Coconut Creek,Class II,Lot 8180141  Exp: 7/20,United States,US Domestic Consignees only.,81988,"Two or more of the following: Email, Fax, Letter, Press Release, Telephone, Visit","CTFO Pain Relief Oral Spray with pure CBD Hemp Oil isolate Dietary Supplement, 1oz/30ml.",33073-3639,840 units,Food,"Recalling firm's consignee conducted third party micro testing showing microbial contamination in specific lots of the following products: CTFO Sleep Support Oral Spray (Aspergillus), CTFO Pain Relief Oral Spray (total aerobic bacteria), and CTFO Weight Loss Oral Spray (Enterobacteriaceae).",F-1046-2019,"Nutrafuels, Inc.",FL,Terminated,Voluntary: Firm initiated,2019-01-11,2019-02-27,2019-02-20,2019-09-16
6717 S Alameda St,Los Angeles,Class II,All lots,United States,U.S.,74073,Letter,"TAI PEI SHRIMP FRIED RICE, 8/12 oz. pails, Product # 7007700806",90001-2123,"1,915,263 cases Total",Food,Ajinomoto Windsor is recalling various Not-Ready-To Eat frozen food items due to the potential for these products to be contaminated with Listeria monocytogenes.,F-2365-2016,"Ajinomoto Windsor Inc., Golden Tiger Plant",CA,Terminated,Voluntary: Firm initiated,2016-05-06,2016-09-28,2016-09-22,2016-09-23
6737 E Coralite St,Long Beach,Class I,"DN-10001-KG LOT#1200-009;  Expiration dates between May 01, 2021 thru June 11, 2022.",United States,US distribution only from firms website,88119,Press Release,"Designed by Nature Cow's Milk Formula:  12 oz. plastic pouch.    Easy to Digest, Nutritionally Alive, Developed for All Life Stages.  For the Little Ones in Your Life.    UPC: 0 19962 28421 2",90808-4121,Cows Milk Formula 171.47 kg,Food,"Products are deficient in multiple nutrients required for infant formula, and the firms contract manufacturer does not test for Cronobacter, a pathogen that can be particularly dangerous to infants and is sometimes found in powdered infant formulas.",F-0763-2021,Designed by Nature LLC,CA,Terminated,Voluntary: Firm initiated,2021-06-14,2021-06-30,2021-07-06,2021-07-16
675 E Santa Clara St Unit 2087,Ventura,Class I,"Best By: March 17th 2017, March 18th 2017, March 19th 2017, March 20th 2017",United States,"U.S. distribution to the following; CA, NY.    No foreign distribution.",76035,Press Release,foxy's california pistachio  1 Pint,93002-7115,400 cases (total),Food,Potential Listeria monocytogenes contamination.,F-1540-2017,"Altijira Murray Products, LLC",CA,Terminated,Voluntary: Firm initiated,2016-12-20,2017-03-08,2017-02-24,2017-03-30
6805 W State Route 73,Wilmington,Class I,Item #02016 LOT# 022916-137 EXP DATE: 11/2016,United States,"Product was shipped to the following states: IN, KY & OH.",74371,Letter,"Windy Acres FRUITY TRAIL MIX Roasted Peanuts, Pineapple, Papaya, Raisins & Almonds 7 OZ (198 G) UPC 0 82987 02016 5 WILMINGTON, OH 45177 1-937-382-8057",45177-8949,79 cs/12/7 oz bags,Food,The firm was notified by their supplier that the Sunflower kernels they received may be contaminated with Listeria monocytogenes.,F-1856-2016,"Windy Acres Candy & Nut, Outlet Inc.",OH,Terminated,Voluntary: Firm initiated,2016-05-24,2016-08-10,2016-08-01,2016-12-06
6C Terminal Way,Avenel,Class II,Lot# 081817,United States,Nationwide and Foreign,70409,"Two or more of the following: Email, Fax, Letter, Press Release, Telephone, Visit","Better Valu Chicken Seasoning Net. Wt. 5.25 oz (149 g)  Distributed by: Federated Group, Inc. 3025 W. Salt Creek Lane Arlington Heights, IL 6005 www.better-valu.com  UPC 079807003794",07001-2228,31 cases,Food,Spiceco is recalling Pride of Szeged Sweet Hungarian Paprika  because it may contain undeclared peanut protein. Spiceco expanded their recall to include additional products that contain the implicated paprika.,F-2168-2015,"Spiceco, Inc.",NJ,Terminated,Voluntary: Firm initiated,2015-01-29,2015-05-13,2015-05-04,2018-12-21
7 Corporate Dr,Keene,Class II,Unit UPCs: 2558311087 2548400701 3803161180 3803140650 5980600329 2548400703 3803141215 3803141217 5980600302 5980600325 4345410065 2548400010 2548400735 3803161216 2548400657 4345410062 4345410020 8826744936 4345410104 5107000610 4345410012 2548400012 2558300602 4345410015 4345410018 2558366873,United States,"NY, NJ, CT",92757,"Two or more of the following: Email, Fax, Letter, Press Release, Telephone, Visit",The following items sold at Stop & Shop stores located in the New York Metro Region:  Tofurky Holiday Ham Roast Nasoya Tofu X-Firm Twin Pack Field Roast Apple Vegan Sausage Field Roast Veggie Burger Lightlife Jackfruit Nasoya Thai Basil Dumpling Field Roast Italian Sausage Field Roast Apple Sausage BBQ Jackfruit Tex Mex Jackfruit Lightlife Sausage Chorizo  Nasoya Organic Tofu Firm Nasoya Zesty Mex Skillet Field Roast Chipotle Sausage Nasoya Super Firm Sprouted Tofu Lightlife Smart Sausage Italian Lightlife Smart Slice Turkey Nasoya Extra Firm Tofu Lightlife Smart Bacon Upton's Naturals Jackfruit Thai Curry Smart Dogs Plant Based Hot Dogs Nasoya Organic Super Firm Tofu Tofurky Italian Sausage Lightlife Smart Ground Crumbles Lightlife Smart Ground Mexican Crumbles Tofurky Oven Roasted Deli Slices,03431-5042,"29,469 cases of various products, styles of pack, case sizes and counts",Food,Perishable products were not held at an appropriate temperature.,F-1464-2023,C & S Wholesale Grocers Inc.,NH,Terminated,Voluntary: Firm initiated,2023-07-19,2023-09-06,2023-08-25,2023-09-27
700 Tulip Dr,Gastonia,Class I,"Item #79203, Lot #22YAW1A1235 (Diced Yellow Onions)",United States,NC and SC,63222,"Two or more of the following: Email, Fax, Letter, Press Release, Telephone, Visit","Harris Teeter, Stuffed Tilapia 8ct (Fresh)",28052-1893,234 lbs (8ct/lb),Food,Products were manufactured with diced onions that were recalled due to Listeria monocytogenes contamination.,F-0046-2013,3fish Inc.,NC,Terminated,Voluntary: Firm initiated,2012-09-07,2012-10-17,2012-10-09,2014-02-11
705 Meadow St,Chicopee,Class I,"Production Dates: Dec 27, Dec 29, Dec 30, Jan 1  Rachael s code: 81190701592 and Big Y code: 01889490543",United States,MA,84751,"Two or more of the following: Email, Fax, Letter, Press Release, Telephone, Visit","Rachael's brand and Big Y brand Protein Snack Packs; containing one hard boiled egg, diced roasted turkey, and roasted almonds; packaged in 6x6 plastic containers, Net. wt. 4.25 oz.",01013-4820,87 protein packs,Food,Product may be contaminated with Listeria monocytogenes.,F-0597-2020,Rachael's Food Corporation,MA,Terminated,Voluntary: Firm initiated,2019-12-31,2020-02-12,2020-02-04,2020-03-25
705 Vesta St,Inglewood,Class II,"Product manufactured from July 1, 2021 to 9-30-21.",United States,Nationwide distribution,88824,Press Release,"Chocolate & the Chip  Boozy Banana Walnut:  Cookies: 4 oz / 114 grams per pack. Cookies are packaged in uniform pairs in a food grade clear resealable bag and label  Corrected Ingredients: Not provided    Labels found during the inspection had undeclared wheat, milk, soy sulfites. Firm had listed ingredients on packaging but what was missing were the sub ingredients and allergen containment.",90302-3316,3000 units (total),Food,Inspection by the California Department of Public Health found undeclared allergens in numerous bakery products.,F-0043-2022,Chocolate and the Chip,CA,Terminated,Voluntary: Firm initiated,2021-10-05,2021-10-27,2021-10-20,2021-11-30
705 Vesta St,Inglewood,Class II,"Product manufactured from July 1, 2021 to 9-30-21.",United States,Nationwide distribution,88824,Press Release,"Chocolate & the Chip  Peanutbutter Spice Cookies: 4 oz / 114 grams per pack. Cookies are packaged in uniform pairs in a food grade clear resealable bag and label  Corrected Ingredients:  Ingredients: All purpose flour (bleached wheat flour, malted barley flour, niacin, reduced iron, ascorbic acid, thiamin mononitrate, riboflavin, folic acid, ascorbic acid) unsalted butter (pasteurized cream, natural flavorings), eggs, semi sweet chocolate chips (sugar, chocolate, cocoa butter, milkfat, soy lecithin, natural flavors), light brown sugar, white granulated sugar, peanut butter (Roasted peanuts 91.5% Dextrose - 6% Hydrogenated vegetable oil (rapeseed, cottonseed, soybean) - 2% Salt - .5%), cinnamon chips (Sugar, partially hydrogenated palm kernel oil, cocoa powder, natural and imitation cinnamon flavor, salt, soy lecithin, and vanillin, pure vanilla extract (vanilla bean extractives in water and alcohol), Himalayan salt, baking soda (sodium bicarbonate), instant decaf coffee (decaffeinated instant coffee, caramelized sugar), cinnamon, salt flakes. Contains: wheat, milk, eggs, soy, tree nuts (peanuts)   Labels found during the inspection had undeclared wheat, milk, soy. Firm had listed ingredients on packaging but what was missing were the sub ingredients and allergen containment.",90302-3316,3000 units (total),Food,Inspection by the California Department of Public Health found undeclared allergens in numerous bakery products.,F-0037-2022,Chocolate and the Chip,CA,Terminated,Voluntary: Firm initiated,2021-10-05,2021-10-27,2021-10-20,2021-11-30
7078 Shady Oak Rd,Eden Prairie,Class I,1.  Lot / Best By:  FED308962 / 03/30/2025   2.  Lot / Best By:  FED308862 / 03/29/2025   3.  Lot / Best By:  FED308861 / 03/29/2025,United States,nationwide,92573,"Two or more of the following: Email, Fax, Letter, Press Release, Telephone, Visit","Cherries packaged under the following brands and sizes:   1.  Great Value Dark Sweet Cherries, Pitted.  Net Wt 16 oz (1 lb) 454g, UPC 	0 78742-11209 1.  Keep Frozen.  Distributed by:  Walmart Inc., Bentonville, AR  72716   2.  Good & Gather Dark Sweet Whole Pitted Cherries.  Net Wt 12 oz (340 g), UPC 0 85239-04816 0.  Keep Frozen.  Distributed By  Target Corporation Minneapolis, MN  55403   3.  Best Choice Superior Selections Pitted Red Tart Cherries, unsweetened.  Net Wt 12 oz (340 g), UPC 0 70038-65496 4.  Keep Frozen.  Proudly Distributed By:  Asociated Wholesale Grocers, Inc., Kansas City, Kansas  66106",55344-3505,"5,908 cases",Food,Fruit products have the potential to be contaminated with Listeria monocytogenes.,F-1261-2023,SunOpta Grains and Foods Inc.,MN,Terminated,Voluntary: Firm initiated,2023-06-16,2023-07-26,2023-07-18,2024-02-07
708 S 500 E,American Fork,Class II,"2004524, date 20045, Expiration 10/14/2020;  2005724, date 20057, Expiration 10/26/2020;",United States,Nationwide in U.S. and Canada.,85963,"Two or more of the following: Email, Fax, Letter, Press Release, Telephone, Visit","Banana Chocolate Creme Chocolate covered protein bars, packaged in metalized polypropylene wrappers, packed in 6 count to 18 count boxes, net wt. ranges from 53 to 58 grams.",84003-2587,"79,500 bars",Food,Products may be moldy prior to the end of the stated shelf life.,F-1035-2020,BUILT BRANDS LLC,UT,Terminated,Voluntary: Firm initiated,2020-06-24,2020-08-05,2020-07-28,2022-03-09
71 W 23rd St,New York,Class II,"Lot # 20, Production Codes DA:169Z  P:0618 (ink jet printed on the jar lid); Lot # 21, Production Code P:Q0303 (ink jet printed on the jar lid);  Item # 61002 (on case label)",United States,"Nationwide, Canada, and Nether Antilles",75407,Press Release,"Roland¿ Preserved Lemons, NET WT. 12.35 OZ., and Roland¿ PRESERVED LEMONS - BELDI, NET WT. 13 OZ., Item UPC 4122461002 and Case UPC 10041224610023 -- PACKED EXCLUSIVELY FOR ROLAND FOODS LLC, NEW YORK, NY 10010 --- The product is packed in a glass jar.",10010-4102,905 cases (12 jars per case),Food,The product contains undeclared sulfites based on sampling and analysis by New York State Department of Agriculture and Markets and private laboratory testing.,F-0369-2017,"Roland Foods, LLC.",NY,Terminated,Voluntary: Firm initiated,2016-10-11,2016-11-09,2016-10-28,2018-06-18
7100 Holladay Tyler Rd Ste 200,Glenn Dale,Class II,Lot # 90,United States,"The recalled product was distributed to the following states: PA,CA,CT,MD,DE,OH",96709,"Two or more of the following: Email, Fax, Letter, Press Release, Telephone, Visit","Multigrain Sourdough , 18 oz,  Paper carton (corrugated), CP12, Frozen",20769-9435,699 cases,Food,Glass fragment found on top of bread.,F-0742-2025,Upper Crust Bakery LP,MD,Terminated,Voluntary: Firm initiated,2025-04-12,2025-05-07,2025-04-25,2025-07-15
711 Park St,Attleboro,Class II,Date Code: 6022,United States,"MA, ME, NH, NY, NJ, CT, RI  Foreign: Thailand, China",73682,"Two or more of the following: Email, Fax, Letter, Press Release, Telephone, Visit","Newport Creamery Butter Crunch Ice Cream,  3Gal  Product Code:  35108",02703-3211,8 cases,Food,Product failed to meet air space specifications,F-1282-2016,"Bliss Bros Dairy, Inc.",MA,Terminated,Voluntary: Firm initiated,2016-03-17,2016-05-04,2016-04-28,2016-06-06
720 Distributors Row,Harahan,Class II,"6104402, 6104403, 6118705, 6118706, 6118707",United States,nationwide,74446,"Two or more of the following: Email, Fax, Letter, Press Release, Telephone, Visit","OUTBACK STEAKHOUSE  OSI Mama's Batter, Qty 40lbs, NET WEIGHT 40 lbs, MFG FOR: OSI, TAMPA, FL  33609",70123-3208,18720 lbs,Food,There is a potential presence of peanut protein in certain lots of milled flour which was used in custom seasoned flour blends.,F-1680-2016,"Magic Seasoning Blends, LLC",LA,Terminated,Voluntary: Firm initiated,2016-05-25,2016-07-20,2016-07-14,2016-11-16
720 W Manlius St,East Syracuse,Class I,Best By date of 07/14/19,United States,"9 bags were sold in the NY retail store and 6 bags were sold online to customers in NE, MN, MA, OK, and IL",82603,E-Mail,Cashew Brittle Bits in clear 4oz bag with a Best By date of 07/14/19 and barcode number of 00369,13057-2158,15 - 4 oz bags,Food,Product may contain undeclared peanuts,F-1323-2019,Hercules Candy Company,NY,Terminated,Voluntary: Firm initiated,2019-04-05,2019-05-08,2019-05-01,2019-07-02
7202 W Pershing Ct,Visalia,Class II,"Lot #001005-1, BB 04/2023",United States,xx,89115,Press Release,"Livia One Organic Daily Topical Spray Probiotics;   4 oz. (120 ml)  UPC: 0 30915 10710 5     Recommended use: Topical: Spray affected area 2-5 times daily as needed.     Ingredients: Proprietary probiotic blend in an enzyme enriched substrate:  Lactobacillus-Acidophilus, L. Rhamnosus, L-Salivarius, L. Casei, L-Plantarum, Lactococcus-Lactis, Streptocuccus-Thermophilus, Bifidobacterium-Bifidum, B-Lactus, B-Infantis, B-Breve, B-Longum.  Made with water and a proprietary blend of three organic grasses    Livia Global Inc., Visalia, CA.",93291-7909,571 bottles,Food,Probiotic products contaminated with Pseudomonas aeruginosa .,F-0358-2022,Livia Global,CA,Terminated,Voluntary: Firm initiated,2021-12-01,2021-12-22,2022-01-02,2022-04-29
7212 NW 78th Ter,Medley,Class II,No lot or batch number.,United States,Domestic distribution only.,82500,Telephone,"Samira Food Products Vegeterian 100% Soy Chunk, Net Wt. 8oz",33166-2219,48 units/8oz,Food,Failure to declare sulfites.,F-1306-2019,Traders West Inc,FL,Terminated,Voluntary: Firm initiated,2019-03-28,2019-05-01,2019-04-24,2019-10-09
726 S 12th St.,Milwaukee,Class I,Code Date 410074.= 10/1/2013 2039. = 9/30/2013 - 10/4/2013,United States,nationwide,66623,Letter,"Dairy Fresh Deluxe BLT Pasta Salad, UPC 0 70163 50074 7, 1/5 lb, Product Code .410074. Garden-Fresh Deluxe BLT Pasta Salad, UPC 0 11596 52039 1, 1/5 lb., Product Code 2039.",53204-1211,"94,346 total cases, for all varieties",Food,"Garden-Fresh Foods is recalling various ready-to-eat salads, slaw, and dip products sold under various brands and codes because they may be contaminated with Listeria monocytogenes.",F-0450-2014,"Garden-Fresh Foods, Inc.",WI,Terminated,Voluntary: Firm initiated,2013-09-20,2013-12-18,2013-12-10,2014-02-11
726 S 12th St.,Milwaukee,Class I,Code Date 9/30/2013 - 10/18/2013,United States,nationwide,66623,Letter,"Market Pantry Reduced Fat Coleslaw, UPC 0 85239 20117 6 15 oz, Product Code 201176.",53204-1211,"94,346 total cases, for all varieties",Food,"Garden-Fresh Foods is recalling various ready-to-eat salads, slaw, and dip products sold under various brands and codes because they may be contaminated with Listeria monocytogenes.",F-0430-2014,"Garden-Fresh Foods, Inc.",WI,Terminated,Voluntary: Firm initiated,2013-09-20,2013-12-18,2013-12-10,2014-02-11
726 S 12th St.,Milwaukee,Class I,0 11 11596 52204 9= 10/30/2013 - 11/20/2013    ; ;,United States,"CA, IL, IN, MA, MI,MN, MO, OH, PA, WI.",66677,"Two or more of the following: Email, Fax, Letter, Press Release, Telephone, Visit","Garden-Fresh Farm Stand Pasta Salad,Product Code  0 11 11596 52204 9, 1/5 lb",53204-1211,"1,159,754.46 total pounds, for all varieties",Food,"Garden-Fresh Foods is recalling various ready-to-eat salads, slaw, and dip products sold under various brands and codes because they may be contaminated with Listeria monocytogenes.",F-0542-2014,"Garden-Fresh Foods, Inc.",WI,Terminated,Voluntary: Firm initiated,2013-10-30,2013-12-11,2013-12-02,2014-03-13
726 S 12th St.,Milwaukee,Class I,0 11596 50590   10/28/2013 - 11/6/2013;    0 11596 50592 3 10/28/2013 - 11/6/2013    ;,United States,"IL, IN, MI, MN, MO, OH, PA, WI.",66819,Press Release,"Garden-Fresh,	Red Cabbage Shredded,	1/5 lb.,		0 11596 50590,  	Manufactured on 10/28/2013 - 11/6/2013;  Garden-Fresh,	Red Cabbage Shredded	4/5 lb.,		0 11596 50592 3,	10/28/2013 - 11/6/2013;",53204-1211,"919,616.31 total pounds, for all products",Food,"Garden-Fresh Foods is recalling various cut vegetables,  ready-to-eat salads, slaw, spread and dip products sold under various brands and code dates manufactured prior to November 06, 2013  because they may be contaminated with Listeria monocytogenes.",F-1020-2014,"Garden-Fresh Foods, Inc.",WI,Terminated,Voluntary: Firm initiated,2013-11-07,2013-12-25,2013-12-18,2015-10-29
726 S 12th St.,Milwaukee,Class I,"0 11596 51080 4, 11/22/2013 - 12/10/2013;  0 11596 14061 2, 0 11596 24061 9, 11/25/2013 - 12/10/2013;",United States,"IL, IN, MI, MN, MO, OH, PA, WI.",66819,Press Release,"Grandpa's	,Red Skin Potato Salad,	2/5 lb.,		0 11596 51080 4,	11/22/2013 - 12/10/2013;  Grandpa's,	Red Skin Potato Salad,	12/16 oz,.	0 11596 14061 2,	0 11596 24061 9,	11/25/2013 - 12/10/2013;",53204-1211,"919,616.31 total pounds, for all products",Food,"Garden-Fresh Foods is recalling various cut vegetables,  ready-to-eat salads, slaw, spread and dip products sold under various brands and code dates manufactured prior to November 06, 2013  because they may be contaminated with Listeria monocytogenes.",F-1099-2014,"Garden-Fresh Foods, Inc.",WI,Terminated,Voluntary: Firm initiated,2013-11-07,2013-12-25,2013-12-18,2015-10-29
726 S 12th St.,Milwaukee,Class I,"0 11596 52014 8, 11/15/2013 - 11/30/2013;",United States,"IL, IN, MI, MN, MO, OH, PA, WI.",66819,Press Release,"Garden-Fresh,	Sweet & Sour Cucumber,	2/5 lb.,		 0 11596 52014 8,	11/15/2013 - 11/30/2013;",53204-1211,"919,616.31 total pounds, for all products",Food,"Garden-Fresh Foods is recalling various cut vegetables,  ready-to-eat salads, slaw, spread and dip products sold under various brands and code dates manufactured prior to November 06, 2013  because they may be contaminated with Listeria monocytogenes.",F-1067-2014,"Garden-Fresh Foods, Inc.",WI,Terminated,Voluntary: Firm initiated,2013-11-07,2013-12-25,2013-12-18,2015-10-29
726 S 12th St.,Milwaukee,Class I,0 11596 52094 0 = 10/30/2013 - 11/17/2013   ; ;,United States,"CA, IL, IN, MA, MI,MN, MO, OH, PA, WI.",66677,"Two or more of the following: Email, Fax, Letter, Press Release, Telephone, Visit","Garden-Fresh Whole Wheat Pasta With Sun Dried Tomatoes,Product Code  0 11596 52094 0	,1/5 lb",53204-1211,"1,159,754.46 total pounds, for all varieties",Food,"Garden-Fresh Foods is recalling various ready-to-eat salads, slaw, and dip products sold under various brands and codes because they may be contaminated with Listeria monocytogenes.",F-0539-2014,"Garden-Fresh Foods, Inc.",WI,Terminated,Voluntary: Firm initiated,2013-10-30,2013-12-11,2013-12-02,2014-03-13
726 S 12th St.,Milwaukee,Class I,"0 11596 55187 6, 12/6/2013;  ;",United States,"IL, IN, MI, MN, MO, OH, PA, WI.",66819,Press Release,"Garden-Fresh,	Seafood Salad Rouille,	1/5 lb.,		0 11596 55187 6,	12/6/2013;",53204-1211,"919,616.31 total pounds, for all products",Food,"Garden-Fresh Foods is recalling various cut vegetables,  ready-to-eat salads, slaw, spread and dip products sold under various brands and code dates manufactured prior to November 06, 2013  because they may be contaminated with Listeria monocytogenes.",F-1039-2014,"Garden-Fresh Foods, Inc.",WI,Terminated,Voluntary: Firm initiated,2013-11-07,2013-12-25,2013-12-18,2015-10-29
726 S 12th St.,Milwaukee,Class I,0 11596 55678 9 = 11/11/2013 - 12/9/2013,United States,"CA, IL, IN, MA, MI,MN, MO, OH, PA, WI.",66677,"Two or more of the following: Email, Fax, Letter, Press Release, Telephone, Visit","Spoon River Pimiento Spread, 0 11596 55678 9,	1/5 lb",53204-1211,"1,159,754.46 total pounds, for all varieties",Food,"Garden-Fresh Foods is recalling various ready-to-eat salads, slaw, and dip products sold under various brands and codes because they may be contaminated with Listeria monocytogenes.",F-0668-2014,"Garden-Fresh Foods, Inc.",WI,Terminated,Voluntary: Firm initiated,2013-10-30,2013-12-11,2013-12-02,2014-03-13
726 S 12th St.,Milwaukee,Class I,0 11596 55902 5 = 11/15/2013 - 12/13/2013;    0 85239 99015 5 = 11/1/2013;   0 85239 69053 6=11/1/2013;    0 11596 06170 2= 11/8/2013 - 12/15/2013,United States,"CA, IL, IN, MA, MI,MN, MO, OH, PA, WI.",66677,"Two or more of the following: Email, Fax, Letter, Press Release, Telephone, Visit","Grandpas Artichoke Spinach Dip, Product Code 0 11596 55902 5,	1/5 lb;    Archer Farms Artichoke Spinach Dip, Product Code  0 85239 99015 5,	6/11 oz;  Archer Farms Artichoke Spinach Dip, Product Code 0 85239 69053 6,	4/18 oz;    Roundy's Artichoke Spinach Dip, Product Code  0 11596 06170 2,	6/12 oz",53204-1211,"1,159,754.46 total pounds, for all varieties",Food,"Garden-Fresh Foods is recalling various ready-to-eat salads, slaw, and dip products sold under various brands and codes because they may be contaminated with Listeria monocytogenes.",F-0655-2014,"Garden-Fresh Foods, Inc.",WI,Terminated,Voluntary: Firm initiated,2013-10-30,2013-12-11,2013-12-02,2014-03-13
726 S 12th St.,Milwaukee,Class I,0 11596 55905 6 = 11/2/2013 - 11/15/2013,United States,"CA, IL, IN, MA, MI,MN, MO, OH, PA, WI.",66677,"Two or more of the following: Email, Fax, Letter, Press Release, Telephone, Visit","Grandpa Vegetable Bagel Spread, Product Code 0 11596 55905 6, 	1/5 lb",53204-1211,"1,159,754.46 total pounds, for all varieties",Food,"Garden-Fresh Foods is recalling various ready-to-eat salads, slaw, and dip products sold under various brands and codes because they may be contaminated with Listeria monocytogenes.",F-0657-2014,"Garden-Fresh Foods, Inc.",WI,Terminated,Voluntary: Firm initiated,2013-10-30,2013-12-11,2013-12-02,2014-03-13
726 S 12th St.,Milwaukee,Class I,0 11596 65634 2  = 10/30/2013 - 11/6/2013,United States,"CA, IL, IN, MA, MI,MN, MO, OH, PA, WI.",66677,"Two or more of the following: Email, Fax, Letter, Press Release, Telephone, Visit","Garden-Fresh Anti Pasto Salad Kit,       Product Code  0 11596 65634 2 ,	1/6 lb",53204-1211,"1,159,754.46 total pounds, for all varieties",Food,"Garden-Fresh Foods is recalling various ready-to-eat salads, slaw, and dip products sold under various brands and codes because they may be contaminated with Listeria monocytogenes.",F-0625-2014,"Garden-Fresh Foods, Inc.",WI,Terminated,Voluntary: Firm initiated,2013-10-30,2013-12-11,2013-12-02,2014-03-13
726 S 12th St.,Milwaukee,Class I,"1) Garden-Fresh, 4205, 08/16/12; 2) Weis, 05848, 8/14/2012-8/16/2012, 1105, 8/14/2012-8/16/2012          Acme Homestyle Potato Salad, 4209, 8/14/2012-8/17/2012",United States,AZ  CA  FL  IA  IL  IN  MA  MI  MN  MO  OH  PA  TX  WI,62707,Letter,"Red Potato Salads: 1) Garden-Fresh Red Potato Salad, 2 lb., 0 11596 24205 7; 2) Weis Red Potato Salad, 16 oz., 0 41497 05848, 5 lb., 0 11596 51105 4",53204-1211,,Food,"Recalled salads, slaw, salsa, bean and dips contained onions that were recalled by Gills Onions due to potential Listeria monocytogenes contamination.",F-2251-2012,"Garden-Fresh Foods, Inc.",WI,Terminated,Voluntary: Firm initiated,2012-07-27,2012-09-19,2012-09-07,2012-11-15
726 S 12th St.,Milwaukee,Class I,10 733147 10196 1=  11/4/2013 - 11/20/2013; ;,United States,"CA, IL, IN, MA, MI,MN, MO, OH, PA, WI.",66677,"Two or more of the following: Email, Fax, Letter, Press Release, Telephone, Visit","Finest Traditions Garden Vegetable Spaghetti, Product Code 10 733147 10196 1,	1/8 lb",53204-1211,"1,159,754.46 total pounds, for all varieties",Food,"Garden-Fresh Foods is recalling various ready-to-eat salads, slaw, and dip products sold under various brands and codes because they may be contaminated with Listeria monocytogenes.",F-0559-2014,"Garden-Fresh Foods, Inc.",WI,Terminated,Voluntary: Firm initiated,2013-10-30,2013-12-11,2013-12-02,2014-03-13
726 S 12th St.,Milwaukee,Class I,"38760, 08/01/12-08/08/12          Acme Homestyle Potato Salad, 4209, 8/14/2012-8/17/2012",United States,AZ  CA  FL  IA  IL  IN  MA  MI  MN  MO  OH  PA  TX  WI,62707,Letter,"Finest Traditions Blue Cheese Potato Salad, 8 lb., 10 733147 10137 4",53204-1211,,Food,"Recalled salads, slaw, salsa, bean and dips contained onions that were recalled by Gills Onions due to potential Listeria monocytogenes contamination.",F-2242-2012,"Garden-Fresh Foods, Inc.",WI,Terminated,Voluntary: Firm initiated,2012-07-27,2012-09-19,2012-09-07,2012-11-15
726 S 12th St.,Milwaukee,Class I,5915 = 11/2/2013 - 11/20/2013,United States,"CA, IL, IN, MA, MI,MN, MO, OH, PA, WI.",66677,"Two or more of the following: Email, Fax, Letter, Press Release, Telephone, Visit","Grandpas Roasted Corn & Black Bean Salsa,  5915		11/2/2013 - 11/20/2013	12 1/5 lb",53204-1211,"1,159,754.46 total pounds, for all varieties",Food,"Garden-Fresh Foods is recalling various ready-to-eat salads, slaw, and dip products sold under various brands and codes because they may be contaminated with Listeria monocytogenes.",F-0677-2014,"Garden-Fresh Foods, Inc.",WI,Terminated,Voluntary: Firm initiated,2013-10-30,2013-12-11,2013-12-02,2014-03-13
726 S 12th St.,Milwaukee,Class I,7 33147 00027 4=10/30/2013 - 11/20/2013;  10 733147 10287 6= 11/4/2013 - 11/20/2013,United States,"CA, IL, IN, MA, MI,MN, MO, OH, PA, WI.",66677,"Two or more of the following: Email, Fax, Letter, Press Release, Telephone, Visit","Finest Traditions Mock Crab Salad, 7 33147 00027 4, 6/16 oz  Finest Traditions Mock Crab Salad, 10 733147 10287 6,,1/8 lb",53204-1211,"1,159,754.46 total pounds, for all varieties",Food,"Garden-Fresh Foods is recalling various ready-to-eat salads, slaw, and dip products sold under various brands and codes because they may be contaminated with Listeria monocytogenes.",F-0610-2014,"Garden-Fresh Foods, Inc.",WI,Terminated,Voluntary: Firm initiated,2013-10-30,2013-12-11,2013-12-02,2014-03-13
726 S 12th St.,Milwaukee,Class I,"8 11839 01018 0, 12/5/2013",United States,"IL, IN, MI, MN, MO, OH, PA, WI.",66819,Press Release,"Copperwood Kitchens,	Steakhouse Macaroni Salad,	2/5 lb.,		8 11839 01018 0,	12/5/2013",53204-1211,"919,616.31 total pounds, for all products",Food,"Garden-Fresh Foods is recalling various cut vegetables,  ready-to-eat salads, slaw, spread and dip products sold under various brands and code dates manufactured prior to November 06, 2013  because they may be contaminated with Listeria monocytogenes.",F-1060-2014,"Garden-Fresh Foods, Inc.",WI,Terminated,Voluntary: Firm initiated,2013-11-07,2013-12-25,2013-12-18,2015-10-29
726 S 12th St.,Milwaukee,Class I,"98105, 8/22/2012",United States,AZ  CA  FL  IA  IL  IN  MA  MI  MN  MO  OH  PA  TX  WI,62707,Letter,"Dairy Fresh Special  Recipe Mustard Potato Salad, 16 oz.., 0 70163 98105 8",53204-1211,,Food,"Recalled salads, slaw, salsa, bean and dips contained onions that were recalled by Gills Onions due to potential Listeria monocytogenes contamination.",F-2240-2012,"Garden-Fresh Foods, Inc.",WI,Terminated,Voluntary: Firm initiated,2012-07-27,2012-09-19,2012-09-07,2012-11-15
726 S 12th St.,Milwaukee,Class I,Garden-Fresh Family Style Macaroni Salad 2060 8/15/2012-8/17/2012,United States,AZ  CA  FL  IA  IL  IN  MA  MI  MN  MO  OH  PA  TX  WI,62707,Letter,Garden-Fresh Family Style Macaroni Salad	2060 5 lbs	0 11596 52060 5,53204-1211,3120 lbs,Food,"Recalled salads, slaw, salsa, bean and dips contained onions that were recalled by Gills Onions due to potential Listeria monocytogenes contamination.",F-2209-2012,"Garden-Fresh Foods, Inc.",WI,Terminated,Voluntary: Firm initiated,2012-07-27,2012-09-19,2012-09-07,2012-11-15
726 S 12th St.,Milwaukee,Class I,Product Code 4025 with Date codes 8/14/2012-8/17/2012,United States,AZ  CA  FL  IA  IL  IN  MA  MI  MN  MO  OH  PA  TX  WI,62707,Letter,"Acme Creamed Cabbage, Net Wt. 16 oz., UPC 0 11596 14025 1",53204-1211,756 LBS,Food,"Recalled salads, slaw, salsa, bean and dips contained onions that were recalled by Gills Onions due to potential Listeria monocytogenes contamination.",F-2171-2012,"Garden-Fresh Foods, Inc.",WI,Terminated,Voluntary: Firm initiated,2012-07-27,2012-09-19,2012-09-07,2012-11-15
726 S 12th St.,Milwaukee,Class II,0 11596 06143 6 = 11/10/2013 - 11/30/2013,United States,"CA, IL, IN, MA, MI,MN, MO, OH, PA, WI.",66677,"Two or more of the following: Email, Fax, Letter, Press Release, Telephone, Visit","Farmers Market Salsa-Serrano-Spicy, 0 11596 06143 6,	 6/15 oz",53204-1211,"1,159,754.46 total pounds, for all varieties",Food,"Garden-Fresh Foods is recalling various ready-to-eat salads, slaw, and dip products sold under various brands and codes because they may be contaminated with Listeria monocytogenes.",F-0682-2014,"Garden-Fresh Foods, Inc.",WI,Terminated,Voluntary: Firm initiated,2013-10-30,2013-12-11,2013-12-02,2014-03-13
72600 Lewis & Clark Dr,Boardman,Class I,"MAR3117 0141S, Exp 2017-03-31",United States,nationwide,75805,"Two or more of the following: Email, Fax, Letter, Press Release, Telephone, Visit","HARVEST SNAPS, SNAPEA CRISPS, BLACK PEPPER FLAVORED GREEN PEA CRISPS, NET WT 3.3 OZ (93g)",97818,3588 units,Food,One lot of black pepper flavored green pea crisps may contain wasabi ranch flavored green pea crisps which contain milk which is not declared on the black pepper flavored product.,F-0609-2017,"Calbee North America, LLC",OR,Terminated,Voluntary: Firm initiated,2016-11-16,2016-12-14,2016-12-07,2017-01-25
7263 Kendaville Rd,Lakeview,Class I,"Made on 09/23/2016, Vat A",United States,Domestic: MI,75427,Telephone,"White Cheddar Cheese, 40 lb. blocks",48850-9563,1247.53 lbs.,Food,Farm Country Cheese House is conducting a voluntary recall of multiple vats of cheese due to potential contamination with Listeria monocytogenes.,F-0428-2017,"Farm Country Cheese House, Inc.",MI,Terminated,Voluntary: Firm initiated,2016-10-10,2016-11-23,2016-11-14,2017-05-02
7263 Kendaville Rd,Lakeview,Class II,"Made on 09/28/2016, Vat A",United States,Domestic: MI,75427,Telephone,"Hot Pepper Cheese, forty-five 40 lb. blocks",48850-9563,1878.76,Food,Farm Country Cheese House is conducting a voluntary recall of multiple vats of cheese due to inadequate pasteurization.,F-0431-2017,"Farm Country Cheese House, Inc.",MI,Terminated,Voluntary: Firm initiated,2016-10-10,2016-11-23,2016-11-14,2017-05-02
733 Bread And Milk St,Coventry,Class II,"Lot/Unit Numbers: 9-330, 9-348, 1-013, 1-036, 1-097",United States,"CT, PA, NY, NJ, AZ, MI, IL, NV, CA",94334,E-Mail,Charles Boggini Company Cola Flavoring Base; packaged in 1 gallon jugs and 5 gallon pails,06238-1014,2723 gallons,Food,Products contain undeclared sulfites.,F-1285-2024,Charles Boggini Company Llc,CT,Terminated,Voluntary: Firm initiated,2024-03-29,2024-06-12,2024-06-03,2024-07-03
733 Bread And Milk St,Coventry,Class II,Lot/Unit Numnber: 1-017,United States,"CT, PA, NY, NJ, AZ, MI, IL, NV, CA",94334,E-Mail,Charles Boggini Pink Lemonde; 1 or 5 U.S. Gallons,06238-1014,28 gallons,Food,Products contain undeclared FD&C Red No. 40,F-1284-2024,Charles Boggini Company Llc,CT,Terminated,Voluntary: Firm initiated,2024-03-29,2024-06-12,2024-06-03,2024-07-03
7345 SW 45th St,Miami,Class II,Lot # 030615 Exp. Date 07/18  UPC 897666001164,United States,FL and NV,72877,Other,"Moinsage, 60 capsules per bottle. Manufactured by Sunset Natural Products",33155-4509,"5,000 bottles (300,000 caps)",Food,"Pursuant to a consent decree that prohibits the company and its owners for marketing dietary supplements until they, among other things, recall and destroy the dietary supplements that have been manufatured or distributed since April 2, 2014, hire a cGMP expert and receive written permission from FDA to resume operations.",F-0539-2016,Sunset Natural Products Inc.,FL,Terminated,FDA Mandated,2015-10-05,2016-02-24,2016-02-17,2017-04-10
7345 SW 45th St,Miami,Class II,"As persuant to the Consent Decree, the firm agreed to ""recall and destroy, under FDA's supervision, in accordance with the procedures provided in paragraph 6, ALL dietary supplements that were manufactured, prepared, processed, packed, labeled, held and/or distributed between April 2, 2014 and the date of entry of this Decree.""  The Decree was entered on September 25, 2015.    Known lot and expiration date: Lot # 200115 Exp. Date 01/18",United States,"Products distributed to Florida, Nevada and the Dominican Republic",74054,Letter,"Liver Energy, 100 capsules per bottle",33155-4509,"124 Bottles (18,000 capsules)",Food,"Pursuant to a consent decree that prohibits the company and its owners for marketing dietary supplements until they, among other things, recall and destroy the dietary supplements that have been manufactured or distributed since April 2, 2014, hire a cGMP expert and receive written permission from FDA to resume operations.",F-0932-2017,Sunset Natural Products Inc.,FL,Terminated,FDA Mandated,2015-10-13,2017-01-04,2016-12-28,2017-04-10
7345 SW 45th St,Miami,Class II,"As persuant to the Consent Decree, the firm agreed to ""recall and destroy, under FDA's supervision, in accordance with the procedures provided in paragraph 6, ALL dietary supplements that were manufactured, prepared, processed, packed, labeled, held and/or distributed between April 2, 2014 and the date of entry of this Decree.""  The Decree was entered on September 25, 2015.    Known lot: Lot # 440914",United States,"Products distributed to Florida, Nevada and the Dominican Republic",74054,Letter,Oyster Dietary Supplement (unknown container size),33155-4509,unknown,Food,"Pursuant to a consent decree that prohibits the company and its owners for marketing dietary supplements until they, among other things, recall and destroy the dietary supplements that have been manufactured or distributed since April 2, 2014, hire a cGMP expert and receive written permission from FDA to resume operations.",F-1033-2017,Sunset Natural Products Inc.,FL,Terminated,FDA Mandated,2015-10-13,2017-01-04,2016-12-28,2017-04-10
7345 SW 45th St,Miami,Class II,"As persuant to the Consent Decree, the firm agreed to ""recall and destroy, under FDA's supervision, in accordance with the procedures provided in paragraph 6, ALL dietary supplements that were manufactured, prepared, processed, packed, labeled, held and/or distributed between April 2, 2014 and the date of entry of this Decree.""  The Decree was entered on September 25, 2015.    Known lots and expiration dates: Lot # 020514 Exp. Date 05/17, Lot # 030514 Exp. Date 05/17, Lot # 040514 Exp. Date 05/17, Lot # 140514 Exp. Date 06/17, Lot # 150514 Exp. Date 06/17, Lot # 440514 Exp. Date 05/17, Lot # 500514 Exp. Date 05/17, Lot # 510514 Exp. Date 05/17, Lot # 520514 Exp. Date 05/17, Lot # 530514 Exp. Date 05/17, Lot # 540514 Exp. Date 06/17, Lot # 550514 Exp. Date 06/17,  Lot # 560514 Exp. Date 06/17, Lot # 570514 Exp. Date 06/17, Lot # 580514 Exp. Date 06/17, Lot # 590514 Exp. Date 06/17, Lot # 600514 Exp. Date 06/17, Lot # 600514 Exp. Date 06/17, Lot # 610514 Exp. Date 06/17, Lot # 620514 Exp. Date 07/17, Lot # 020714 Exp. Date 07/17, Lot # 240714 Exp. Date 07/17,Lot # 250714 Exp. Date 07/17, Lot # 260714 Exp. Date 07/17, Lot # 270714 Exp. Date 07/17, Lot # 280714 Exp. Date 07/17, Lot # 290714 Exp. Date 07/17, Lot # 300714 Exp. Date 07/17, Lot # 310714 Exp. Date 08/17, Lot # 320714 Exp. Date 08/17, Lot # 330714 Exp. Date 08/17, Lot # 340714 Exp. Date 08/17, Lot # 350714 Exp. Date 08/17, Lot # 380714 Exp. Date 09/17, Lot # 390714 Exp. Date 09/17, Lot # 400714 Exp. Date 09/17, Lot # 410714 Exp. Date 10/17, Lot # 280814 Exp. Date 10/17, Lot # 290814 Exp. Date 10/17, Lot # 300814 Exp. Date 10/17, Lot # 310814 Exp. Date 10/17, Lot # 320814 Exp. Date 10/17, Lot # 230914 Exp. Date 09/17, Lot # 270914 Exp. Date 10/17, Lot # 081014 Exp. Date 11/17, Lot # 091014 Exp. Date 11/17, Lot # 020615 Exp. Date 07/18, Lot # 040615 Exp. Date 07/18, Lot # 170615 Exp. Date 07/18, Lot # 180615 Exp. Date 08/18, Lot # 390615 Exp. Date 08/18, Lot # 480615 Exp. Date 08/18, Lot # 160715 Exp. Date 07/18",United States,"Products distributed to Florida, Nevada and the Dominican Republic",74054,Letter,"Colon Therapy, bulk capsules",33155-4509,"19,455,300",Food,"Pursuant to a consent decree that prohibits the company and its owners for marketing dietary supplements until they, among other things, recall and destroy the dietary supplements that have been manufactured or distributed since April 2, 2014, hire a cGMP expert and receive written permission from FDA to resume operations.",F-0978-2017,Sunset Natural Products Inc.,FL,Terminated,FDA Mandated,2015-10-13,2017-01-04,2016-12-28,2017-04-10
7345 SW 45th St,Miami,Class II,"As persuant to the Consent Decree, the firm agreed to ""recall and destroy, under FDA's supervision, in accordance with the procedures provided in paragraph 6, ALL dietary supplements that were manufactured, prepared, processed, packed, labeled, held and/or distributed between April 2, 2014 and the date of entry of this Decree.""  The Decree was entered on September 25, 2015.    Known lots and expiration dates: Lot # 140714 Exp. Date 08/17, Lot # 310914 Exp. Date 10/17, Lot # 560914 Exp. Date 10/17, Lot # 271214 Exp. Date 12/17, Lot # 070115 Exp. Date 01/18, Lot # 460315 Exp. Date 04/18, Lot # 080615 Exp. Date 08/18",United States,"Products distributed to Florida, Nevada and the Dominican Republic",74054,Letter,"DHEA 25 mg, bulk capsules",33155-4509,"1,444,900 capsules",Food,"Pursuant to a consent decree that prohibits the company and its owners for marketing dietary supplements until they, among other things, recall and destroy the dietary supplements that have been manufactured or distributed since April 2, 2014, hire a cGMP expert and receive written permission from FDA to resume operations.",F-0994-2017,Sunset Natural Products Inc.,FL,Terminated,FDA Mandated,2015-10-13,2017-01-04,2016-12-28,2017-04-10
7350 W Rike Rd,Covington,Class II,Best By 4/2022,United States,Products were distributed in the state of OH.,86723,E-Mail,Rosebud's brand Elderberry Syrup Kit in a 3 oz. clear stand-up pouch (GS1 Code 852782007834).,45318-9648,41 units.,Food,Potential salmonella contamination in elderberries.,F-0118-2021,"Rosebud's Ranch and Garden, LLC",OH,Terminated,Voluntary: Firm initiated,2020-11-06,2020-11-25,2020-11-18,2023-03-14
747 W 4170 S,Murray,Class II,VPSU15032250 21029a 03/31/2023 VPSU15032250 21031a 03/31/2023,United States,Nationwide - all 48 states plus Washington DC and Puerto Rico.  Australia and United Arab Emirates (Dubai).,90607,E-Mail,"Sweetums 24% sucrose solution with preservative. Vials containing 1ml or 2ml of 24% sucrose in purified water.  Product is administered by drop using vials and tip allows controlled administration directly to tongue or buccal surface.  Product is only used in the hospital setting including the NICU.     -VPSU15032250, 1mL vial, bagged qty 250",84123-1364,"10,922 boxes (250 vials/box) total",Food,"Firm received complaints of leaking, black liquid, and black particulates in the product vials.",F-1685-2022,"Clinical Innovations, LLC",UT,Terminated,Voluntary: Firm initiated,2022-07-19,2022-09-07,2022-09-01,2023-03-20
750 Pine St,Burlington,Class II,Best By 11/20/21,United States,"CA, CT, MA, NH, NY, RI, TX, VT, VA",87723,"Two or more of the following: Email, Fax, Letter, Press Release, Telephone, Visit","Organic Mr. Goodtime Bunny***NET WT 3.35 LBS (1.4kg)***INGREDIENTS: *Milk, *Dark, AND *WHITE CHOCOLATE (*SUGAR, *MILK POWDER, *COCOA BUTTER, *CHOCOLATE LIQUOR, *COCOA POWDER (PROCESSED WITH ALKALI), *SOYBEAN LECITHIN, *VANILLA EXTRACT, AND *VANILLA POWDER). CONTAINS MILK AND SOYBEAN. MAY CONTAIN TRACES OF PEANUTS, TREE NUTS, AND WHEAT. *ORGANIC.    Product is packaged in a clear plastic cellophane    UPC 769933054510",05401-4923,443 bunnies (total),Food,Product potentially contains undeclared almonds.,F-0467-2021,Champlain Chocolate Company,VT,Terminated,Voluntary: Firm initiated,2021-04-14,2021-05-05,2021-04-28,2022-05-25
751 Eight Twenty Blvd Ste 101,Fort Worth,Class II,Lot Number: 108185,United States,"TX, IL, KS, NC",76313,Letter,"Circle U Foods, Inc. Product Code: 100002 AF/TV Taco Seasoning Bag Weight: 1.1250 Lbs.",76106-1972,8 cases,Food,Potential  glass inclusion,F-1447-2017,"Circle U Foods, Inc",TX,Terminated,Voluntary: Firm initiated,2017-01-24,2017-02-15,2017-02-07,2017-05-11
752 Kasota Cir Se,Minneapolis,Class I,"1.  Lot Number:  X0924992, Expiration 10/5/2025, and Lot Number:  X0924992, Expiration 10/5/2025.   2.  Lot Number:  X0925250, Expiration 10/4/2025.   3.  Lot Number:  X0924991, Expiration  10/5/2025.",United States,"IA, IL, ND, NE, WI",97709,E-Mail,"Cut Fresh Fruit Mix.  Contains:  Cantaloupe, Honeydew, Pineapple, and Red Grapes.  Keep Refrigerated. Packed under the following brands and sizes:    1.  Fruit Mix CHPG (MCT) 1/5 lb.   2.  Fruit Medley ""HC"" 24/8 oz.  Harvest Cuts  UPC 7 90629-08008 7.   3.  Fruit Mix CHPG (PAIL) 1/5 lb.  UPC 7 90629-11369.    Packed by WPS, Minneapolois, MN",55414-2815,307 total cases/pails recalled,Food,Potential Listeria monocytogenes contamination.,H-0068-2026,WHOLESALE PRODUCE SUPPLY LLC DBA,MN,Terminated,Voluntary: Firm initiated,2025-09-26,2025-10-22,2025-10-15,2025-12-19
7560 NW 43rd St,Miami,Class I,MPC 31-18550,United States,Domestic distribution only.,86662,"Two or more of the following: Email, Fax, Letter, Press Release, Telephone, Visit","IncredibleStoneCrab, Mustard Sauce, 8 oz. plastic container, Distributed by: IncredibleStoneCrab,",33166-6408,181 containers,Food,"Undeclared Allergens: Fish, Egg, and Milk.",F-0096-2021,Incredible Fish,FL,Terminated,Voluntary: Firm initiated,2020-10-23,2020-11-18,2020-11-10,2020-12-30
7591 Montevideo Rd,Jessup,Class II,Use By Date of 10/27/2023 through 11/8/2023,United States,"Distributed to consignees in Alabama, Connecticut, Washington, D.C., Delaware, Florida, Georgia, Kentucky, Maryland, Michigan, North Carolina, Ohio, Pennsylvania, Tennessee, Virginia, and West Virginia.",93386,"Two or more of the following: Email, Fax, Letter, Press Release, Telephone, Visit",Le Croissant Turkey & Cheddar Net Wt. 5.5oz (156g) UPC:766375261629 Packaged in clamshell container. Sold as single unit and 6-unit pack under Food Unlimited brand,20794-9323,238 clamshells,Food,Undeclared milk and soy,F-0475-2024,The Coastal Companies DBA Hearn Kirkwood,MD,Terminated,Voluntary: Firm initiated,2023-11-03,2023-12-06,2023-11-29,2024-09-25
77 N Hetrick Ave,Palmyra,Class II,2852-734,United States,"Product Distributed in the following States AL, AK, CT, DL, FL, GA, IL, ID, KT, LA, MD, MA, MI, NJ, NY ,NC , OH, PA, SC, TN, VA, WV",81465,E-Mail,"ASK Foods Inc. Naturally Creative Firecracker Slaw, 3.75 lb. Bulk Container sold from the deli",17078-1501,313 Cases,Food,Products recalled due to potential contamination with Listeria monocytogenes or Salmonella.,F-0746-2019,ASK Foods Inc,PA,Terminated,Voluntary: Firm initiated,2018-10-23,2018-12-26,2018-12-20,2018-12-20
7701 Legacy Dr,Plano,Class III,guaranteed fresh  date of 25 SEPT 2018. Directly next to or underneath the  guaranteed fresh  date is a 9-digit manufacturing code that will include the numerical combination  112  or  212  in the first three positions,United States,"Northeastern Ohio and the city of Altoona, PA",80603,Letter,Ruffles Cheddar and Sour Cream flavored potato chips 8.5 oz bag,75024-4099,unknown,Food,Potential for cleaning solution to come into contact with the chips.,F-1730-2018,"Frito-Lay, Inc",TX,Terminated,Voluntary: Firm initiated,2018-07-20,2018-08-08,2018-08-01,2018-09-04
777th & State,Bridgeport,Class I,best by date 071316  to  022917,United States,70 retail stores nationwide. Product was also shipped to canada firms. please see attached spread sheet for a full list of customers.,74375,E-Mail,"HC SUNFLOWER KERNEL 3 OZ. packaged in a clear plastic bag with attached green brown and yellow label that reads in part "" Uncle Bucks Sunflower kernel"" UPC code 752545070894",62417-0277,"15,312 bags",Food,"Sunflower kernels in this product are contaminated with Listeria Monocytogenes per the original supplier, SunOpta.",F-1746-2016,"Rucker's Wholesale & Service Co., Inc.",IL,Terminated,Voluntary: Firm initiated,2016-06-08,2016-07-27,2016-07-19,2018-02-27
785 Firetower Rd,Colora,Class II,"P1717, P1722",United States,"Product was distributed in MD, PA, and DE .  There are 14 direct accounts affected.",77903,E-Mail,"Kilby Cream Ice Cream Various Flavors: Strawberry Cheesecake    Size: 2.5 Gal , 7 oz.",21917-1505,1unit,Food,According to the firm a process deviation and proper temperatures were not reached during ice cream production and mix storage.,F-3550-2017,Kilby Cream,MD,Terminated,Voluntary: Firm initiated,2017-08-04,2017-09-27,2017-09-15,2018-01-03
7926 Lochlin Dr,Brighton,Class II,All products manufactured between 01/14/16 to 10/24/17; Lots: Lot# 01916B  Lot# 04216  Lot# 08916  Lot# 10216  Lot# 13216B  Lot# 16016B  Lot# 19316B  Lot# 19416B  Lot# 22316  Lot# 26016  Lot# 26316  Lot# 30516  Lot# 30616  Lot# 30616  Lot# 27516B  Lot# 31416  Lot# 32016  Lot# 35416B  Lot# 35516  Lot# 10817B  Lot# 11617  Lot# 11617  Lot# 12917  Lot# 15917  Lot# 17117  Lot# 19317  Lot# 19417  Lot# 21917B  Lot# 23417  Lot# 27617B  Lot# 27917    Lot# 04216  Lot# 08216B  Lot# 08216B  Lot# 10216  Lot# 10216B  Lot# 13216B  Lot# 13816  Lot# 20916  Lot# 20916  Lot# 22316  Lot# 22316  Lot# 25616B  Lot# 25816  Lot# 25816B  Lot# 25916  Lot# 25916B  Lot# 26016  Lot# 27516B  Lot# 30616  Lot# 33516  Lot# 34916  Lot# 35016  Lot# 01817  Lot# 02317  Lot# 04617  Lot# 19417  Lot# 19417  Lot# 19517  Lot# 19817  Lot# 19917  Lot# 20117  Lot# 20517    Lot# 08216B  Lot# 08916    Lot# 00616B  Lot# 01916B  Lot# 06016  Lot# 08216B  Lot# 10216B  Lot# 10216B  Lot# 13216B  Lot# 13816  Lot# 13816  Lot# 16016B  Lot# 18016  Lot# 18116  Lot# 20016  Lot# 20716B  Lot# 20916  Lot# 23516  Lot# 23916  Lot# 27516B  Lot# 32016  Lot# 33516  Lot# 33516  Lot# 34916  Lot# 35016  Lot# 35516  Lot# 35516B  Lot# 05517  Lot# 05917B  Lot# 06217  Lot# 06517  Lot# 06517  Lot# 09417  Lot# 09417  Lot# 10817B  Lot# 12917  Lot# 15917  Lot# 18617  Lot# 19317  Lot# 20517  Lot# 21217B  Lot# 21917B  Lot# 23417  Lot# 24817  Lot# 25117  Lot# 26517B    Lot# 04216  Lot# 05616  Lot# 06016  Lot# 19416B  Lot# 19516  Lot# 20016  Lot# 22316B  Lot# 23316  Lot# 23516  Lot# 26416B  Lot# 27516B  Lot# 34916  Lot# 35016  Lot# 01317  Lot# 01817  Lot# 02317  Lot# 05517  Lot# 09417  Lot# 17117  Lot# 18617  Lot# 26517B  Lot# 27917  Lot# 29217    Lot# 26316  Lot# 24817  Lot# 25017,United States,"Domestic: MI, IN, IL, FL, TX, CA., NV, OR, NH, NY, NJ, VA, WI, KY, DE, PA, CT, PR, OH, RI, IA,",78405,Press Release,"Dark Chocolate Almond Bark 10 oz.,10 lbs.",48116-8329,"1,517 cases",Food,"GKI Foods of Brighton, Michigan is voluntarily recalling multiple dark chocolate products because they may contain an undeclared milk allergen.",F-0316-2018,"GKI Foods, LLC",MI,Terminated,Voluntary: Firm initiated,2017-10-27,2017-11-29,2017-11-17,2018-07-09
795 Trademark Dr,Reno,Class III,FG Lot 2018410057;  Expiration Date 8/2020,United States,One customer in KS.,82010,"Two or more of the following: Email, Fax, Letter, Press Release, Telephone, Visit",Klaire Labs Melatonin Lozenge Formula  Fast Dissolving 1 mg tablets;  Packed in a 75 cc HDPE Bottle  60 Tablets  UPC: 8 28054 17845 8;  SKU: ML1,89521-5920,120 bottles,Food,Small quantity of product labeled as Melatonin Lozenge Formula were filled with L-Theanine.,F-1101-2019,"ProThera, Inc. dba SFI USA",NV,Terminated,Voluntary: Firm initiated,2019-01-17,2019-03-06,2019-02-27,2019-03-26
7955 S State Road 7,Lake Worth,Class I,"Lot #LW15124,  Sell by date of 6/15/24",United States,Distributed in the state of FL,94795,"Two or more of the following: Email, Fax, Letter, Press Release, Telephone, Visit",Green Life Farms Baby Arugula in 4.5 ounce plastic clamshell  packaging containers. 6 packages per case of 4.5oz each. Store in refrigerator.,33449-6701,204 Cases - 1224 Clamshells,Food,Salmonella contamination,F-1422-2024,GREEN LIFE FARMS,FL,Terminated,Voluntary: Firm initiated,2024-06-06,2024-07-03,2024-06-26,2024-07-10
796 29 3/4 Ave,Barronett,Class II,"Batch #   00063020-011, 00071620-011.",United States,MN and WI,87244,"Two or more of the following: Email, Fax, Letter, Press Release, Telephone, Visit","20 Mile Rhubarb, Organic Frozen Custard, Contents:  One U.S. Pint and 86 oz. Scoopers.  UPC 50005-48811.  Made by Barron County Organics, LLC, 10-Mile Organic and Local General Store, 796 29 3/4 Ave. Barronett, WI  54813.",54813-9470,"3,855 pints and 148.5 Scoopers (86 oz.) total",Food,Ingredients were not pasteurized after blending as required by State of Wisconsin.,F-0302-2021,Barron County Organics,WI,Terminated,Voluntary: Firm initiated,2021-02-03,2021-02-24,2021-02-17,2021-06-09
7970 Summerlin Lakes Dr Ste 101,Fort Myers,Class I,No lot numbers provided; Expiration date is 6 months from production date.,United States,The products were only distributed in the state of Florida.,94308,"Two or more of the following: Email, Fax, Letter, Press Release, Telephone, Visit",Vanilla Ice Cream Cookie Sandwich. Sandwiches packaged in a gold or clear bags. 50 sandwiches per case and weighting 4oz each sandwich.,33907-1855,1208.,Food,"Undeclared Allergen: milk, eggs, wheat, peanuts, and tree nuts.",F-1230-2024,Belgian Yummies,FL,Terminated,Voluntary: Firm initiated,2024-03-20,2024-05-15,2024-05-09,2024-07-16
7971 Tarbay Dr,Jessup,Class I,Lot 02332101,United States,"NJ, NY, OH, PA, RI, VA",69983,Press Release,"Gourmet Mix Fruit Delight Net Wt. 64 oz. (1814g) Best If Enjoyed By: 12/03/14, Dist. By: Wegmans Food Markets, Inc., Rochester, NY 14603 UPC 077890241516",20794-9416,128 units,Food,Possible contamination with Listeria monocytogenes.,F-0777-2015,"Del Monte Fresh Produce NA, Inc",MD,Terminated,Voluntary: Firm initiated,2014-12-09,2015-01-21,2015-01-09,2015-04-28
7989 Arndt Rd,Oconto Falls,Class II,8.21.3  8.28.3,United States,"WI, CO",63168,"Two or more of the following: Email, Fax, Letter, Press Release, Telephone, Visit","Springside Cheese, Monterey Jack Dill    Cheese,  55-0172,  V3, August 21, 2012,",54154-9755,"41,616.53 lbs total",Food,"Springside Cheese Corp. is recalling cheese produced on August 21, 2012 through September 1, 2012.  This voluntary recall has been initiated because the cheese has the potential to be contaminated with Giardia, a parasite, from an employee illness.",F-0063-2013,Springside Cheese Corp,WI,Terminated,Voluntary: Firm initiated,2012-09-07,2012-10-17,2012-10-10,2016-03-09
7989 Arndt Rd,Oconto Falls,Class II,8.28.3,United States,"WI, CO",63168,"Two or more of the following: Email, Fax, Letter, Press Release, Telephone, Visit","Springside Cheese, Cranberry Monterey Jack  Cheese,  55-0172,  V3, August 28, 2012,",54154-9755,"41,616.53 lbs total",Food,"Springside Cheese Corp. is recalling cheese produced on August 21, 2012 through September 1, 2012.  This voluntary recall has been initiated because the cheese has the potential to be contaminated with Giardia, a parasite, from an employee illness.",F-0062-2013,Springside Cheese Corp,WI,Terminated,Voluntary: Firm initiated,2012-09-07,2012-10-17,2012-10-10,2016-03-09
800 S 40th St,Springdale,Class II,4109N1 4110N1,United States,"California, Ohio, Pennsylvania, Oregon, Florida, Illinois, North Carolina, Massachusetts, Wisconsin, Colorado, Louisiana, Texas, Missouri, Minnesota, Oklahoma, New York, Michigan, Indiana, Maryland, New Jersey and Georgia",94548,"Two or more of the following: Email, Fax, Letter, Press Release, Telephone, Visit","Panera Oatmeal Raisin with Berries Cookie, Net Wt. 41.25 lb (18.71kg), 220/3 oz cookie dough pucks/case",72762-4826,"29,019 Cases (Total all products)",Food,Potential salmonella contamination,F-1301-2024,Rise Baking Company dba South Coast Baking,AR,Terminated,Voluntary: Firm initiated,2024-05-02,2024-06-12,2024-06-06,2024-11-15
807 E Orchard St,Mundelein,Class II,Product code: BlueberryPwdr-BD; All lots,United States,"US: IL, MO, OH, FL, and TN",64079,"Two or more of the following: Email, Fax, Letter, Press Release, Telephone, Visit","Foil bags containing 2.2 lbs. each of blueberry flavored powder and sold under the Boba Direct, Inc. brand.",60060-3019,,Food,Bubble tea powders contain undeclared allergens.,F-2794-2015,"Boba Direct, Inc.",IL,Terminated,Voluntary: Firm initiated,2013-01-09,2015-07-15,2015-07-07,2017-08-14
807 E Orchard St,Mundelein,Class II,Product code: MangoPwdr-BD; All lots,United States,"US: IL, MO, OH, FL, and TN",64079,"Two or more of the following: Email, Fax, Letter, Press Release, Telephone, Visit","Foil bags containing 2.2 lbs. each of mango flavored powder and sold under the Boba Direct, Inc. brand.",60060-3019,,Food,Bubble tea powders contain undeclared allergens.,F-2802-2015,"Boba Direct, Inc.",IL,Terminated,Voluntary: Firm initiated,2013-01-09,2015-07-15,2015-07-07,2017-08-14
807 E Orchard St,Mundelein,Class II,Product code: PinePwdr-BD; All lots,United States,"US: IL, MO, OH, FL, and TN",64079,"Two or more of the following: Email, Fax, Letter, Press Release, Telephone, Visit","Foil bags containing 2.2 lbs. each of pineapple flavored powder and sold under the Boba Direct, Inc. brand.",60060-3019,,Food,Bubble tea powders contain undeclared allergens.,F-2807-2015,"Boba Direct, Inc.",IL,Terminated,Voluntary: Firm initiated,2013-01-09,2015-07-15,2015-07-07,2017-08-14
81 Calle Autonomia,Canovanas,Class II,,United States,PR only. Product sold by the firm at retail.,63207,Letter,"""Alcapurria Jueyes"" (Crab-filled fritters) - Food Service",00729-3248,160,Food,"Undeclared allergens: wheat, soy, crustacean shellfish (crab), and yellow #5",F-0655-2013,"Fabrica Confecciones Soto, Inc.",PR,Terminated,Voluntary: Firm initiated,2012-09-12,2012-11-14,2012-11-08,2017-05-03
810 E 27th St,Paterson,Class II,DPA159  Shrimp Paste (Klong Kone) 'M',United States,"The recalled product was distributed to the following states: IA, NJ",98171,"Two or more of the following: Email, Fax, Letter, Press Release, Telephone, Visit","Shrimp Paste (Klong Kone) 'M' ,  16 oz, 24 count , PLastic Jar,  24 packages/ case",07513-1215,7 cases,Food,Product tested high for lead.,H-0389-2026,"GUSTO GROUP, INC.",NJ,Terminated,Voluntary: Firm initiated,2025-11-19,2026-01-21,2026-01-09,2026-04-07
8200 Madison Ave,Cleveland,Class III,Item# 41251; Mfr. date/Lot# 06/17/16 & 06/27/16; Shipped 06/30/16; UPC 8 50194 41220 8; Exp. 06/17/17 & 06/27/17,United States,"US Nationwide.  The product was distributed to the following states: IN, TX, VA",75199,Letter,National Foods Packaging Low Sodium Chicken Base in 50 lb white poly-lined paper bags,44102-2727,2000 lb,Food,Product contains a spice which was tested and found to contain elevated levels of lead.,F-0228-2017,National Foods Packaging Inc,OH,Terminated,Voluntary: Firm initiated,2016-09-16,2016-10-26,2016-10-20,2019-06-25
8211 Ne Brazee St,Portland,Class II,"02 15  02 15 means that the product is expired on February 15, 2020.",United States,Distributed to Oregon and Washington.,84979,"Two or more of the following: Email, Fax, Letter, Press Release, Telephone, Visit","Deep-fried Donut (Banh Tieu) 3.2-ounce package in clear plastic bag, no UPC, no brand.    Product is labeled in part, ""BANH TIEU***Ingredients: bread flour, sugar, baking powder, salt, sesame seed, water, shortening oil.***Lanvin French Bakery***"".",97220-5320,49 bags,Food,Undeclared wheat and soybean oil.,F-0738-2020,"Lanvin French Bakery, LLC",OR,Terminated,Voluntary: Firm initiated,2020-02-12,2020-03-04,2020-02-21,2020-06-05
825 Atlantic Hwy,Warren,Class I,All lots codes that fail to declare the allergen  milk,United States,nationwide,63260,Press Release,"Endurance Daily Vanilla Dietary Supplement  Packaged under the label:  Stronger Faster Healthier and Mainer Whey  Packaged in: 2 lb (32 oz), 10 oz. and 30 gram sizes",04864-4617,1032 units,Food,Protein supplement fails to declare allergen milk,F-0480-2015,"Maine Natural Health, Inc.",ME,Terminated,Voluntary: Firm initiated,2012-09-21,2014-11-19,2014-11-12,2015-03-02
825 Atlantic Hwy,Warren,Class I,All lots codes that fail to declare the allergens: milk,United States,nationwide,63260,Press Release,"Hunger and Weight Vanilla  Dietary Supplement Packaged under the labels Stronger Faster Healthier Whey: 2 lb (32 oz),  and 10 oz sizes",04864-4617,,Food,Protein supplement fails to declare allergen: milk,F-0489-2015,"Maine Natural Health, Inc.",ME,Terminated,Voluntary: Firm initiated,2012-09-21,2014-11-19,2014-11-12,2015-03-02
825 Franklin Ct Se Ste B,Marietta,Class II,BBE: JUN/2024. Batch: 494951 -T,United States,nationwide,91329,E-Mail,"Pepper Collection 8 Tube Gift Set - a colorful assortment of dried peppers.  This product contains peppers in 8 different glass tube and packaged in a printed paperboard sleeve and are visible through a window in the sleeve. Net wt. is 4.87oz/138g. The UPC is 6 009686 793712.  Packed in South Africa. US Importer: Something South African, LLC Seattle WA 98199, Email: info@somethingsouthafrican.net.",30067-8944,4200 units,Food,Due to presence of mold (Aspergillus brasiliensis) and Ochratoxin A.,F-0263-2023,Something South African LLC,GA,Terminated,Voluntary: Firm initiated,2022-12-12,2023-01-25,2023-01-13,2023-04-24
825 Victorsway,Ann Arbor,Class II,Lot # P0127413,United States,Michigan and Ohio Distribution Centers,68134,"Two or more of the following: Email, Fax, Letter, Press Release, Telephone, Visit","Meijer Baby Pediatric Electrolyte Fruit Flavor 8oz x 4 with Best by: 10/01/15; 24 bottles per case, 6-4packs",48108,"720 cases (17, 280 bottles)",Food,H:20 Innovations is recalling Meijer Brand Baby Pediatric Electrolyte Fruit and Strawberry Flavor 8oz drinks due to a seal defect found during a complaint investigation.,F-1952-2014,H:20 Innovations LLC,MI,Terminated,Voluntary: Firm initiated,2014-03-26,2014-05-28,2014-05-21,2014-08-01
8340 Belvedere Ave,Sacramento,Class II,"HP Hood lot numbers: A15335, B15336, A16008, B16009, B16042, C16043  A16046, A16059, A16060, B16061, B16105, C16106, C16127, D16128  A16157, B16158, B15350, C16046, A15349, C16102, C16135, D16136  C16158",United States,"USA, Canada, Australia and south Africa",74394,Telephone,"Muscle Milk 14 oz, 25 g protein.  Vanilla Creme    UPC (case):  8-76063-00222-6;    UPC (unit):  8-76063-00202-8",95826-5902,132597 cases; 12 x 14 oz. containers,Food,Products recalled due to premature spoilage (swelled containers & foul odor).,F-0339-2017,"H.P. Hood, LLC",CA,Terminated,Voluntary: Firm initiated,2016-06-09,2016-11-16,2016-11-07,2017-02-13
835 S Griswold St,Hart,Class II,Date codes: 2118XD and 2138XD   printed on pouch and outer cases  Best by dates: Jul 30 2020 and Aug 01 2020,United States,MI,81548,Letter,"Pictsweet Farms Steam'ables Asparagus Spears  8oz. pouch, 10 per case  UPC 0 70560 97799 9   Frozen",49420-9756,2794 cases,Food,Product was presumptive positive for Listeria monocytogenes.,F-0719-2019,"Hart Freeze pack, LLC",MI,Terminated,Voluntary: Firm initiated,2018-11-09,2018-12-05,2018-12-12,2020-05-28
8425 Carbide Ct,Sacramento,Class I,Delish UPC 0 4902255868 7;  Albertsons UPC 8 26766 79000 5;  Chef Essentials UPC: 8 26766 71600 5;  Raley;s UPC 0 46567 71759 3.  All with best if Sold by dates of 7/19/12 to 7/31/12.,United States,"CA, NV, AZ, UT, AZ, CO, NM, SD, WY, NE.",62676,"Two or more of the following: Email, Fax, Letter, Press Release, Telephone, Visit","Asian Stir Fry, packaged under the following labels and sizes:  Delish, 8.5 oz.  Albertson's Generic Label, 10 oz,  Chef Essentials - 10 oz.  Raley's, 10 oz.    Manufactured by GH Foods CA LLC,  Rancho Cordova, CA.",95828-5609,xx,Food,GH Foods CA received notification from Gills onions of a recall of onions due to Listeria Monocytogenes. GH Foods used the recalled onions in numerous product.,F-1882-2012,GH Foods CA LLC,CA,Terminated,Voluntary: Firm initiated,2012-07-26,2012-08-15,2012-08-08,2013-01-31
8425 Carbide Ct,Sacramento,Class I,Garden Highway UPC:  8 26766 71155 0;  Raley's UPC: 0 46567 02002 0;  Safeway Farms UPC 0 21130 09335 9.  All with best if Sold by dates of 7/17/12 to 7/31/12.,United States,"CA, NV, AZ, UT, AZ, CO, NM, SD, WY, NE.",62676,"Two or more of the following: Email, Fax, Letter, Press Release, Telephone, Visit","Sweet and Sour Stir Fry packaged under the following brand names and sizes:  Garden Highway Chef Essentials 10.5 oz;  Raley's 10.5 oz Safeway Farms 10.5 oz .    Manufactured by GH Foods CA LLC,  Rancho Cordova, CA.",95828-5609,,Food,GH Foods CA received notification from Gills onions of a recall of onions due to Listeria Monocytogenes. GH Foods used the recalled onions in numerous product.,F-1905-2012,GH Foods CA LLC,CA,Terminated,Voluntary: Firm initiated,2012-07-26,2012-08-15,2012-08-08,2013-01-31
8425 Carbide Ct,Sacramento,Class I,Garden Highway UPC:  8 26766 77000 7;  All with best if Sold by dates of 7/19/12 to 7/31/12.,United States,"CA, NV, AZ, UT, AZ, CO, NM, SD, WY, NE.",62676,"Two or more of the following: Email, Fax, Letter, Press Release, Telephone, Visit","Garden Highway Chef Essentials Celery, Onions, diced: 5 oz   Manufactured by GH Foods CA LLC,  Rancho Cordova, CA.",95828-5609,,Food,GH Foods CA received notification from Gills onions of a recall of onions due to Listeria Monocytogenes. GH Foods used the recalled onions in numerous product.,F-1899-2012,GH Foods CA LLC,CA,Terminated,Voluntary: Firm initiated,2012-07-26,2012-08-15,2012-08-08,2013-01-31
8441 Dorsey Run Rd Unit B,Jessup,Class I,Use By Start Date: 11/2/2023  Use By End Date: 11/23/2023,United States,"Distributed in PA, NJ, MD, WV, SC VA, DE, NC, and NY",93540,"Two or more of the following: Email, Fax, Letter, Press Release, Telephone, Visit",MIX FRUIT ALOHA BOWL 3/48 OZ Packaged in clamshell container. UPC:840219170299,20794-9359,189 units,Food,Potential salmonella contamination,F-0678-2024,"TGD Cuts, LLC",MD,Terminated,Voluntary: Firm initiated,2023-11-29,2023-12-27,2024-01-02,2024-09-25
847 Ninita St,Santa Fe,Class I,No manufacturing code.,United States,"Retailers and end users located in NM, USA.",63318,E-Mail,"Peanut Butter Fudge 3 oz bag, manufactured from 6-28-12 thru 9-20-12",87505-3066,132 lbs,Food,"Peanut Butter used to product Peanut Butter Fudge was recalled by Sunland, Inc.; therefore, this product has the potential to be contaminated with Salmonella.",F-0140-2013,"C.G. Higgins Confections, LLC",NM,Terminated,Voluntary: Firm initiated,2012-09-28,2012-10-24,2012-10-18,2013-01-11
8500 Bluewater Rd NW,Albuquerque,Class II,Lot 2023-06871  (Lot numbers are generated by our ERP system and use the 4-digit year followed by a 5-digit sequential number.) Expires: 07/2028 Bottom Code: FENUGRK PCAP 202306871 EXP 07/28,United States,"55 Retail customers, representing 284 individual stores.  All customers are located within the United States. There is no foreign distribution. There is no distribution to US Government agencies or departments. Distribution is by small parcel shipper (UPS, FedEx).  Distribution Chain Notification Date: August 24, 2023",92936,"Two or more of the following: Email, Fax, Letter, Press Release, Telephone, Visit","100 vegetarian  Fenugreek Capsules 90 count, 600mg, packaged in 150cc Amber Glass Packer  with White Polypropylene Cap.",87121-1958,"1,025 bottles (total)",Food,Foreign material: pieces of a pen (writing utensil).,F-1552-2023,"Vitality Works, Inc",NM,Terminated,Voluntary: Firm initiated,2023-08-22,2023-10-04,2023-09-22,2023-11-13
8500 Bluewater Rd NW,Albuquerque,Class II,Lot 2023-06871  (Lot numbers are generated by our ERP system and use the 4-digit year followed by a 5-digit sequential number.) Expires: 07/2028 Bottom Code: FENUGRK PCAP 202306871 EXP 07/28,United States,"55 Retail customers, representing 284 individual stores.  All customers are located within the United States. There is no foreign distribution. There is no distribution to US Government agencies or departments. Distribution is by small parcel shipper (UPS, FedEx).  Distribution Chain Notification Date: August 24, 2023",92936,"Two or more of the following: Email, Fax, Letter, Press Release, Telephone, Visit","100 vegetarian  Fenugreek Capsules 90 count, 600mg, packaged in 150cc Amber Glass Packer  with White Polypropylene Cap.",87121-1958,"1,025 bottles (total)",Food,Foreign material: pieces of a pen (writing utensil).,F-1563-2023,"Vitality Works, Inc",NM,Terminated,Voluntary: Firm initiated,2023-08-22,2023-10-04,2023-09-22,2023-11-13
8500 Bluewater Rd NW,Albuquerque,Class II,Lot 2023-06871  (Lot numbers are generated by our ERP system and use the 4-digit year followed by a 5-digit sequential number.) Expires: 07/2028 Bottom Code: FENUGRK PCAP 202306871 EXP 07/28,United States,"55 Retail customers, representing 284 individual stores.  All customers are located within the United States. There is no foreign distribution. There is no distribution to US Government agencies or departments. Distribution is by small parcel shipper (UPS, FedEx).  Distribution Chain Notification Date: August 24, 2023",92936,"Two or more of the following: Email, Fax, Letter, Press Release, Telephone, Visit","100 vegetarian  Fenugreek Capsules 90 count, 600mg, packaged in 150cc Amber Glass Packer  with White Polypropylene Cap.",87121-1958,"1,025 bottles (total)",Food,Foreign material: pieces of a pen (writing utensil).,F-1570-2023,"Vitality Works, Inc",NM,Terminated,Voluntary: Firm initiated,2023-08-22,2023-10-04,2023-09-22,2023-11-13
8500 Bluewater Rd NW,Albuquerque,Class II,Lot 2023-06871  (Lot numbers are generated by our ERP system and use the 4-digit year followed by a 5-digit sequential number.) Expires: 07/2028 Bottom Code: FENUGRK PCAP 202306871 EXP 07/28,United States,"55 Retail customers, representing 284 individual stores.  All customers are located within the United States. There is no foreign distribution. There is no distribution to US Government agencies or departments. Distribution is by small parcel shipper (UPS, FedEx).  Distribution Chain Notification Date: August 24, 2023",92936,"Two or more of the following: Email, Fax, Letter, Press Release, Telephone, Visit","100 vegetarian  Fenugreek Capsules 90 count, 600mg, packaged in 150cc Amber Glass Packer  with White Polypropylene Cap.",87121-1958,"1,025 bottles (total)",Food,Foreign material: pieces of a pen (writing utensil).,F-1594-2023,"Vitality Works, Inc",NM,Terminated,Voluntary: Firm initiated,2023-08-22,2023-10-04,2023-09-22,2023-11-13
8500 Bluewater Rd NW,Albuquerque,Class II,Lot 2023-06871  (Lot numbers are generated by our ERP system and use the 4-digit year followed by a 5-digit sequential number.) Expires: 07/2028 Bottom Code: FENUGRK PCAP 202306871 EXP 07/28,United States,"55 Retail customers, representing 284 individual stores.  All customers are located within the United States. There is no foreign distribution. There is no distribution to US Government agencies or departments. Distribution is by small parcel shipper (UPS, FedEx).  Distribution Chain Notification Date: August 24, 2023",92936,"Two or more of the following: Email, Fax, Letter, Press Release, Telephone, Visit","100 vegetarian  Fenugreek Capsules 90 count, 600mg, packaged in 150cc Amber Glass Packer  with White Polypropylene Cap.",87121-1958,"1,025 bottles (total)",Food,Foreign material: pieces of a pen (writing utensil).,F-1597-2023,"Vitality Works, Inc",NM,Terminated,Voluntary: Firm initiated,2023-08-22,2023-10-04,2023-09-22,2023-11-13
8550 W Bryn Mawr Ave,Chicago,Class I,MS249538,United States,"ALABAMA, ARKANSAS, CALIFORNIA, COLORADO, FLORIDA, GEORGIA, ILLINOIS, INDIANA, IOWA, KANSAS, KENTUCKY, LOUISIANA, MICHIGAN, MINNESOTA, MISSISSIPPI, MISSOURI, MONTANA, NEBRASKA, NEW JERSEY, NEW YORK, NORTH CAROLINA, OHIO, OKLAHOMA, OREGON, PENNSYLVANIA, TENNESSEE, TEXAS ,WISCONSIN.  CANADA.",92423,Letter,G96378	LOTTA ZING SAUCE MIX    X2	15.00	CASE,60631-3222,"6,465,115.78 pounds Total",Food,Products may contain Salmonella,F-1177-2023,"Newly Weds Foods, Inc.",IL,Terminated,Voluntary: Firm initiated,2023-05-26,2023-07-12,2023-07-05,2024-07-23
8550 W Bryn Mawr Ave,Chicago,Class I,SE012523A SE110222C SE110722A,United States,"ALABAMA, ARKANSAS, CALIFORNIA, COLORADO, FLORIDA, GEORGIA, ILLINOIS, INDIANA, IOWA, KANSAS, KENTUCKY, LOUISIANA, MICHIGAN, MINNESOTA, MISSISSIPPI, MISSOURI, MONTANA, NEBRASKA, NEW JERSEY, NEW YORK, NORTH CAROLINA, OHIO, OKLAHOMA, OREGON, PENNSYLVANIA, TENNESSEE, TEXAS ,WISCONSIN.  CANADA.",92423,Letter,A21470	BATTER MIX X1	50.00	BAG,60631-3222,"6,465,115.78 pounds Total",Food,Products may contain Salmonella,F-1028-2023,"Newly Weds Foods, Inc.",IL,Terminated,Voluntary: Firm initiated,2023-05-26,2023-07-12,2023-07-05,2024-07-23
8550 W Bryn Mawr Ave,Chicago,Class I,SE102022A SE102122A SE102922A SE110322A,United States,"ALABAMA, ARKANSAS, CALIFORNIA, COLORADO, FLORIDA, GEORGIA, ILLINOIS, INDIANA, IOWA, KANSAS, KENTUCKY, LOUISIANA, MICHIGAN, MINNESOTA, MISSISSIPPI, MISSOURI, MONTANA, NEBRASKA, NEW JERSEY, NEW YORK, NORTH CAROLINA, OHIO, OKLAHOMA, OREGON, PENNSYLVANIA, TENNESSEE, TEXAS ,WISCONSIN.  CANADA.",92423,Letter,A89471	BATTER MIX   X1	50.00	BAG,60631-3222,"6,465,115.78 pounds Total",Food,Products may contain Salmonella,F-1049-2023,"Newly Weds Foods, Inc.",IL,Terminated,Voluntary: Firm initiated,2023-05-26,2023-07-12,2023-07-05,2024-07-23
8550 W Bryn Mawr Ave,Chicago,Class I,SE102822A SE101822A,United States,"ALABAMA, ARKANSAS, CALIFORNIA, COLORADO, FLORIDA, GEORGIA, ILLINOIS, INDIANA, IOWA, KANSAS, KENTUCKY, LOUISIANA, MICHIGAN, MINNESOTA, MISSISSIPPI, MISSOURI, MONTANA, NEBRASKA, NEW JERSEY, NEW YORK, NORTH CAROLINA, OHIO, OKLAHOMA, OREGON, PENNSYLVANIA, TENNESSEE, TEXAS ,WISCONSIN.  CANADA.",92423,Letter,A21219	BATTER MIX X1	50.00	BAG,60631-3222,"6,465,115.78 pounds Total",Food,Products may contain Salmonella,F-1027-2023,"Newly Weds Foods, Inc.",IL,Terminated,Voluntary: Firm initiated,2023-05-26,2023-07-12,2023-07-05,2024-07-23
8550 W Bryn Mawr Ave,Chicago,Class I,SE102922A SE110722A,United States,"ALABAMA, ARKANSAS, CALIFORNIA, COLORADO, FLORIDA, GEORGIA, ILLINOIS, INDIANA, IOWA, KANSAS, KENTUCKY, LOUISIANA, MICHIGAN, MINNESOTA, MISSISSIPPI, MISSOURI, MONTANA, NEBRASKA, NEW JERSEY, NEW YORK, NORTH CAROLINA, OHIO, OKLAHOMA, OREGON, PENNSYLVANIA, TENNESSEE, TEXAS ,WISCONSIN.  CANADA.",92423,Letter,A53643	BREADER   X1	50.00	BAG,60631-3222,"6,465,115.78 pounds Total",Food,Products may contain Salmonella,F-1039-2023,"Newly Weds Foods, Inc.",IL,Terminated,Voluntary: Firm initiated,2023-05-26,2023-07-12,2023-07-05,2024-07-23
8550 W Bryn Mawr Ave,Chicago,Class I,YE674634 YE674635,United States,"ALABAMA, ARKANSAS, CALIFORNIA, COLORADO, FLORIDA, GEORGIA, ILLINOIS, INDIANA, IOWA, KANSAS, KENTUCKY, LOUISIANA, MICHIGAN, MINNESOTA, MISSISSIPPI, MISSOURI, MONTANA, NEBRASKA, NEW JERSEY, NEW YORK, NORTH CAROLINA, OHIO, OKLAHOMA, OREGON, PENNSYLVANIA, TENNESSEE, TEXAS ,WISCONSIN.  CANADA.",92423,Letter,S04380	BEEF RUB                    X1	50.00	BAG,60631-3222,"6,465,115.78 pounds Total",Food,Products may contain Salmonella,F-1197-2023,"Newly Weds Foods, Inc.",IL,Terminated,Voluntary: Firm initiated,2023-05-26,2023-07-12,2023-07-05,2024-07-23
8550 W Bryn Mawr Ave,Chicago,Class I,YE675049,United States,"ALABAMA, ARKANSAS, CALIFORNIA, COLORADO, FLORIDA, GEORGIA, ILLINOIS, INDIANA, IOWA, KANSAS, KENTUCKY, LOUISIANA, MICHIGAN, MINNESOTA, MISSISSIPPI, MISSOURI, MONTANA, NEBRASKA, NEW JERSEY, NEW YORK, NORTH CAROLINA, OHIO, OKLAHOMA, OREGON, PENNSYLVANIA, TENNESSEE, TEXAS ,WISCONSIN.  CANADA.",92423,Letter,G0AGTG	GTG HOT & SPICY WIENER SEASONING X4	24.44	BAG,60631-3222,"6,465,115.78 pounds Total",Food,Products may contain Salmonella,F-1118-2023,"Newly Weds Foods, Inc.",IL,Terminated,Voluntary: Firm initiated,2023-05-26,2023-07-12,2023-07-05,2024-07-23
874 S Main St,San Luis,Class I,No Lot code on label. Expiration date listed as 05/24 and 03/24.,United States,Firm is  100% internet sales. Distribution is unknown at this time.,93920,E-Mail,"H&NATURAL 2 PACK! BRAZIL SEED 60 PIECES, PURE NATURAL SEMILLA DE BRASIL FOR 60 DAYS, 5 GRAMS PER BOX, 2 BLACK BOXES.",85349-7500,,Food,Product recalled due to the presence of yellow oleander and its components in the product.,F-1170-2024,HandNatural,AZ,Ongoing,Voluntary: Firm initiated,2024-02-09,2024-04-24,2024-04-16,
8801 Exchange Dr,Orlando,Class I,1) Item # 511511; 2) Item #481603,United States,Onion products were distributed to restaurant/food service in FL only.,62704,Telephone,"MIX w/yellow onions used as an ingredient.  Product may be labeled in part:  1) ""***Pico De Gallo 3/8"" Cut***Ready To Eat Product***2/5 LB***"", ""***FP CENTRAL FL. FRESHCUTS MIXES, FC PICO DE GALLO 3/8#***2/5#***RT # FC***"", Item # 511511  MIXES, FC PICO DE GALLO 3/8""  2) ""***FP CENTRAL FL. FRESHCUTS MIXES, FC T.G.I. PICO 3/8"" SMALL PACK***4/2.5LB***RT # FC***"", Item # 481603  MIXES, FC T.G.I. PICO 3/8"" SMA",32809-7970,1) 13 cases; 2) 6 boxes,Food,FreshPoint Central Florida is recalling multiple onion products and mixes.  The products were prepared using onions sourced from Gills Onions LLC which may be adulterated with Listeria monocytogenes.,F-1877-2012,FreshPoint Central Florida,FL,Terminated,Voluntary: Firm initiated,2012-07-25,2012-08-15,2012-08-08,2013-11-26
8840 Cypress Waters Blvd Ste 200,Coppell,Class I,2514111  2514311,United States,Arizona and Nevada,97011,E-Mail,"FG20004 	Cucumber, Sliced packaged in poly bag, and cardboard case. 16 lbs per case",75019-4594,8 cases; 10 bags per case,Food,potential to be contaminated with Listeria monocytogenes,H-0264-2025,AND GO CONCEPTS DBA SALAD AND GO,TX,Terminated,Voluntary: Firm initiated,2025-05-27,2025-07-23,2025-07-11,2025-09-24
89 Tompkins Street,Spencer,Class I,Lot 33310-4,United States,Initial distribution to Canada with subsequent distribution throughout the US and Canada.,58653,"Two or more of the following: Email, Fax, Letter, Press Release, Telephone, Visit","#1 Gluten Free brand White Cake Mix, 5 lb., UPC 6 54367 43505 2.",14883-9759,29 retail packages,Food,"The product was found to contain undeclared milk, a known allergen, from a sub-ingredient in the powdered sunflower oil.",F-1397-2012,Raymond Hadley Corporation,NY,Terminated,Voluntary: Firm initiated,2011-04-19,2012-06-20,2012-06-08,2012-06-08
9 Boumar Pl,Elmwood Park,Class I,Lot #F16BC-25A    UVBBIN  Case code: H16CB-02A Retail unit code: H16CB Best by: 3/21/2018,United States,US Nationwide and Foreign,74182,Letter,"Ungar's Veggie Balls (Vegan), 1 oz., 10 lbs (4.54 kg), Best if used by: May-12-2018, UPC 0 0080868 81310 3, Ungar's Food Products, Elmwood Park, NJ 07407",07407-2615,176 cases,Food,Dr. Praeger's Sensible Food/Ungar's Food Products is voluntarily recalling various not-ready-to eat frozen products because they may be contaminated with Listeria monocytogenes.,F-1636-2016,Dr. Praeger'S Sensible Foods,NJ,Terminated,Voluntary: Firm initiated,2016-05-13,2016-07-20,2016-07-08,2017-10-04
9 Boumar Pl,Elmwood Park,Class I,Lot #N16AE-11R    VBTM06  Case code: H16AI-03A Retail unit code: H16AI  Best by: 3/08/2018,United States,US Nationwide and Foreign,74182,Letter,"Dr. Praeger's Tex Mex Veggie Burgers, 6 x 10 oz. (283g)/box, Best if used by: Jan -4-2018, UPC (01) 6 0080868 00048 , Dr. Praeger's Sensible Foods, Elmwood Park, NJ 07407",07407-2615,"1,284 cases",Food,Dr. Praeger's Sensible Food/Ungar's Food Products is voluntarily recalling various not-ready-to eat frozen products because they may be contaminated with Listeria monocytogenes.,F-1643-2016,Dr. Praeger'S Sensible Foods,NJ,Terminated,Voluntary: Firm initiated,2016-05-13,2016-07-20,2016-07-08,2017-10-04
90 W Morgan St,Austin,Class II,"May 29, 2018 [E2918 batch code on can]; UPC: 78742043239 [On label] 3-Digit Code: GTY [On bottom of can] Batch: E2918 [On bottom of can]",United States,Domestic: AR    Foreign/VA/DOD: None,80806,"Two or more of the following: Email, Fax, Letter, Press Release, Telephone, Visit","Tomato Condensed Soup, 26 oz (1 LB 10 OZ) 737 g, 307  x 512  Can, Family Size, 12 cans per tray, shelf stable",47102-1741,"6,168 cans",Food,"Morgan Foods, Inc. initiated a voluntary recall of Tomato Condensed Soup, 26 oz. (1 LB 10 OZ) 737 g can, due to being mislabeled and containing cream of mushroom soup with undeclared allergens milk and soy.",F-1855-2018,"Morgan Foods, Inc.",IN,Terminated,Voluntary: Firm initiated,2018-08-08,2018-09-05,2018-08-24,2020-04-29
900 High St,Hanover,Class I,JUL 2219      9         ED,United States,"The product was distributed to the following states: CT,DE,MA,MD,ME,NC,NH,NJ,NY,PA,RI,VT WV",82277,"Two or more of the following: Email, Fax, Letter, Press Release, Telephone, Visit","Bachman Original Twist Pretzels,10 oz.Bag (flexible film) UPC: 0-77817-10580-8",17331-1639,196 cases = 1960 bags,Food,"Utz Quality Food, LLC is initiating a recall of Bachman Original Twist Pretzels,10 oz.Bag (flexible film) Net Wt.: 10 oz.,  UPC: 0 77817 10580 8 , because of Undeclared milk allergen.   Butter Twist  pretzels mistakenly packaged into regular  Pretzel Twist  bags.",F-1185-2019,Utz Quality Food Inc,PA,Terminated,Voluntary: Firm initiated,2019-02-25,2019-04-03,2019-03-22,2019-06-27
900 Hynes Ave SW,Grand Rapids,Class I,"1.5 oz PEANUT BUTTER COOKIES, 80/case; Product Code/Lot Code: 16033",United States,"Domestic: Jackson, MI; Toledo, OH; Grand Rapids, MI; Urbana, OH; Hudsonville, MI; Columbus, OH; Lansdale, PA; and Charlton, MA.    No Foreign or DOD/VA",73353,"Two or more of the following: Email, Fax, Letter, Press Release, Telephone, Visit","1.5 oz PEANUT BUTTER COOKIES, 80/case",49507-1076,15 cases,Food,Savory Foods Inc. has initiated a voluntary recall due to the potential for contamination with Listeria monocytogenes.,F-2473-2016,"Savory Foods, Inc.",MI,Terminated,Voluntary: Firm initiated,2016-02-11,2016-10-12,2016-09-30,2016-10-28
900 Long Ridge Rd,Stamford,Class II,"Best By Dates:  6/30/16,  8/31/16, 10/31/16",United States,nationwide,72821,Letter,"Sweet Leaf Organic Raspberry Iced Tea, 16 oz glass bottle  UPC: 6-51538-06703-6",06902-1128,"13,175 cases (12/case)",Food,Product contains glass particles,F-0502-2016,Nestle Waters North America,CT,Terminated,Voluntary: Firm initiated,2015-12-09,2016-01-20,2016-01-12,2016-06-07
900 Vine St,Evansville,Class I,"Manufactured: 4 /11 /2016   6/25/2018  Distributed Between: 4/12/16   9/17/18  Codes: 102,123,193,235,277,37,100,191,212,310,352,176",United States,Domestic Only: IN and KY,81111,Telephone,"Lic's REESE'S OREO, ONE QUART (946 mL), packed in Plastic quart container",47708-1944,571qts.,Food,"Lloyd s Ice Cream of Evansville, IN is voluntarily recalling pre-packed quarts of Reese s Oreo Ice Cream because the product label does not declare peanuts.",F-0027-2019,Lloyd'S Ice Cream Inc,IN,Terminated,Voluntary: Firm initiated,2018-09-21,2018-10-17,2018-10-11,2019-02-08
9000 Plymouth Ave N,Golden Valley,Class I,"Lunch ID's:  1016.2, 1017.3, 1025.1, 1026.2, 1026.3, 1029.2, 1029.3, 1032.3, 1032.4, 1033.1, 1034.3, 1034.4, 1035.1, 1036.4. 1036.5, 1038.3, 1042.1, 1046.1, 1050.2, 1051.2",United States,"CA, GA, LA, MI, MO, NH, NJ, NY, OR, PA, TX",90290,"Two or more of the following: Email, Fax, Letter, Press Release, Telephone, Visit","dibz Lunch Blox.  Entree, Grain, Veggie, Fruit",55427-3870,20 units,Food,Potential Salmonella contamination.,F-1280-2022,General Mills James Ford Bell Technical Center,MN,Terminated,Voluntary: Firm initiated,2022-05-22,2022-06-15,2022-06-08,2023-02-17
901 Gilman St,Berkeley,Class II,"Best by date codes: 062124, 062224, 062324, 062424, 062524, 062624, 062724",United States,Distribution in CA only. No foreign distribution.,94875,"Two or more of the following: Email, Fax, Letter, Press Release, Telephone, Visit",Starter Bakery Multigrain Sourdough Bread with UPC 8 50025 60902 9,94710-1466,590 pieces,Food,"Allergen (sesame seeds) declared in the ingredient statement but missing from the ""Contains"" statement",F-1488-2024,STARTER BAKERY,CA,Terminated,Voluntary: Firm initiated,2024-06-21,2024-07-24,2024-07-17,2024-09-26
903 N Broadway St,Louisburg,Class I,Rabbit Creek Products brand: best by Feb 2017 and March 2017,United States,Distributed nationwide to specialty shops and some products were sold online through the firm's website as well as Amazon.,74890,"Two or more of the following: Email, Fax, Letter, Press Release, Telephone, Visit","The Inebriated Apple Wine Brownie Mix, packaged in a plastic bag which is placed in a cardboard box, net wt. 11oz, UPC 010749040151",66053-3541,30 bags,Food,"Bread, muffin, and brownie mixes may have been manufactured with flour contaminated with E. coli O121",F-2536-2016,Rabbit Creek Products Inc.,KS,Terminated,Voluntary: Firm initiated,2016-08-09,2016-10-12,2016-09-30,2018-01-10
903 N Broadway St,Louisburg,Class I,Rabbit Creek Products brand: best by Feb 2017 and March 2017  Grandpa's Cheesebarn brand: best by Feb 2017  Patti's 1880's Settlement brand: best by March 2017  Somersvillage brand: best by Feb 2017,United States,Distributed nationwide to specialty shops and some products were sold online through the firm's website as well as Amazon.,74890,"Two or more of the following: Email, Fax, Letter, Press Release, Telephone, Visit","Cinnamon Swirl Quick Bread Mix, packaged in a plastic bag which is placed in a cardboard box, net wt. 16.5oz, UPC 010749008502",66053-3541,179 bags,Food,"Bread, muffin, and brownie mixes may have been manufactured with flour contaminated with E. coli O121",F-2576-2016,Rabbit Creek Products Inc.,KS,Terminated,Voluntary: Firm initiated,2016-08-09,2016-10-12,2016-09-30,2018-01-10
903 N Broadway St,Louisburg,Class I,Rabbit Creek Products brand: best by Jan 2017   Patti's 1880's Settlement brand: best by Jan 2017,United States,Distributed nationwide to specialty shops and some products were sold online through the firm's website as well as Amazon.,74890,"Two or more of the following: Email, Fax, Letter, Press Release, Telephone, Visit","Flower Pot Muffin Mix Cinnamon Swirl Streusel with Drizzle Icing, packaged in a packaged in a plastic bag which is placed in a paper bag and packaged with two clay pots, net wt. 19oz, UPC 010749109902",66053-3541,29 bags,Food,"Bread, muffin, and brownie mixes may have been manufactured with flour contaminated with E. coli O121",F-2504-2016,Rabbit Creek Products Inc.,KS,Terminated,Voluntary: Firm initiated,2016-08-09,2016-10-12,2016-09-30,2018-01-10
903 N Broadway St,Louisburg,Class I,Rabbit Creek Products brand: best by Jan 2017 and Feb 2017,United States,Distributed nationwide to specialty shops and some products were sold online through the firm's website as well as Amazon.,74890,"Two or more of the following: Email, Fax, Letter, Press Release, Telephone, Visit","Cranberry Orange Muffin Mix, packaged in a plastic bag which is placed in a cardboard box, net wt. 14.8oz, UPC 010749011304",66053-3541,32 bags,Food,"Bread, muffin, and brownie mixes may have been manufactured with flour contaminated with E. coli O121",F-2495-2016,Rabbit Creek Products Inc.,KS,Terminated,Voluntary: Firm initiated,2016-08-09,2016-10-12,2016-09-30,2018-01-10
903 S Azusa Ave,City Of Industry,Class III,"BB Mar 16, 2014  BB Mar 17, 2014  BB Mar 20, 2014  BB Aug 14, 2014  BB Sept 11, 2014  BB Sept 12, 2014",United States,"CA, NV, NM, WA, GA, NJ,",35761,Letter,"Tausi Brand Salted Black Beans, 180g (6.34oz), 100 cans/carton This product is in a two piece can with a single seam. This 6.34 oz can is wrapped with a label containing, red, yellow, and black text labeled in part ""Tausi Brand Salted Black Beans***Distributed by: V8 Commercial Co, Inc. San Juan, Metro Manila Produc of the Phillipines***Ingredients: Black Beans, water, Iodized salt, sugar and caramel Net wt. 180g(6.34oz)**BB:___""",91748,530 cartons,Food,Mandalay Trading is recalling Tausi Brand Salted Black Beans because it may have the potential for pathogen growth and toxin formation due to Clostridium botulinum or other spoilage organisms.,F-1199-2013,Mandalay Trading Corporation,CA,Terminated,Voluntary: Firm initiated,2013-01-25,2013-03-20,2013-03-14,2013-04-15
904 Woods Rd,Cambridge,Class II,Retail UPC: 41220273355  Lot Code: 98C06193,United States,"Product Distributed to the following states: AL, AZ, AR,CA,CO,CT,DE,FL,GA,ID,IL,IN,IA,KS,KY,LA,ME,MD,MA,MI,MN,MS,MO,NH,NJ,NY,NC,OH,OR,PA,SC,TN,TX,UT,VA,WA,WI",93143,"Two or more of the following: Email, Fax, Letter, Press Release, Telephone, Visit",Central Market 32oz Organic No Salt Added Chicken Broth,21613-9470,"439,240 cases total for all products",Food,potential microbial contamination,F-0732-2024,"TreeHouse Foods, Inc.",MD,Terminated,Voluntary: Firm initiated,2023-09-21,2024-01-24,2024-01-17,2024-03-22
9141 Green Valley Rd,Sebastopol,Class II,"ALL CODES  Through AUG 08, 2018",United States,Nationwide.,76589,Telephone,"Trader Joe's First Crush Unsweetened Gravenstein Apple Sauce;   24 oz. glass jar.  Best Before date stamped on top of lid.    UPC:00015905     Distributed by Trader Joe's, Monrovia, CA",95472-2245,"70,157 jars",Food,Manzana Products Co. is initiating a recall of three varieties of apple sauce after receiving customer complaints or finding small pieces of glass in the product.,F-1643-2017,"Manzana Products Co.,  Inc.",CA,Terminated,Voluntary: Firm initiated,2017-02-24,2017-03-29,2017-03-20,2019-05-29
920 Avenue R Ste 100,Grand Prairie,Class I,Best Before 10/02-11/2020;   Lot# URE0103  Lot# URE0103  Lot# URS0103,United States,"AR, IL, IN, KS, KY, LA, MO, OK, and TX.",86538,"Two or more of the following: Email, Fax, Letter, Press Release, Telephone, Visit",Seasonal Trio  32oz UPC 681131180696 packaged in clear plastic container,75050-1528,36983 cases (total),Food,potential to be contaminated with Listeria monocytogenes,F-0082-2021,Country Fresh Inc.,TX,Terminated,Voluntary: Firm initiated,2020-10-01,2020-10-21,2020-11-05,2020-12-16
921 Baker St,Covington,Class II,Marshmallow eggs #15053 through 15075,United States,"1 Distributer, 33 Retailers",70333,Other,Milk Opera Cream,41011-2007,"20,304 Cream Eggs",Food,During an FDA Investigation the firm was notified that their labels lack the declaration of soy and Yellow #5 which are known allergens.,F-1443-2015,Chris A Papas & Son Co,KY,Terminated,Voluntary: Firm initiated,2015-01-22,2015-03-25,2015-03-18,2015-09-21
921 Baker St,Covington,Class II,Marshmallow eggs #15053 through 15075,United States,"1 Distributer, 33 Retailers",70333,Other,White Opera  Cream,41011-2007,"20,304 Cream Eggs",Food,During an FDA Investigation the firm was notified that their labels lack the declaration of soy and Yellow #5 which are known allergens.,F-1448-2015,Chris A Papas & Son Co,KY,Terminated,Voluntary: Firm initiated,2015-01-22,2015-03-25,2015-03-18,2015-09-21
9250 Holly St NW,Coon Rapids,Class I,Sell by Date before 3/20/2015,United States,Nationwide.  No distribution outside the US.,67806,E-Mail,Bacon Cold Pack Cheese sold under the following sizes and brands:    1.   Parkers Farm or Parkers label in 8 ounce (14002) and 14 ounce (17002) cups with snap on lid; 5 lb. Cheeseball Base - Bacon (14441) and 10 lb. (61760) pail with snap on lid;     2.  Bucky Badger in 8 oz. (31611) and 14 oz. (41611) cups with snap on lid.,55433-5800,"369,840 total cases for all varieties",Food,"Various Peanut butters, cheese spreads, cold pack cheese, salsa, cheese balls/logs have the potential to be contaminated with Listeria monocytogenes.",F-1836-2014,Parkers Farm Inc,MN,Terminated,Voluntary: Firm initiated,2014-03-21,2014-04-23,2014-04-16,2015-10-21
9250 Holly St NW,Coon Rapids,Class I,Sell by Date before 3/20/2015,United States,Nationwide.  No distribution outside the US.,67806,E-Mail,Cheddar Cheese Ball and Logs sold under the following sizes and brands:    1. Aldi label in 10 ounce balls (1087 / #7713) in film overwrap;     2.   Win Schuler Original label in 10 ounce balls (55560) and logs (55570) in film overwrap; 3. CP in 8 ounce cheese logs (CH111000) in film overwrap.,55433-5800,"369,840 total cases for all varieties",Food,"Various Peanut butters, cheese spreads, cold pack cheese, salsa, cheese balls/logs have the potential to be contaminated with Listeria monocytogenes.",F-1852-2014,Parkers Farm Inc,MN,Terminated,Voluntary: Firm initiated,2014-03-21,2014-04-23,2014-04-16,2015-10-21
9250 Holly St NW,Coon Rapids,Class I,Sell by Date before 3/20/2015,United States,Nationwide.  No distribution outside the US.,67806,E-Mail,"Peanut Butter sold under the following sizes, brands: HONEY CRUNCHY (55204) Peanut Butter in 16 oz tubs with snap on lid.",55433-5800,"369,840 total cases for all varieties",Food,"Various Peanut butters, cheese spreads, cold pack cheese, salsa, cheese balls/logs have the potential to be contaminated with Listeria monocytogenes.",F-1868-2014,Parkers Farm Inc,MN,Terminated,Voluntary: Firm initiated,2014-03-21,2014-04-23,2014-04-16,2015-10-21
929 N Russell St,Portland,Class III,"Products packaged on or before May 15, 2013.  Individual bottle does not have any codes.",United States,"Distributed in California, Oregon, Washington",65809,E-Mail,Square Mile Spur & Vine Hopped Apple Cider is hopped hard cider is in liquid form and is an alcoholic beverage.  It is packaged in 22 fl oz glass bottles shipped in a corrugated master carton that contains 12 bottles.  Individual bottle is sold at retail stores.    UPC codes case: 7-02770-04912-0   UPC Bottle: 7-02770-24910-0  PDCN code: CAB12,97227-1733,2699 cases/12 bottles/22 fl oz.,Food,Square Mile Spur & Vine Hopped Apple Cider is recalled because bottles may burst.,F-1785-2013,Craft Brewers Alliance Inc.,OR,Terminated,Voluntary: Firm initiated,2013-07-16,2013-08-21,2013-08-15,2013-11-18
9406 N Highway 33,Osborn,Class II,All best by dates prior to November 2017,United States,Product was distributed to retail stores in the Kansas City metro area.,76635,Visit,"Cookin' Unsalted Butter, packaged in 8 oz plastic tubs. Plant # 29-685 Osborn, MO.",64474-7322,303 tubs,Food,Undeclared allergens: Butter fails to disclose the presence of milk and ice cream sandwiches fail to disclose the presence of wheat.,F-3398-2017,Shatto Milk Co,MO,Terminated,Voluntary: Firm initiated,2017-06-26,2017-08-30,2017-08-22,2018-09-17
9411 8th Ave S,Seattle,Class I,All products are coded with 7 digit code ending in 14x (ie: 0219142) produced before 12/19/2014.,United States,Distributed nationwide.,70158,"Two or more of the following: Email, Fax, Letter, Press Release, Telephone, Visit","Port Townsend Lavender ice cream, labeled in part, ""***Full Tilt ice cream Port Townsend Lavender***Ingredients: Cream, milk, skim milk, sugar, infusion of lavender buds, guar gum, carob bean gum, soy lecithin, carrageenan***Seattle WA 98106 www.fulltilticecream.com***"".      Ice cream is packaged in 16 oz paper containers, and 1.5 gallon and 3 gallon plastic tubs.  UPC code: 713757814621 for 16 oz container only",98108-4903,"94 case, 6 per case",Food,"Full Tilt Brand ice cream is being recalled due to the potential to be contaminated with Listeria monocytogenes. These products contain ice cream mix, an ingredient manufactured and recalled by Snoqualmie Gourmet Ice Cream, Inc.",F-1054-2015,Full Tilt Ice Cream,WA,Terminated,Voluntary: Firm initiated,2014-12-22,2015-02-18,2015-02-10,2015-02-23
9411 8th Ave S Ste 3A,Seattle,Class II,Product with a Julian date of 20621X and before. Tubs mark with the date of 7/26/21 and before,United States,distributed in WA.,88387,"Two or more of the following: Email, Fax, Letter, Press Release, Telephone, Visit","Huckleberry Chip, Full Tilt Ice Cream brand, packaged in 3 gallon tubs. No UPC.",98108-4903,50 tubs,Food,The ice cream mix did not meet pasteurization specifications.,F-0968-2021,"Full Tilt Ice Cream, LLC",WA,Terminated,Voluntary: Firm initiated,2021-07-29,2021-09-22,2021-09-10,2022-01-24
945 Penacook Rd,Contoocook,Class II,,United States,NH only.  No foreign distribution.,65325,"Two or more of the following: Email, Fax, Letter, Press Release, Telephone, Visit",Butter (salted).  8oz round clear plastic tub and 5 gallon pail.  UPC Code 7 93573 09802 3.,03229-3030,quantity unknown,Food,Elevated coliform and standard plate count.,F-1859-2013,Contoocook Creamery,NH,Terminated,Voluntary: Firm initiated,2013-05-17,2013-09-11,2013-09-05,2016-04-14
"950 3rd Avenue, 21st Floor",New York,Class II,2280703   Best By 4/3/2019,United States,"CA, CO, UT, WA, GA, TX",80580,Telephone,"Homestyle Italian Seasoned Croutons:  1 lb. foil pouch  Item # 74384              Sugar Foods Corporation  6190 E. Slauson Ave.  Los Angeles, CA 90047",10022,216 Cases (10 x 1.lb. pouches per case),Food,Recalled whey powder was used in further production of numerous food products.,F-1804-2018,Sugar Foods Corporation Inc,NY,Terminated,Voluntary: Firm initiated,2018-07-20,2018-08-08,2018-08-13,2018-09-18
9500 New Horizons Blvd,Amityville,Class II,Lot Number 1256074,United States,New York,66765,Letter,"UT-Fem¿ FOR WOMEN, urinary tract SOLUTION, Dietary Supplement, 42 Vegetable Capsules, Product No. 110403, UPC 7 98304 24865 4 -- Manufactured for: Global Quality Health Inc.",11701-1155,1495 bottles,Food,"The finished dietary supplement product was manufactured with ingredients subsequently found to be contaminated with chloramphenicol, an antibiotic, at levels above 0.3 ppb.  The supplier, Specialty Enzymes & Biotechnologies, recalled the raw materials and notified the recipients.  Subsequent private laboratory testing of the finished product revealed levels of chloramphenicol above 0.3 ppb.",F-1105-2014,"Global Health Laboratories, LLC",NY,Terminated,Voluntary: Firm initiated,2013-11-07,2013-12-25,2013-12-18,2017-03-08
96 Executive Ave,Edison,Class I,"Lot #16109, #16097  Best by 09/17/16",United States,nationwide,74089,Telephone,"Woodstock Farms Mfg. Cape Cod Cranberry Mix Net Wt. 25 Lbs.  Distributed by Woodstock Farms Mfg. Edison, NJ 08817  UPC C250575",08817-6016,107 cases,Food,Walnut pieces may be contaminated with Listeria monoctyogenes which was determined through Third Party Sampling.,F-2346-2016,United Natural Trading,NJ,Terminated,Voluntary: Firm initiated,2016-05-06,2016-09-28,2016-09-19,2017-06-14
9601 Overseas Hwy,Marathon,Class I,,United States,"Domestic distribution only, within state of Florida. No foreign distribution.",93169,"Two or more of the following: Email, Fax, Letter, Press Release, Telephone, Visit","MAMEY, PARADISE FLAVORS LLC, 4 oz. Packaged in plastic pouch. Frozen.",33050-3344,80 units (pieces) from latest production,Food,Undeclared allergen: Milk.,F-0440-2024,Paradise Flavors LLC,FL,Terminated,Voluntary: Firm initiated,2023-09-27,2023-11-22,2023-11-17,2024-01-25
9608 E Montgomery Ave Ste 5,Spokane Valley,Class I,"All codes manufactured from January 1, 2014 - December 15, 2014. (""MMDD"" and ""XXXX""-Snoqualmie Gourmet Ice Cream Code)",United States,Washington and Idaho ice cream scoop shops and restaurants.,70150,"Two or more of the following: Email, Fax, Letter, Press Release, Telephone, Visit","Orange Ginger ice cream; Bulk product is labeled with flavor name and date code, which is affixed to the plastic container (1, 1.5 and 3 gallon).",99206-4162,Approx 38.75 gallons,Food,The recalling firm was notified that raw materials used in producing the ice cream products have the potential to be contaminated with Listeria monocytogenes,F-1124-2015,Numbskull LLC,WA,Terminated,Voluntary: Firm initiated,2014-12-23,2015-02-18,2015-02-11,2015-02-23
9608 E Montgomery Ave Ste 5,Spokane Valley,Class I,"All codes manufactured from January 1, 2014 - December 15, 2014. (""MMDD"" and ""XXXX""-Snoqualmie Gourmet Ice Cream Code)",United States,Washington and Idaho ice cream scoop shops and restaurants.,70150,"Two or more of the following: Email, Fax, Letter, Press Release, Telephone, Visit","Pear Sorbet; Bulk product is labeled with flavor name and date code, which is affixed to the plastic container (1, 1.5 and 3 gallon).",99206-4162,Approx 3 gallons,Food,The recalling firm was notified that raw materials used in producing the ice cream products have the potential to be contaminated with Listeria monocytogenes,F-1182-2015,Numbskull LLC,WA,Terminated,Voluntary: Firm initiated,2014-12-23,2015-02-18,2015-02-11,2015-02-23
965 E Midlothian Blvd,Youngstown,Class I,"Lot #CAFC8W, Best By Sept 21, Lot #CAFC7B, Best By Sept 20",United States,"The product was shipped to the following states: IN, MI, NY, OH, PA & WV.",66265,"Two or more of the following: Email, Fax, Letter, Press Release, Telephone, Visit","Schwebel's Golden Rich Bun with Honey, 18 oz plastic bag, 12 count, UPC 0 71319 00083 8 Product labeled in part, ""INGREDIENTS: ENRICHED WHEAT FLOUR***CONTAINS: WHEAT, SOY SCHWEBEL BAKING CO. YOUNGSTOWN, OH 44501""",44502-2837,"12,642/18 oz/12 count plastic bags",Food,Undeclared eggs.,F-0086-2014,Schwebel Baking Company,OH,Terminated,Voluntary: Firm initiated,2013-09-12,2013-11-06,2013-10-28,2014-04-28
969 Newark Tpke Unit D,Kearny,Class II,None.,United States,"CT, IL, MD, NJ, NY,  & PA",69391,Letter,"Mama Tere Arepa de Blanca de Maiz White Corn Patty 14.1 oz/400g   5 units Product of Colombia Importado Por: Family Food Distributors, Inc. 969 Newark Turnpike, Kearny, NJ 07032  UPC 812828011676",07032-4321,,Food,"Mama Tere Arepa de Moto, de Chocolo and and de Blanca de Maiz were found to be mislabeled.",F-0465-2015,"Family Food Distributors, Inc.",NJ,Terminated,Voluntary: Firm initiated,2014-08-26,2014-11-12,2014-11-06,2017-05-30
9715,Austin,Class I,PRODUCT DESCRIPTION LOT CUCUMBER SELECT                  5# X2377626 CUCUMBER SELECT                  5# X2377665 CUCUMBER SELECT                  5# X2378321 CUCUMBER SELECT                  5# X2378322 CUCUMBER SELECT                  5# X2378323 CUCUMBER SELECT                  5# X2378451 CUCUMBER SELECT                  5# X2378845 CUCUMBER SELECT                  5# X2378846 CUCUMBER SELECT                  5# X2378878 CUCUMBER SELECT                  5# X2378986 CUCUMBER SELECT                  5# X2379632 CUCUMBER SELECT                  5# X2380656 CUCUMBER SELECT                  5# X2381011 CUCUMBER SELECT                  5# X2381079 CUCUMBER SELECT                  5# X2381084 CUCUMBER SELECT                  5# X2381089 CUCUMBER SELECT                  5# X2381311 CUCUMBER SELECT                  5# X2381629 CUCUMBER SELECT                  5# X2381657 CUCUMBER SELECT                  5# X2381669 CUCUMBER SELECT                  5# X2381684 CUCUMBER SELECT                  5# X2382260 CUCUMBER SELECT                  5# X2382301 CUCUMBER SELECT                  5# X2382330 CUCUMBER SELECT                  5# X2382712 CUCUMBER SELECT                  5# X2383350 CUCUMBER SELECT                  5# X2383437 CUCUMBER SELECT                  5# X2384557 CUCUMBER SELECT                  5# X2384586  CUCUMBER SELECT                6 CT X2377074 CUCUMBER SELECT                6 CT X2379602 CUCUMBER SELECT                6 CT X2381000 CUCUMBER SELECT                6 CT X2381080 CUCUMBER SELECT                6 CT X2383400 CUCUMBER SELECT                6 CT X2384557 CUCUMBER SELECT                6 CT X2384587,United States,Texas,95905,E-Mail,"14019 Cucumber Select 6 CT, 01034 Cucumber Select 5# packaged in polybags Dairyland Produce, LLC",78708,"3,607 bags",Food,Cucumbers have the potential to be contaminated with Salmonella,F-0399-2025,HARDIES FRESH FOODS,TX,Terminated,Voluntary: Firm initiated,2024-11-27,2025-01-22,2025-01-14,2026-02-11
975 Bennett Dr,Longwood,Class I,"VPro Mocha 15 serving: UPC 820103979917, LOT VP006956, EXP 12/2016.      VPro Mocha 30 serving: UPC 820103456456, LOT VP006336 (EXP 10/2016), LOT VP241708 (EXP 02/2018).",United States,Nationwide.,73277,E-Mail,"VPro Raw Plant Protein, Mocaccino. Packaged in a plastic bottle with green, white, and black adhesive label.  Packaged in 1 lb (15 serving) and 2 lb (30 serving).",32750-6352,"Total product including all flavors: 17,730 total units",Food,Undeclared Soy,F-1037-2016,"NutraKey, Inc.",FL,Terminated,Voluntary: Firm initiated,2016-01-15,2016-04-13,2016-04-06,2018-08-23
984 Main St,Worcester,Class II,,United States,"Retail stores in MA, NY, NJ",75096,Telephone,"ELDER PAINTSIL'S GA KENKEY, NET WT. 1.20, UPC: 6 61799 58166 0, MANUFACTURED BY  VICTORY GENERAL FOODS IN WORCESTER, MA 01603",01603-2417,unknown,Food,Product manufactured under insanitary conditions and firm did not follow the Food Code-mandated scheduled process,F-1337-2017,Victory General Foods Inc,MA,Terminated,Voluntary: Firm initiated,2016-08-26,2017-02-01,2017-01-23,2017-01-24
"Calle 305, Building D-4",Bayamon,Class I,TBD,United States,P.R. consignees only.,78924,Telephone,Pound Cake NET WT 4OZ and 12OZ.,00959,TBD,Food,"Undeclared allergens: wheat, soy, and milk.",F-0765-2018,"Productos Pacheco, Inc.",PR,Terminated,Voluntary: Firm initiated,2018-01-02,2018-02-14,2018-02-06,2019-09-19
N301 County Road H,Palmyra,Class III,"Lot #1139, Smoked on: 08/09/17, Sell Through: 09/04/17",United States,IL,77944,E-Mail,"Whole Foods Smoked Whitefish Fillet, packed in bulk boxes.  Labeling states: Smoked on: 08/09/17, Sell Through: 09/04/17.  Smoked fish portions are placed inside of a box lined with a plastic bag, which is hand-tied when the box is filled.  Weights of each box vary.",53156,22.70lbs,Food,Rushing Waters Fisheries is recalling 3 smoked fish products because they may have been underprocessed.,F-3487-2017,"Rushing Waters Fisheries, LLC",WI,Terminated,Voluntary: Firm initiated,2017-08-11,2017-09-13,2017-09-01,2017-09-05
N9083 County Road Ef,Friesland,Class I,"Lots: 039008, 099008, 109008, 139007, 139008",United States,"IL, MI, PA, WI",89043,E-Mail,"Alsum Farms & Produce  Whole Red onions packaged in 2lb. (907g) bags,  UPC 39186-60101 Produce of Mexico.  Packed by Alsum Farms & Product, Inc., Friesland, WI  53935.",53935,"8,592 bags",Food,Onions are being recalled by Keeler Family Farms due to potential Salmonella contamination.,F-0227-2022,"Alsum Farms & Produce, Inc.",WI,Terminated,Voluntary: Firm initiated,2021-11-02,2021-12-08,2021-11-30,2022-01-13
o-197 Steele st NW,Grand Rapids,Class II,expiration date between Jan 2013 and March 2016.,United States,nationwide,64831,Telephone,"All Natural Whey - Natural Flavor 1.89 LBS: Whey Protein Concentrate and Isolate, Casein/Caseinate, Nitrozyme    UPC 6-09492 72000-9 :",49534-8710,24924,Food,"Source of whey ingredient not listed as milk, an allergen.  Consumers who have an allergy or severe sensitivity to milk run the risk of a serious or life-threatening allergic reaction if they consume these products.",F-1478-2013,"Chemi- Source Inc, Nutra Pak",MI,Terminated,Voluntary: Firm initiated,2013-04-02,2013-06-12,2013-06-06,2014-04-15
Simcoe Creed Rd,White Swan,Class II,Any production codes starting with OC.  The last date of distribution of recalled products was September 2015.,United States,Oregon and Washington,72580,Telephone,"Fancy Chinook (salmon), Sockeye Suzy Fish brand, metal can with a net weight of 6 oz. UPC 7 48252 67292 6",98952,"13,281 cans (total)",Food,Product has the potential to be contaminated with Clostridium botulinum.,F-0353-2016,Sockeye Suzys Fish LLC,WA,Terminated,Voluntary: Firm initiated,2015-09-27,2016-01-20,2016-01-14,2017-01-27
Simcoe Creed Rd,White Swan,Class II,Any production codes starting with OC.  The last date of distribution of recalled products was September 2015.,United States,Oregon and Washington,72580,Telephone,"Smoked Garlic Steelhead, Sockeye Suzy Fish brand, metal can with a net weight of 6 oz. UPC 7 48252 67362 6",98952,"13,281 cans (total)",Food,Product has the potential to be contaminated with Clostridium botulinum.,F-0363-2016,Sockeye Suzys Fish LLC,WA,Terminated,Voluntary: Firm initiated,2015-09-27,2016-01-20,2016-01-14,2017-01-27
Urbanizacion Industrial Lote H,Ponce,Class II,Lot numbers:  11625 12725 21325 40725 50625 52625 60925 71525 80425 91624 91825 92925 103025 111124 111325 112524 121624 062425,United States,"GA, TX, MA, IL, MD, USVI and Puerto Rico. Foreign Panama and BVI",98174,E-Mail,"Vanilla Econo, Galletas de Vainilla, 8 paquets per Net Wt. 9.6 oz box (272 g), 6 box per case. UPC 072981005022",00715,"22,114 units",Food,"Undeclared colors FD&C Yellow #6, and FD&C Red 40",H-0360-2026,Rovira Biscuit Corporation,PR,Terminated,Voluntary: Firm initiated,2025-12-17,2026-01-14,2026-01-05,2026-04-07
Zona Industrial Machuchal,Sabana Grande,Class II,Lots: 15280 and 16118,United States,Puerto Rico only.,74684,Letter,"Product label reads in part: ""MR.SPECIAL PANCAKES***PANCAKES & WAFFLE MIX***Peso Neto/Net Weight 11 gr""",00637,163 boxes of 12 (16 oz) canister each,Food,Undeclared allergen: Soy lecithin,F-2059-2016,"Productos La Finca, Inc.",PR,Terminated,Voluntary: Firm initiated,2016-07-12,2016-09-14,2016-09-02,2017-07-03
